2026-01-22 10:17:42,105 - INFO - ag_ui_adk.session_manager - Cleanup task cancelled
2026-01-22 10:17:48,337 - INFO - ag_ui_adk.session_manager - Initialized SessionManager - timeout: 1200s, cleanup: 300s, max/user: unlimited, memory: enabled
2026-01-22 11:42:23,653 - INFO - ag_ui_adk.session_manager - Initialized SessionManager - timeout: 1200s, cleanup: 300s, max/user: unlimited, memory: enabled
2026-01-22 11:44:21,521 - DEBUG - ag_ui_adk.adk_agent - [RUN_LOOP] Starting message loop for thread=3cdee6da-c833-4872-bcfe-fa9459f0dd24, total_unseen=1, starting_index=0
2026-01-22 11:44:21,522 - DEBUG - ag_ui_adk.adk_agent - [RUN_LOOP] Calling _start_new_execution with message_batch of 1 messages
2026-01-22 11:44:21,522 - DEBUG - ag_ui_adk.adk_agent - Emitting RUN_STARTED for thread 3cdee6da-c833-4872-bcfe-fa9459f0dd24, run a271781d-712b-484d-bcc5-454116193394
2026-01-22 11:44:21,523 - DEBUG - ag_ui_adk.endpoint - HTTP Response: data: {"type":"RUN_STARTED","threadId":"3cdee6da-c833-4872-bcfe-fa9459f0dd24","runId":"a271781d-712b-484d-bcc5-454116193394"}


2026-01-22 11:44:21,523 - DEBUG - ag_ui_adk.adk_agent - Created event queue 4899570704 for thread 3cdee6da-c833-4872-bcfe-fa9459f0dd24
2026-01-22 11:44:21,523 - DEBUG - ag_ui_adk.adk_agent - Creating background task for thread 3cdee6da-c833-4872-bcfe-fa9459f0dd24
2026-01-22 11:44:21,523 - DEBUG - ag_ui_adk.adk_agent - Background task created for thread 3cdee6da-c833-4872-bcfe-fa9459f0dd24: <Task pending name='Task-6' coro=<ADKAgent._run_adk_in_background() running at /Users/suraj-kum/Documents/hcl/ai/ucp/samples/rest/python/client/flower_shop/.venv/lib/python3.13/site-packages/ag_ui_adk/adk_agent.py:1330>>
2026-01-22 11:44:21,523 - DEBUG - ag_ui_adk.execution_state - Created execution state for thread 3cdee6da-c833-4872-bcfe-fa9459f0dd24
2026-01-22 11:44:21,523 - DEBUG - ag_ui_adk.adk_agent - Starting to stream events for execution 3cdee6da-c833-4872-bcfe-fa9459f0dd24
2026-01-22 11:44:21,523 - DEBUG - ag_ui_adk.adk_agent - About to iterate over _stream_events for execution 3cdee6da-c833-4872-bcfe-fa9459f0dd24
2026-01-22 11:44:21,523 - DEBUG - ag_ui_adk.adk_agent - Starting _stream_events for thread 3cdee6da-c833-4872-bcfe-fa9459f0dd24, queue ID: 4899570704
2026-01-22 11:44:21,523 - DEBUG - ag_ui_adk.adk_agent - Waiting for event from queue (thread 3cdee6da-c833-4872-bcfe-fa9459f0dd24, queue size: 0)
2026-01-22 11:44:21,523 - DEBUG - ag_ui_adk.adk_agent - [BG_EXEC] _run_adk_in_background called for thread=3cdee6da-c833-4872-bcfe-fa9459f0dd24
2026-01-22 11:44:21,523 - DEBUG - ag_ui_adk.adk_agent - [BG_EXEC]   tool_results=0, message_batch=1
2026-01-22 11:44:21,523 - INFO - ag_ui_adk.session_manager - Created new session for thread 3cdee6da-c833-4872-bcfe-fa9459f0dd24: 1dfcd119-dc2e-410b-b5ea-ba1cdae2c764
2026-01-22 11:44:21,524 - DEBUG - ag_ui_adk.session_manager - Started session cleanup task 4898143792 for SessionManager 4897565600
2026-01-22 11:44:21,524 - DEBUG - ag_ui_adk.adk_agent - Session ready for thread 3cdee6da-c833-4872-bcfe-fa9459f0dd24: 1dfcd119-dc2e-410b-b5ea-ba1cdae2c764
2026-01-22 11:44:21,524 - DEBUG - ag_ui_adk.session_manager - No state updates provided for session: agents:1dfcd119-dc2e-410b-b5ea-ba1cdae2c764
2026-01-22 11:44:21,538 - DEBUG - ag_ui_adk.session_manager - Cleanup loop started for SessionManager 4897565600
2026-01-22 11:44:22,524 - DEBUG - ag_ui_adk.adk_agent - Timeout #1 waiting for events (thread 3cdee6da-c833-4872-bcfe-fa9459f0dd24, task done: False, queue size: 0)
2026-01-22 11:44:22,524 - DEBUG - ag_ui_adk.adk_agent - Waiting for event from queue (thread 3cdee6da-c833-4872-bcfe-fa9459f0dd24, queue size: 0)
2026-01-22 11:44:23,525 - DEBUG - ag_ui_adk.adk_agent - Timeout #2 waiting for events (thread 3cdee6da-c833-4872-bcfe-fa9459f0dd24, task done: False, queue size: 0)
2026-01-22 11:44:23,525 - DEBUG - ag_ui_adk.adk_agent - Waiting for event from queue (thread 3cdee6da-c833-4872-bcfe-fa9459f0dd24, queue size: 0)
2026-01-22 11:44:24,527 - DEBUG - ag_ui_adk.adk_agent - Timeout #3 waiting for events (thread 3cdee6da-c833-4872-bcfe-fa9459f0dd24, task done: False, queue size: 0)
2026-01-22 11:44:24,527 - DEBUG - ag_ui_adk.adk_agent - Waiting for event from queue (thread 3cdee6da-c833-4872-bcfe-fa9459f0dd24, queue size: 0)
2026-01-22 11:44:25,527 - DEBUG - ag_ui_adk.adk_agent - Timeout #4 waiting for events (thread 3cdee6da-c833-4872-bcfe-fa9459f0dd24, task done: False, queue size: 0)
2026-01-22 11:44:25,527 - DEBUG - ag_ui_adk.adk_agent - Waiting for event from queue (thread 3cdee6da-c833-4872-bcfe-fa9459f0dd24, queue size: 0)
2026-01-22 11:44:26,528 - DEBUG - ag_ui_adk.adk_agent - Timeout #5 waiting for events (thread 3cdee6da-c833-4872-bcfe-fa9459f0dd24, task done: False, queue size: 0)
2026-01-22 11:44:26,528 - DEBUG - ag_ui_adk.adk_agent - Waiting for event from queue (thread 3cdee6da-c833-4872-bcfe-fa9459f0dd24, queue size: 0)
2026-01-22 11:44:27,528 - DEBUG - ag_ui_adk.adk_agent - Timeout #6 waiting for events (thread 3cdee6da-c833-4872-bcfe-fa9459f0dd24, task done: False, queue size: 0)
2026-01-22 11:44:27,528 - DEBUG - ag_ui_adk.adk_agent - Waiting for event from queue (thread 3cdee6da-c833-4872-bcfe-fa9459f0dd24, queue size: 0)
2026-01-22 11:44:28,529 - DEBUG - ag_ui_adk.adk_agent - Timeout #7 waiting for events (thread 3cdee6da-c833-4872-bcfe-fa9459f0dd24, task done: False, queue size: 0)
2026-01-22 11:44:28,529 - DEBUG - ag_ui_adk.adk_agent - Waiting for event from queue (thread 3cdee6da-c833-4872-bcfe-fa9459f0dd24, queue size: 0)
2026-01-22 11:44:29,529 - DEBUG - ag_ui_adk.adk_agent - Timeout #8 waiting for events (thread 3cdee6da-c833-4872-bcfe-fa9459f0dd24, task done: False, queue size: 0)
2026-01-22 11:44:29,529 - DEBUG - ag_ui_adk.adk_agent - Waiting for event from queue (thread 3cdee6da-c833-4872-bcfe-fa9459f0dd24, queue size: 0)
2026-01-22 11:44:30,530 - DEBUG - ag_ui_adk.adk_agent - Timeout #9 waiting for events (thread 3cdee6da-c833-4872-bcfe-fa9459f0dd24, task done: False, queue size: 0)
2026-01-22 11:44:30,530 - DEBUG - ag_ui_adk.adk_agent - Waiting for event from queue (thread 3cdee6da-c833-4872-bcfe-fa9459f0dd24, queue size: 0)
2026-01-22 11:44:31,530 - DEBUG - ag_ui_adk.adk_agent - Timeout #10 waiting for events (thread 3cdee6da-c833-4872-bcfe-fa9459f0dd24, task done: False, queue size: 0)
2026-01-22 11:44:31,530 - DEBUG - ag_ui_adk.adk_agent - Waiting for event from queue (thread 3cdee6da-c833-4872-bcfe-fa9459f0dd24, queue size: 0)
2026-01-22 11:44:32,532 - DEBUG - ag_ui_adk.adk_agent - Timeout #11 waiting for events (thread 3cdee6da-c833-4872-bcfe-fa9459f0dd24, task done: False, queue size: 0)
2026-01-22 11:44:32,532 - DEBUG - ag_ui_adk.adk_agent - Waiting for event from queue (thread 3cdee6da-c833-4872-bcfe-fa9459f0dd24, queue size: 0)
2026-01-22 11:44:33,533 - DEBUG - ag_ui_adk.adk_agent - Timeout #12 waiting for events (thread 3cdee6da-c833-4872-bcfe-fa9459f0dd24, task done: False, queue size: 0)
2026-01-22 11:44:33,533 - DEBUG - ag_ui_adk.adk_agent - Waiting for event from queue (thread 3cdee6da-c833-4872-bcfe-fa9459f0dd24, queue size: 0)
2026-01-22 11:44:34,534 - DEBUG - ag_ui_adk.adk_agent - Timeout #13 waiting for events (thread 3cdee6da-c833-4872-bcfe-fa9459f0dd24, task done: False, queue size: 0)
2026-01-22 11:44:34,534 - DEBUG - ag_ui_adk.adk_agent - Waiting for event from queue (thread 3cdee6da-c833-4872-bcfe-fa9459f0dd24, queue size: 0)
2026-01-22 11:44:35,535 - DEBUG - ag_ui_adk.adk_agent - Timeout #14 waiting for events (thread 3cdee6da-c833-4872-bcfe-fa9459f0dd24, task done: False, queue size: 0)
2026-01-22 11:44:35,535 - DEBUG - ag_ui_adk.adk_agent - Waiting for event from queue (thread 3cdee6da-c833-4872-bcfe-fa9459f0dd24, queue size: 0)
2026-01-22 11:44:36,535 - DEBUG - ag_ui_adk.adk_agent - Timeout #15 waiting for events (thread 3cdee6da-c833-4872-bcfe-fa9459f0dd24, task done: False, queue size: 0)
2026-01-22 11:44:36,535 - DEBUG - ag_ui_adk.adk_agent - Waiting for event from queue (thread 3cdee6da-c833-4872-bcfe-fa9459f0dd24, queue size: 0)
2026-01-22 11:44:37,535 - DEBUG - ag_ui_adk.adk_agent - Timeout #16 waiting for events (thread 3cdee6da-c833-4872-bcfe-fa9459f0dd24, task done: False, queue size: 0)
2026-01-22 11:44:37,535 - DEBUG - ag_ui_adk.adk_agent - Waiting for event from queue (thread 3cdee6da-c833-4872-bcfe-fa9459f0dd24, queue size: 0)
2026-01-22 11:44:38,536 - DEBUG - ag_ui_adk.adk_agent - Timeout #17 waiting for events (thread 3cdee6da-c833-4872-bcfe-fa9459f0dd24, task done: False, queue size: 0)
2026-01-22 11:44:38,536 - DEBUG - ag_ui_adk.adk_agent - Waiting for event from queue (thread 3cdee6da-c833-4872-bcfe-fa9459f0dd24, queue size: 0)
2026-01-22 11:44:39,538 - DEBUG - ag_ui_adk.adk_agent - Timeout #18 waiting for events (thread 3cdee6da-c833-4872-bcfe-fa9459f0dd24, task done: False, queue size: 0)
2026-01-22 11:44:39,538 - DEBUG - ag_ui_adk.adk_agent - Waiting for event from queue (thread 3cdee6da-c833-4872-bcfe-fa9459f0dd24, queue size: 0)
2026-01-22 11:44:40,539 - DEBUG - ag_ui_adk.adk_agent - Timeout #19 waiting for events (thread 3cdee6da-c833-4872-bcfe-fa9459f0dd24, task done: False, queue size: 0)
2026-01-22 11:44:40,539 - DEBUG - ag_ui_adk.adk_agent - Waiting for event from queue (thread 3cdee6da-c833-4872-bcfe-fa9459f0dd24, queue size: 0)
2026-01-22 11:44:41,539 - DEBUG - ag_ui_adk.adk_agent - Timeout #20 waiting for events (thread 3cdee6da-c833-4872-bcfe-fa9459f0dd24, task done: False, queue size: 0)
2026-01-22 11:44:41,539 - DEBUG - ag_ui_adk.adk_agent - Waiting for event from queue (thread 3cdee6da-c833-4872-bcfe-fa9459f0dd24, queue size: 0)
2026-01-22 11:44:42,540 - DEBUG - ag_ui_adk.adk_agent - Timeout #21 waiting for events (thread 3cdee6da-c833-4872-bcfe-fa9459f0dd24, task done: False, queue size: 0)
2026-01-22 11:44:42,540 - DEBUG - ag_ui_adk.adk_agent - Waiting for event from queue (thread 3cdee6da-c833-4872-bcfe-fa9459f0dd24, queue size: 0)
2026-01-22 11:44:43,541 - DEBUG - ag_ui_adk.adk_agent - Timeout #22 waiting for events (thread 3cdee6da-c833-4872-bcfe-fa9459f0dd24, task done: False, queue size: 0)
2026-01-22 11:44:43,542 - DEBUG - ag_ui_adk.adk_agent - Waiting for event from queue (thread 3cdee6da-c833-4872-bcfe-fa9459f0dd24, queue size: 0)
2026-01-22 11:44:44,543 - DEBUG - ag_ui_adk.adk_agent - Timeout #23 waiting for events (thread 3cdee6da-c833-4872-bcfe-fa9459f0dd24, task done: False, queue size: 0)
2026-01-22 11:44:44,543 - DEBUG - ag_ui_adk.adk_agent - Waiting for event from queue (thread 3cdee6da-c833-4872-bcfe-fa9459f0dd24, queue size: 0)
2026-01-22 11:44:45,544 - DEBUG - ag_ui_adk.adk_agent - Timeout #24 waiting for events (thread 3cdee6da-c833-4872-bcfe-fa9459f0dd24, task done: False, queue size: 0)
2026-01-22 11:44:45,544 - DEBUG - ag_ui_adk.adk_agent - Waiting for event from queue (thread 3cdee6da-c833-4872-bcfe-fa9459f0dd24, queue size: 0)
2026-01-22 11:44:46,545 - DEBUG - ag_ui_adk.adk_agent - Timeout #25 waiting for events (thread 3cdee6da-c833-4872-bcfe-fa9459f0dd24, task done: False, queue size: 0)
2026-01-22 11:44:46,545 - DEBUG - ag_ui_adk.adk_agent - Waiting for event from queue (thread 3cdee6da-c833-4872-bcfe-fa9459f0dd24, queue size: 0)
2026-01-22 11:44:46,926 - DEBUG - ag_ui_adk.adk_agent - Emitting event to queue: TextMessageStartEvent (thread 3cdee6da-c833-4872-bcfe-fa9459f0dd24, queue size before: 0)
2026-01-22 11:44:46,926 - DEBUG - ag_ui_adk.adk_agent - Event queued: TextMessageStartEvent (thread 3cdee6da-c833-4872-bcfe-fa9459f0dd24, queue size after: 1)
2026-01-22 11:44:46,926 - DEBUG - ag_ui_adk.adk_agent - Emitting event to queue: TextMessageContentEvent (thread 3cdee6da-c833-4872-bcfe-fa9459f0dd24, queue size before: 1)
2026-01-22 11:44:46,926 - DEBUG - ag_ui_adk.adk_agent - Event queued: TextMessageContentEvent (thread 3cdee6da-c833-4872-bcfe-fa9459f0dd24, queue size after: 2)
2026-01-22 11:44:46,927 - DEBUG - ag_ui_adk.adk_agent - Emitting event to queue: TextMessageContentEvent (thread 3cdee6da-c833-4872-bcfe-fa9459f0dd24, queue size before: 2)
2026-01-22 11:44:46,927 - DEBUG - ag_ui_adk.adk_agent - Event queued: TextMessageContentEvent (thread 3cdee6da-c833-4872-bcfe-fa9459f0dd24, queue size after: 3)
2026-01-22 11:44:46,927 - DEBUG - ag_ui_adk.adk_agent - Emitting event to queue: TextMessageContentEvent (thread 3cdee6da-c833-4872-bcfe-fa9459f0dd24, queue size before: 3)
2026-01-22 11:44:46,927 - DEBUG - ag_ui_adk.adk_agent - Event queued: TextMessageContentEvent (thread 3cdee6da-c833-4872-bcfe-fa9459f0dd24, queue size after: 4)
2026-01-22 11:44:46,928 - DEBUG - ag_ui_adk.adk_agent - Emitting event to queue: TextMessageContentEvent (thread 3cdee6da-c833-4872-bcfe-fa9459f0dd24, queue size before: 4)
2026-01-22 11:44:46,928 - DEBUG - ag_ui_adk.adk_agent - Event queued: TextMessageContentEvent (thread 3cdee6da-c833-4872-bcfe-fa9459f0dd24, queue size after: 5)
2026-01-22 11:44:46,929 - DEBUG - ag_ui_adk.adk_agent - Emitting event to queue: TextMessageContentEvent (thread 3cdee6da-c833-4872-bcfe-fa9459f0dd24, queue size before: 5)
2026-01-22 11:44:46,929 - DEBUG - ag_ui_adk.adk_agent - Event queued: TextMessageContentEvent (thread 3cdee6da-c833-4872-bcfe-fa9459f0dd24, queue size after: 6)
2026-01-22 11:44:46,929 - DEBUG - ag_ui_adk.adk_agent - Emitting event to queue: TextMessageContentEvent (thread 3cdee6da-c833-4872-bcfe-fa9459f0dd24, queue size before: 6)
2026-01-22 11:44:46,929 - DEBUG - ag_ui_adk.adk_agent - Event queued: TextMessageContentEvent (thread 3cdee6da-c833-4872-bcfe-fa9459f0dd24, queue size after: 7)
2026-01-22 11:44:46,930 - DEBUG - ag_ui_adk.adk_agent - Emitting event to queue: TextMessageContentEvent (thread 3cdee6da-c833-4872-bcfe-fa9459f0dd24, queue size before: 7)
2026-01-22 11:44:46,930 - DEBUG - ag_ui_adk.adk_agent - Event queued: TextMessageContentEvent (thread 3cdee6da-c833-4872-bcfe-fa9459f0dd24, queue size after: 8)
2026-01-22 11:44:46,931 - DEBUG - ag_ui_adk.adk_agent - Emitting event to queue: TextMessageContentEvent (thread 3cdee6da-c833-4872-bcfe-fa9459f0dd24, queue size before: 8)
2026-01-22 11:44:46,931 - DEBUG - ag_ui_adk.adk_agent - Event queued: TextMessageContentEvent (thread 3cdee6da-c833-4872-bcfe-fa9459f0dd24, queue size after: 9)
2026-01-22 11:44:46,931 - DEBUG - ag_ui_adk.adk_agent - Emitting event to queue: TextMessageContentEvent (thread 3cdee6da-c833-4872-bcfe-fa9459f0dd24, queue size before: 9)
2026-01-22 11:44:46,931 - DEBUG - ag_ui_adk.adk_agent - Event queued: TextMessageContentEvent (thread 3cdee6da-c833-4872-bcfe-fa9459f0dd24, queue size after: 10)
2026-01-22 11:44:46,932 - DEBUG - ag_ui_adk.adk_agent - Emitting event to queue: TextMessageContentEvent (thread 3cdee6da-c833-4872-bcfe-fa9459f0dd24, queue size before: 10)
2026-01-22 11:44:46,932 - DEBUG - ag_ui_adk.adk_agent - Event queued: TextMessageContentEvent (thread 3cdee6da-c833-4872-bcfe-fa9459f0dd24, queue size after: 11)
2026-01-22 11:44:46,932 - DEBUG - ag_ui_adk.adk_agent - Emitting event to queue: TextMessageContentEvent (thread 3cdee6da-c833-4872-bcfe-fa9459f0dd24, queue size before: 11)
2026-01-22 11:44:46,932 - DEBUG - ag_ui_adk.adk_agent - Event queued: TextMessageContentEvent (thread 3cdee6da-c833-4872-bcfe-fa9459f0dd24, queue size after: 12)
2026-01-22 11:44:46,932 - DEBUG - ag_ui_adk.adk_agent - Emitting event to queue: TextMessageContentEvent (thread 3cdee6da-c833-4872-bcfe-fa9459f0dd24, queue size before: 12)
2026-01-22 11:44:46,932 - DEBUG - ag_ui_adk.adk_agent - Event queued: TextMessageContentEvent (thread 3cdee6da-c833-4872-bcfe-fa9459f0dd24, queue size after: 13)
2026-01-22 11:44:46,933 - DEBUG - ag_ui_adk.adk_agent - Emitting event to queue: TextMessageContentEvent (thread 3cdee6da-c833-4872-bcfe-fa9459f0dd24, queue size before: 13)
2026-01-22 11:44:46,933 - DEBUG - ag_ui_adk.adk_agent - Event queued: TextMessageContentEvent (thread 3cdee6da-c833-4872-bcfe-fa9459f0dd24, queue size after: 14)
2026-01-22 11:44:46,933 - DEBUG - ag_ui_adk.adk_agent - Emitting event to queue: TextMessageContentEvent (thread 3cdee6da-c833-4872-bcfe-fa9459f0dd24, queue size before: 14)
2026-01-22 11:44:46,933 - DEBUG - ag_ui_adk.adk_agent - Event queued: TextMessageContentEvent (thread 3cdee6da-c833-4872-bcfe-fa9459f0dd24, queue size after: 15)
2026-01-22 11:44:46,934 - DEBUG - ag_ui_adk.adk_agent - Emitting event to queue: TextMessageContentEvent (thread 3cdee6da-c833-4872-bcfe-fa9459f0dd24, queue size before: 15)
2026-01-22 11:44:46,934 - DEBUG - ag_ui_adk.adk_agent - Event queued: TextMessageContentEvent (thread 3cdee6da-c833-4872-bcfe-fa9459f0dd24, queue size after: 16)
2026-01-22 11:44:46,934 - DEBUG - ag_ui_adk.adk_agent - Emitting event to queue: TextMessageContentEvent (thread 3cdee6da-c833-4872-bcfe-fa9459f0dd24, queue size before: 16)
2026-01-22 11:44:46,934 - DEBUG - ag_ui_adk.adk_agent - Event queued: TextMessageContentEvent (thread 3cdee6da-c833-4872-bcfe-fa9459f0dd24, queue size after: 17)
2026-01-22 11:44:46,934 - DEBUG - ag_ui_adk.adk_agent - Emitting event to queue: TextMessageContentEvent (thread 3cdee6da-c833-4872-bcfe-fa9459f0dd24, queue size before: 17)
2026-01-22 11:44:46,934 - DEBUG - ag_ui_adk.adk_agent - Event queued: TextMessageContentEvent (thread 3cdee6da-c833-4872-bcfe-fa9459f0dd24, queue size after: 18)
2026-01-22 11:44:46,935 - DEBUG - ag_ui_adk.adk_agent - Emitting event to queue: TextMessageContentEvent (thread 3cdee6da-c833-4872-bcfe-fa9459f0dd24, queue size before: 18)
2026-01-22 11:44:46,935 - DEBUG - ag_ui_adk.adk_agent - Event queued: TextMessageContentEvent (thread 3cdee6da-c833-4872-bcfe-fa9459f0dd24, queue size after: 19)
2026-01-22 11:44:46,936 - DEBUG - ag_ui_adk.adk_agent - Emitting event to queue: TextMessageContentEvent (thread 3cdee6da-c833-4872-bcfe-fa9459f0dd24, queue size before: 19)
2026-01-22 11:44:46,936 - DEBUG - ag_ui_adk.adk_agent - Event queued: TextMessageContentEvent (thread 3cdee6da-c833-4872-bcfe-fa9459f0dd24, queue size after: 20)
2026-01-22 11:44:46,936 - DEBUG - ag_ui_adk.adk_agent - Emitting event to queue: TextMessageContentEvent (thread 3cdee6da-c833-4872-bcfe-fa9459f0dd24, queue size before: 20)
2026-01-22 11:44:46,936 - DEBUG - ag_ui_adk.adk_agent - Event queued: TextMessageContentEvent (thread 3cdee6da-c833-4872-bcfe-fa9459f0dd24, queue size after: 21)
2026-01-22 11:44:46,937 - DEBUG - ag_ui_adk.adk_agent - Emitting event to queue: TextMessageContentEvent (thread 3cdee6da-c833-4872-bcfe-fa9459f0dd24, queue size before: 21)
2026-01-22 11:44:46,937 - DEBUG - ag_ui_adk.adk_agent - Event queued: TextMessageContentEvent (thread 3cdee6da-c833-4872-bcfe-fa9459f0dd24, queue size after: 22)
2026-01-22 11:44:46,937 - DEBUG - ag_ui_adk.adk_agent - Emitting event to queue: TextMessageContentEvent (thread 3cdee6da-c833-4872-bcfe-fa9459f0dd24, queue size before: 22)
2026-01-22 11:44:46,937 - DEBUG - ag_ui_adk.adk_agent - Event queued: TextMessageContentEvent (thread 3cdee6da-c833-4872-bcfe-fa9459f0dd24, queue size after: 23)
2026-01-22 11:44:46,937 - DEBUG - ag_ui_adk.adk_agent - Emitting event to queue: TextMessageContentEvent (thread 3cdee6da-c833-4872-bcfe-fa9459f0dd24, queue size before: 23)
2026-01-22 11:44:46,937 - DEBUG - ag_ui_adk.adk_agent - Event queued: TextMessageContentEvent (thread 3cdee6da-c833-4872-bcfe-fa9459f0dd24, queue size after: 24)
2026-01-22 11:44:46,938 - DEBUG - ag_ui_adk.adk_agent - Emitting event to queue: TextMessageContentEvent (thread 3cdee6da-c833-4872-bcfe-fa9459f0dd24, queue size before: 24)
2026-01-22 11:44:46,938 - DEBUG - ag_ui_adk.adk_agent - Event queued: TextMessageContentEvent (thread 3cdee6da-c833-4872-bcfe-fa9459f0dd24, queue size after: 25)
2026-01-22 11:44:46,938 - DEBUG - ag_ui_adk.adk_agent - Emitting event to queue: TextMessageContentEvent (thread 3cdee6da-c833-4872-bcfe-fa9459f0dd24, queue size before: 25)
2026-01-22 11:44:46,938 - DEBUG - ag_ui_adk.adk_agent - Event queued: TextMessageContentEvent (thread 3cdee6da-c833-4872-bcfe-fa9459f0dd24, queue size after: 26)
2026-01-22 11:44:46,939 - DEBUG - ag_ui_adk.adk_agent - Emitting event to queue: TextMessageContentEvent (thread 3cdee6da-c833-4872-bcfe-fa9459f0dd24, queue size before: 26)
2026-01-22 11:44:46,939 - DEBUG - ag_ui_adk.adk_agent - Event queued: TextMessageContentEvent (thread 3cdee6da-c833-4872-bcfe-fa9459f0dd24, queue size after: 27)
2026-01-22 11:44:46,939 - DEBUG - ag_ui_adk.adk_agent - Emitting event to queue: TextMessageContentEvent (thread 3cdee6da-c833-4872-bcfe-fa9459f0dd24, queue size before: 27)
2026-01-22 11:44:46,939 - DEBUG - ag_ui_adk.adk_agent - Event queued: TextMessageContentEvent (thread 3cdee6da-c833-4872-bcfe-fa9459f0dd24, queue size after: 28)
2026-01-22 11:44:46,940 - DEBUG - ag_ui_adk.adk_agent - Emitting event to queue: TextMessageContentEvent (thread 3cdee6da-c833-4872-bcfe-fa9459f0dd24, queue size before: 28)
2026-01-22 11:44:46,940 - DEBUG - ag_ui_adk.adk_agent - Event queued: TextMessageContentEvent (thread 3cdee6da-c833-4872-bcfe-fa9459f0dd24, queue size after: 29)
2026-01-22 11:44:46,940 - DEBUG - ag_ui_adk.adk_agent - Emitting event to queue: TextMessageContentEvent (thread 3cdee6da-c833-4872-bcfe-fa9459f0dd24, queue size before: 29)
2026-01-22 11:44:46,940 - DEBUG - ag_ui_adk.adk_agent - Event queued: TextMessageContentEvent (thread 3cdee6da-c833-4872-bcfe-fa9459f0dd24, queue size after: 30)
2026-01-22 11:44:46,941 - DEBUG - ag_ui_adk.adk_agent - Emitting event to queue: TextMessageContentEvent (thread 3cdee6da-c833-4872-bcfe-fa9459f0dd24, queue size before: 30)
2026-01-22 11:44:46,941 - DEBUG - ag_ui_adk.adk_agent - Event queued: TextMessageContentEvent (thread 3cdee6da-c833-4872-bcfe-fa9459f0dd24, queue size after: 31)
2026-01-22 11:44:46,941 - DEBUG - ag_ui_adk.adk_agent - Emitting event to queue: TextMessageContentEvent (thread 3cdee6da-c833-4872-bcfe-fa9459f0dd24, queue size before: 31)
2026-01-22 11:44:46,941 - DEBUG - ag_ui_adk.adk_agent - Event queued: TextMessageContentEvent (thread 3cdee6da-c833-4872-bcfe-fa9459f0dd24, queue size after: 32)
2026-01-22 11:44:46,942 - DEBUG - ag_ui_adk.adk_agent - Emitting event to queue: TextMessageContentEvent (thread 3cdee6da-c833-4872-bcfe-fa9459f0dd24, queue size before: 32)
2026-01-22 11:44:46,942 - DEBUG - ag_ui_adk.adk_agent - Event queued: TextMessageContentEvent (thread 3cdee6da-c833-4872-bcfe-fa9459f0dd24, queue size after: 33)
2026-01-22 11:44:46,942 - DEBUG - ag_ui_adk.adk_agent - Emitting event to queue: TextMessageContentEvent (thread 3cdee6da-c833-4872-bcfe-fa9459f0dd24, queue size before: 33)
2026-01-22 11:44:46,942 - DEBUG - ag_ui_adk.adk_agent - Event queued: TextMessageContentEvent (thread 3cdee6da-c833-4872-bcfe-fa9459f0dd24, queue size after: 34)
2026-01-22 11:44:46,943 - DEBUG - ag_ui_adk.adk_agent - Emitting event to queue: TextMessageContentEvent (thread 3cdee6da-c833-4872-bcfe-fa9459f0dd24, queue size before: 34)
2026-01-22 11:44:46,943 - DEBUG - ag_ui_adk.adk_agent - Event queued: TextMessageContentEvent (thread 3cdee6da-c833-4872-bcfe-fa9459f0dd24, queue size after: 35)
2026-01-22 11:44:46,943 - DEBUG - ag_ui_adk.adk_agent - Emitting event to queue: TextMessageContentEvent (thread 3cdee6da-c833-4872-bcfe-fa9459f0dd24, queue size before: 35)
2026-01-22 11:44:46,943 - DEBUG - ag_ui_adk.adk_agent - Event queued: TextMessageContentEvent (thread 3cdee6da-c833-4872-bcfe-fa9459f0dd24, queue size after: 36)
2026-01-22 11:44:46,943 - DEBUG - ag_ui_adk.adk_agent - Emitting event to queue: TextMessageContentEvent (thread 3cdee6da-c833-4872-bcfe-fa9459f0dd24, queue size before: 36)
2026-01-22 11:44:46,943 - DEBUG - ag_ui_adk.adk_agent - Event queued: TextMessageContentEvent (thread 3cdee6da-c833-4872-bcfe-fa9459f0dd24, queue size after: 37)
2026-01-22 11:44:46,944 - DEBUG - ag_ui_adk.adk_agent - Emitting event to queue: TextMessageContentEvent (thread 3cdee6da-c833-4872-bcfe-fa9459f0dd24, queue size before: 37)
2026-01-22 11:44:46,944 - DEBUG - ag_ui_adk.adk_agent - Event queued: TextMessageContentEvent (thread 3cdee6da-c833-4872-bcfe-fa9459f0dd24, queue size after: 38)
2026-01-22 11:44:46,944 - DEBUG - ag_ui_adk.adk_agent - Emitting event to queue: TextMessageContentEvent (thread 3cdee6da-c833-4872-bcfe-fa9459f0dd24, queue size before: 38)
2026-01-22 11:44:46,944 - DEBUG - ag_ui_adk.adk_agent - Event queued: TextMessageContentEvent (thread 3cdee6da-c833-4872-bcfe-fa9459f0dd24, queue size after: 39)
2026-01-22 11:44:46,944 - DEBUG - ag_ui_adk.adk_agent - Emitting event to queue: TextMessageContentEvent (thread 3cdee6da-c833-4872-bcfe-fa9459f0dd24, queue size before: 39)
2026-01-22 11:44:46,944 - DEBUG - ag_ui_adk.adk_agent - Event queued: TextMessageContentEvent (thread 3cdee6da-c833-4872-bcfe-fa9459f0dd24, queue size after: 40)
2026-01-22 11:44:46,945 - DEBUG - ag_ui_adk.adk_agent - Emitting event to queue: TextMessageContentEvent (thread 3cdee6da-c833-4872-bcfe-fa9459f0dd24, queue size before: 40)
2026-01-22 11:44:46,945 - DEBUG - ag_ui_adk.adk_agent - Event queued: TextMessageContentEvent (thread 3cdee6da-c833-4872-bcfe-fa9459f0dd24, queue size after: 41)
2026-01-22 11:44:46,946 - DEBUG - ag_ui_adk.adk_agent - Emitting event to queue: TextMessageContentEvent (thread 3cdee6da-c833-4872-bcfe-fa9459f0dd24, queue size before: 41)
2026-01-22 11:44:46,946 - DEBUG - ag_ui_adk.adk_agent - Event queued: TextMessageContentEvent (thread 3cdee6da-c833-4872-bcfe-fa9459f0dd24, queue size after: 42)
2026-01-22 11:44:46,946 - DEBUG - ag_ui_adk.adk_agent - Emitting event to queue: TextMessageContentEvent (thread 3cdee6da-c833-4872-bcfe-fa9459f0dd24, queue size before: 42)
2026-01-22 11:44:46,946 - DEBUG - ag_ui_adk.adk_agent - Event queued: TextMessageContentEvent (thread 3cdee6da-c833-4872-bcfe-fa9459f0dd24, queue size after: 43)
2026-01-22 11:44:46,947 - DEBUG - ag_ui_adk.adk_agent - Emitting event to queue: TextMessageContentEvent (thread 3cdee6da-c833-4872-bcfe-fa9459f0dd24, queue size before: 43)
2026-01-22 11:44:46,947 - DEBUG - ag_ui_adk.adk_agent - Event queued: TextMessageContentEvent (thread 3cdee6da-c833-4872-bcfe-fa9459f0dd24, queue size after: 44)
2026-01-22 11:44:46,947 - DEBUG - ag_ui_adk.adk_agent - Emitting event to queue: TextMessageContentEvent (thread 3cdee6da-c833-4872-bcfe-fa9459f0dd24, queue size before: 44)
2026-01-22 11:44:46,947 - DEBUG - ag_ui_adk.adk_agent - Event queued: TextMessageContentEvent (thread 3cdee6da-c833-4872-bcfe-fa9459f0dd24, queue size after: 45)
2026-01-22 11:44:46,947 - DEBUG - ag_ui_adk.adk_agent - Emitting event to queue: TextMessageContentEvent (thread 3cdee6da-c833-4872-bcfe-fa9459f0dd24, queue size before: 45)
2026-01-22 11:44:46,947 - DEBUG - ag_ui_adk.adk_agent - Event queued: TextMessageContentEvent (thread 3cdee6da-c833-4872-bcfe-fa9459f0dd24, queue size after: 46)
2026-01-22 11:44:46,948 - DEBUG - ag_ui_adk.adk_agent - Emitting event to queue: TextMessageContentEvent (thread 3cdee6da-c833-4872-bcfe-fa9459f0dd24, queue size before: 46)
2026-01-22 11:44:46,948 - DEBUG - ag_ui_adk.adk_agent - Event queued: TextMessageContentEvent (thread 3cdee6da-c833-4872-bcfe-fa9459f0dd24, queue size after: 47)
2026-01-22 11:44:46,948 - DEBUG - ag_ui_adk.adk_agent - Emitting event to queue: TextMessageContentEvent (thread 3cdee6da-c833-4872-bcfe-fa9459f0dd24, queue size before: 47)
2026-01-22 11:44:46,948 - DEBUG - ag_ui_adk.adk_agent - Event queued: TextMessageContentEvent (thread 3cdee6da-c833-4872-bcfe-fa9459f0dd24, queue size after: 48)
2026-01-22 11:44:46,949 - DEBUG - ag_ui_adk.adk_agent - Emitting event to queue: TextMessageContentEvent (thread 3cdee6da-c833-4872-bcfe-fa9459f0dd24, queue size before: 48)
2026-01-22 11:44:46,949 - DEBUG - ag_ui_adk.adk_agent - Event queued: TextMessageContentEvent (thread 3cdee6da-c833-4872-bcfe-fa9459f0dd24, queue size after: 49)
2026-01-22 11:44:46,949 - DEBUG - ag_ui_adk.adk_agent - Emitting event to queue: TextMessageContentEvent (thread 3cdee6da-c833-4872-bcfe-fa9459f0dd24, queue size before: 49)
2026-01-22 11:44:46,949 - DEBUG - ag_ui_adk.adk_agent - Event queued: TextMessageContentEvent (thread 3cdee6da-c833-4872-bcfe-fa9459f0dd24, queue size after: 50)
2026-01-22 11:44:46,949 - DEBUG - ag_ui_adk.adk_agent - Emitting event to queue: TextMessageContentEvent (thread 3cdee6da-c833-4872-bcfe-fa9459f0dd24, queue size before: 50)
2026-01-22 11:44:46,949 - DEBUG - ag_ui_adk.adk_agent - Event queued: TextMessageContentEvent (thread 3cdee6da-c833-4872-bcfe-fa9459f0dd24, queue size after: 51)
2026-01-22 11:44:46,950 - DEBUG - ag_ui_adk.adk_agent - Emitting event to queue: TextMessageContentEvent (thread 3cdee6da-c833-4872-bcfe-fa9459f0dd24, queue size before: 51)
2026-01-22 11:44:46,950 - DEBUG - ag_ui_adk.adk_agent - Event queued: TextMessageContentEvent (thread 3cdee6da-c833-4872-bcfe-fa9459f0dd24, queue size after: 52)
2026-01-22 11:44:46,950 - DEBUG - ag_ui_adk.adk_agent - Emitting event to queue: TextMessageContentEvent (thread 3cdee6da-c833-4872-bcfe-fa9459f0dd24, queue size before: 52)
2026-01-22 11:44:46,951 - DEBUG - ag_ui_adk.adk_agent - Event queued: TextMessageContentEvent (thread 3cdee6da-c833-4872-bcfe-fa9459f0dd24, queue size after: 53)
2026-01-22 11:44:46,951 - DEBUG - ag_ui_adk.adk_agent - Emitting event to queue: TextMessageContentEvent (thread 3cdee6da-c833-4872-bcfe-fa9459f0dd24, queue size before: 53)
2026-01-22 11:44:46,951 - DEBUG - ag_ui_adk.adk_agent - Event queued: TextMessageContentEvent (thread 3cdee6da-c833-4872-bcfe-fa9459f0dd24, queue size after: 54)
2026-01-22 11:44:46,951 - DEBUG - ag_ui_adk.adk_agent - Emitting event to queue: TextMessageContentEvent (thread 3cdee6da-c833-4872-bcfe-fa9459f0dd24, queue size before: 54)
2026-01-22 11:44:46,951 - DEBUG - ag_ui_adk.adk_agent - Event queued: TextMessageContentEvent (thread 3cdee6da-c833-4872-bcfe-fa9459f0dd24, queue size after: 55)
2026-01-22 11:44:46,952 - DEBUG - ag_ui_adk.adk_agent - Emitting event to queue: TextMessageContentEvent (thread 3cdee6da-c833-4872-bcfe-fa9459f0dd24, queue size before: 55)
2026-01-22 11:44:46,952 - DEBUG - ag_ui_adk.adk_agent - Event queued: TextMessageContentEvent (thread 3cdee6da-c833-4872-bcfe-fa9459f0dd24, queue size after: 56)
2026-01-22 11:44:46,952 - DEBUG - ag_ui_adk.adk_agent - Emitting event to queue: TextMessageContentEvent (thread 3cdee6da-c833-4872-bcfe-fa9459f0dd24, queue size before: 56)
2026-01-22 11:44:46,952 - DEBUG - ag_ui_adk.adk_agent - Event queued: TextMessageContentEvent (thread 3cdee6da-c833-4872-bcfe-fa9459f0dd24, queue size after: 57)
2026-01-22 11:44:46,953 - DEBUG - ag_ui_adk.adk_agent - Emitting event to queue: TextMessageContentEvent (thread 3cdee6da-c833-4872-bcfe-fa9459f0dd24, queue size before: 57)
2026-01-22 11:44:46,953 - DEBUG - ag_ui_adk.adk_agent - Event queued: TextMessageContentEvent (thread 3cdee6da-c833-4872-bcfe-fa9459f0dd24, queue size after: 58)
2026-01-22 11:44:46,953 - DEBUG - ag_ui_adk.adk_agent - Emitting event to queue: TextMessageContentEvent (thread 3cdee6da-c833-4872-bcfe-fa9459f0dd24, queue size before: 58)
2026-01-22 11:44:46,953 - DEBUG - ag_ui_adk.adk_agent - Event queued: TextMessageContentEvent (thread 3cdee6da-c833-4872-bcfe-fa9459f0dd24, queue size after: 59)
2026-01-22 11:44:46,953 - DEBUG - ag_ui_adk.adk_agent - Emitting event to queue: TextMessageContentEvent (thread 3cdee6da-c833-4872-bcfe-fa9459f0dd24, queue size before: 59)
2026-01-22 11:44:46,953 - DEBUG - ag_ui_adk.adk_agent - Event queued: TextMessageContentEvent (thread 3cdee6da-c833-4872-bcfe-fa9459f0dd24, queue size after: 60)
2026-01-22 11:44:46,954 - DEBUG - ag_ui_adk.adk_agent - Emitting event to queue: TextMessageContentEvent (thread 3cdee6da-c833-4872-bcfe-fa9459f0dd24, queue size before: 60)
2026-01-22 11:44:46,954 - DEBUG - ag_ui_adk.adk_agent - Event queued: TextMessageContentEvent (thread 3cdee6da-c833-4872-bcfe-fa9459f0dd24, queue size after: 61)
2026-01-22 11:44:46,954 - DEBUG - ag_ui_adk.adk_agent - Emitting event to queue: TextMessageContentEvent (thread 3cdee6da-c833-4872-bcfe-fa9459f0dd24, queue size before: 61)
2026-01-22 11:44:46,954 - DEBUG - ag_ui_adk.adk_agent - Event queued: TextMessageContentEvent (thread 3cdee6da-c833-4872-bcfe-fa9459f0dd24, queue size after: 62)
2026-01-22 11:44:46,955 - DEBUG - ag_ui_adk.adk_agent - Emitting event to queue: TextMessageContentEvent (thread 3cdee6da-c833-4872-bcfe-fa9459f0dd24, queue size before: 62)
2026-01-22 11:44:46,955 - DEBUG - ag_ui_adk.adk_agent - Event queued: TextMessageContentEvent (thread 3cdee6da-c833-4872-bcfe-fa9459f0dd24, queue size after: 63)
2026-01-22 11:44:46,955 - DEBUG - ag_ui_adk.adk_agent - Emitting event to queue: TextMessageContentEvent (thread 3cdee6da-c833-4872-bcfe-fa9459f0dd24, queue size before: 63)
2026-01-22 11:44:46,955 - DEBUG - ag_ui_adk.adk_agent - Event queued: TextMessageContentEvent (thread 3cdee6da-c833-4872-bcfe-fa9459f0dd24, queue size after: 64)
2026-01-22 11:44:46,956 - DEBUG - ag_ui_adk.adk_agent - Emitting event to queue: TextMessageContentEvent (thread 3cdee6da-c833-4872-bcfe-fa9459f0dd24, queue size before: 64)
2026-01-22 11:44:46,956 - DEBUG - ag_ui_adk.adk_agent - Event queued: TextMessageContentEvent (thread 3cdee6da-c833-4872-bcfe-fa9459f0dd24, queue size after: 65)
2026-01-22 11:44:46,956 - DEBUG - ag_ui_adk.adk_agent - Emitting event to queue: TextMessageContentEvent (thread 3cdee6da-c833-4872-bcfe-fa9459f0dd24, queue size before: 65)
2026-01-22 11:44:46,956 - DEBUG - ag_ui_adk.adk_agent - Event queued: TextMessageContentEvent (thread 3cdee6da-c833-4872-bcfe-fa9459f0dd24, queue size after: 66)
2026-01-22 11:44:46,956 - DEBUG - ag_ui_adk.adk_agent - Emitting event to queue: TextMessageContentEvent (thread 3cdee6da-c833-4872-bcfe-fa9459f0dd24, queue size before: 66)
2026-01-22 11:44:46,956 - DEBUG - ag_ui_adk.adk_agent - Event queued: TextMessageContentEvent (thread 3cdee6da-c833-4872-bcfe-fa9459f0dd24, queue size after: 67)
2026-01-22 11:44:46,957 - DEBUG - ag_ui_adk.adk_agent - Emitting event to queue: TextMessageContentEvent (thread 3cdee6da-c833-4872-bcfe-fa9459f0dd24, queue size before: 67)
2026-01-22 11:44:46,957 - DEBUG - ag_ui_adk.adk_agent - Event queued: TextMessageContentEvent (thread 3cdee6da-c833-4872-bcfe-fa9459f0dd24, queue size after: 68)
2026-01-22 11:44:46,957 - DEBUG - ag_ui_adk.adk_agent - Emitting event to queue: TextMessageContentEvent (thread 3cdee6da-c833-4872-bcfe-fa9459f0dd24, queue size before: 68)
2026-01-22 11:44:46,957 - DEBUG - ag_ui_adk.adk_agent - Event queued: TextMessageContentEvent (thread 3cdee6da-c833-4872-bcfe-fa9459f0dd24, queue size after: 69)
2026-01-22 11:44:46,958 - DEBUG - ag_ui_adk.adk_agent - Emitting event to queue: TextMessageContentEvent (thread 3cdee6da-c833-4872-bcfe-fa9459f0dd24, queue size before: 69)
2026-01-22 11:44:46,958 - DEBUG - ag_ui_adk.adk_agent - Event queued: TextMessageContentEvent (thread 3cdee6da-c833-4872-bcfe-fa9459f0dd24, queue size after: 70)
2026-01-22 11:44:46,958 - DEBUG - ag_ui_adk.adk_agent - Emitting event to queue: TextMessageContentEvent (thread 3cdee6da-c833-4872-bcfe-fa9459f0dd24, queue size before: 70)
2026-01-22 11:44:46,958 - DEBUG - ag_ui_adk.adk_agent - Event queued: TextMessageContentEvent (thread 3cdee6da-c833-4872-bcfe-fa9459f0dd24, queue size after: 71)
2026-01-22 11:44:46,958 - DEBUG - ag_ui_adk.adk_agent - Emitting event to queue: TextMessageContentEvent (thread 3cdee6da-c833-4872-bcfe-fa9459f0dd24, queue size before: 71)
2026-01-22 11:44:46,958 - DEBUG - ag_ui_adk.adk_agent - Event queued: TextMessageContentEvent (thread 3cdee6da-c833-4872-bcfe-fa9459f0dd24, queue size after: 72)
2026-01-22 11:44:46,959 - DEBUG - ag_ui_adk.adk_agent - Got event #1 from queue: TextMessageStartEvent (thread 3cdee6da-c833-4872-bcfe-fa9459f0dd24)
2026-01-22 11:44:46,959 - DEBUG - ag_ui_adk.adk_agent - Streaming event #1: TextMessageStartEvent (thread 3cdee6da-c833-4872-bcfe-fa9459f0dd24)
2026-01-22 11:44:46,959 - DEBUG - ag_ui_adk.adk_agent - Yielding event: TextMessageStartEvent
2026-01-22 11:44:46,959 - DEBUG - ag_ui_adk.endpoint - HTTP Response: data: {"type":"TEXT_MESSAGE_START","messageId":"89156c75-ce3e-42a4-b35b-f89b9c2aa537","role":"assistant"}


2026-01-22 11:44:46,959 - DEBUG - ag_ui_adk.adk_agent - Waiting for event from queue (thread 3cdee6da-c833-4872-bcfe-fa9459f0dd24, queue size: 71)
2026-01-22 11:44:46,959 - DEBUG - ag_ui_adk.adk_agent - Got event #2 from queue: TextMessageContentEvent (thread 3cdee6da-c833-4872-bcfe-fa9459f0dd24)
2026-01-22 11:44:46,959 - DEBUG - ag_ui_adk.adk_agent - Streaming event #2: TextMessageContentEvent (thread 3cdee6da-c833-4872-bcfe-fa9459f0dd24)
2026-01-22 11:44:46,959 - DEBUG - ag_ui_adk.adk_agent - Yielding event: TextMessageContentEvent
2026-01-22 11:44:46,959 - DEBUG - ag_ui_adk.endpoint - HTTP Response: data: {"type":"TEXT_MESSAGE_CONTENT","messageId":"89156c75-ce3e-42a4-b35b-f89b9c2aa537","delta":"[\n"}


2026-01-22 11:44:46,959 - DEBUG - ag_ui_adk.adk_agent - Waiting for event from queue (thread 3cdee6da-c833-4872-bcfe-fa9459f0dd24, queue size: 70)
2026-01-22 11:44:46,959 - DEBUG - ag_ui_adk.adk_agent - Got event #3 from queue: TextMessageContentEvent (thread 3cdee6da-c833-4872-bcfe-fa9459f0dd24)
2026-01-22 11:44:46,959 - DEBUG - ag_ui_adk.adk_agent - Streaming event #3: TextMessageContentEvent (thread 3cdee6da-c833-4872-bcfe-fa9459f0dd24)
2026-01-22 11:44:46,959 - DEBUG - ag_ui_adk.adk_agent - Yielding event: TextMessageContentEvent
2026-01-22 11:44:46,959 - DEBUG - ag_ui_adk.endpoint - HTTP Response: data: {"type":"TEXT_MESSAGE_CONTENT","messageId":"89156c75-ce3e-42a4-b35b-f89b9c2aa537","delta":" "}


2026-01-22 11:44:46,959 - DEBUG - ag_ui_adk.adk_agent - Waiting for event from queue (thread 3cdee6da-c833-4872-bcfe-fa9459f0dd24, queue size: 69)
2026-01-22 11:44:46,959 - DEBUG - ag_ui_adk.adk_agent - Got event #4 from queue: TextMessageContentEvent (thread 3cdee6da-c833-4872-bcfe-fa9459f0dd24)
2026-01-22 11:44:46,959 - DEBUG - ag_ui_adk.adk_agent - Streaming event #4: TextMessageContentEvent (thread 3cdee6da-c833-4872-bcfe-fa9459f0dd24)
2026-01-22 11:44:46,959 - DEBUG - ag_ui_adk.adk_agent - Yielding event: TextMessageContentEvent
2026-01-22 11:44:46,959 - DEBUG - ag_ui_adk.endpoint - HTTP Response: data: {"type":"TEXT_MESSAGE_CONTENT","messageId":"89156c75-ce3e-42a4-b35b-f89b9c2aa537","delta":" {\n"}


2026-01-22 11:44:46,959 - DEBUG - ag_ui_adk.adk_agent - Waiting for event from queue (thread 3cdee6da-c833-4872-bcfe-fa9459f0dd24, queue size: 68)
2026-01-22 11:44:46,959 - DEBUG - ag_ui_adk.adk_agent - Got event #5 from queue: TextMessageContentEvent (thread 3cdee6da-c833-4872-bcfe-fa9459f0dd24)
2026-01-22 11:44:46,959 - DEBUG - ag_ui_adk.adk_agent - Streaming event #5: TextMessageContentEvent (thread 3cdee6da-c833-4872-bcfe-fa9459f0dd24)
2026-01-22 11:44:46,959 - DEBUG - ag_ui_adk.adk_agent - Yielding event: TextMessageContentEvent
2026-01-22 11:44:46,959 - DEBUG - ag_ui_adk.endpoint - HTTP Response: data: {"type":"TEXT_MESSAGE_CONTENT","messageId":"89156c75-ce3e-42a4-b35b-f89b9c2aa537","delta":"   "}


2026-01-22 11:44:46,959 - DEBUG - ag_ui_adk.adk_agent - Waiting for event from queue (thread 3cdee6da-c833-4872-bcfe-fa9459f0dd24, queue size: 67)
2026-01-22 11:44:46,959 - DEBUG - ag_ui_adk.adk_agent - Got event #6 from queue: TextMessageContentEvent (thread 3cdee6da-c833-4872-bcfe-fa9459f0dd24)
2026-01-22 11:44:46,959 - DEBUG - ag_ui_adk.adk_agent - Streaming event #6: TextMessageContentEvent (thread 3cdee6da-c833-4872-bcfe-fa9459f0dd24)
2026-01-22 11:44:46,959 - DEBUG - ag_ui_adk.adk_agent - Yielding event: TextMessageContentEvent
2026-01-22 11:44:46,959 - DEBUG - ag_ui_adk.endpoint - HTTP Response: data: {"type":"TEXT_MESSAGE_CONTENT","messageId":"89156c75-ce3e-42a4-b35b-f89b9c2aa537","delta":" \""}


2026-01-22 11:44:46,959 - DEBUG - ag_ui_adk.adk_agent - Waiting for event from queue (thread 3cdee6da-c833-4872-bcfe-fa9459f0dd24, queue size: 66)
2026-01-22 11:44:46,959 - DEBUG - ag_ui_adk.adk_agent - Got event #7 from queue: TextMessageContentEvent (thread 3cdee6da-c833-4872-bcfe-fa9459f0dd24)
2026-01-22 11:44:46,959 - DEBUG - ag_ui_adk.adk_agent - Streaming event #7: TextMessageContentEvent (thread 3cdee6da-c833-4872-bcfe-fa9459f0dd24)
2026-01-22 11:44:46,959 - DEBUG - ag_ui_adk.adk_agent - Yielding event: TextMessageContentEvent
2026-01-22 11:44:46,959 - DEBUG - ag_ui_adk.endpoint - HTTP Response: data: {"type":"TEXT_MESSAGE_CONTENT","messageId":"89156c75-ce3e-42a4-b35b-f89b9c2aa537","delta":"begin"}


2026-01-22 11:44:46,959 - DEBUG - ag_ui_adk.adk_agent - Waiting for event from queue (thread 3cdee6da-c833-4872-bcfe-fa9459f0dd24, queue size: 65)
2026-01-22 11:44:46,959 - DEBUG - ag_ui_adk.adk_agent - Got event #8 from queue: TextMessageContentEvent (thread 3cdee6da-c833-4872-bcfe-fa9459f0dd24)
2026-01-22 11:44:46,959 - DEBUG - ag_ui_adk.adk_agent - Streaming event #8: TextMessageContentEvent (thread 3cdee6da-c833-4872-bcfe-fa9459f0dd24)
2026-01-22 11:44:46,959 - DEBUG - ag_ui_adk.adk_agent - Yielding event: TextMessageContentEvent
2026-01-22 11:44:46,959 - DEBUG - ag_ui_adk.endpoint - HTTP Response: data: {"type":"TEXT_MESSAGE_CONTENT","messageId":"89156c75-ce3e-42a4-b35b-f89b9c2aa537","delta":"Rendering"}


2026-01-22 11:44:46,959 - DEBUG - ag_ui_adk.adk_agent - Waiting for event from queue (thread 3cdee6da-c833-4872-bcfe-fa9459f0dd24, queue size: 64)
2026-01-22 11:44:46,959 - DEBUG - ag_ui_adk.adk_agent - Got event #9 from queue: TextMessageContentEvent (thread 3cdee6da-c833-4872-bcfe-fa9459f0dd24)
2026-01-22 11:44:46,959 - DEBUG - ag_ui_adk.adk_agent - Streaming event #9: TextMessageContentEvent (thread 3cdee6da-c833-4872-bcfe-fa9459f0dd24)
2026-01-22 11:44:46,959 - DEBUG - ag_ui_adk.adk_agent - Yielding event: TextMessageContentEvent
2026-01-22 11:44:46,959 - DEBUG - ag_ui_adk.endpoint - HTTP Response: data: {"type":"TEXT_MESSAGE_CONTENT","messageId":"89156c75-ce3e-42a4-b35b-f89b9c2aa537","delta":"\":"}


2026-01-22 11:44:46,959 - DEBUG - ag_ui_adk.adk_agent - Waiting for event from queue (thread 3cdee6da-c833-4872-bcfe-fa9459f0dd24, queue size: 63)
2026-01-22 11:44:46,959 - DEBUG - ag_ui_adk.adk_agent - Got event #10 from queue: TextMessageContentEvent (thread 3cdee6da-c833-4872-bcfe-fa9459f0dd24)
2026-01-22 11:44:46,959 - DEBUG - ag_ui_adk.adk_agent - Streaming event #10: TextMessageContentEvent (thread 3cdee6da-c833-4872-bcfe-fa9459f0dd24)
2026-01-22 11:44:46,959 - DEBUG - ag_ui_adk.adk_agent - Yielding event: TextMessageContentEvent
2026-01-22 11:44:46,959 - DEBUG - ag_ui_adk.endpoint - HTTP Response: data: {"type":"TEXT_MESSAGE_CONTENT","messageId":"89156c75-ce3e-42a4-b35b-f89b9c2aa537","delta":" {\n"}


2026-01-22 11:44:46,959 - DEBUG - ag_ui_adk.adk_agent - Waiting for event from queue (thread 3cdee6da-c833-4872-bcfe-fa9459f0dd24, queue size: 62)
2026-01-22 11:44:46,959 - DEBUG - ag_ui_adk.adk_agent - Got event #11 from queue: TextMessageContentEvent (thread 3cdee6da-c833-4872-bcfe-fa9459f0dd24)
2026-01-22 11:44:46,959 - DEBUG - ag_ui_adk.adk_agent - Streaming event #11: TextMessageContentEvent (thread 3cdee6da-c833-4872-bcfe-fa9459f0dd24)
2026-01-22 11:44:46,959 - DEBUG - ag_ui_adk.adk_agent - Yielding event: TextMessageContentEvent
2026-01-22 11:44:46,959 - DEBUG - ag_ui_adk.endpoint - HTTP Response: data: {"type":"TEXT_MESSAGE_CONTENT","messageId":"89156c75-ce3e-42a4-b35b-f89b9c2aa537","delta":"     "}


2026-01-22 11:44:46,959 - DEBUG - ag_ui_adk.adk_agent - Waiting for event from queue (thread 3cdee6da-c833-4872-bcfe-fa9459f0dd24, queue size: 61)
2026-01-22 11:44:46,960 - DEBUG - ag_ui_adk.adk_agent - Got event #12 from queue: TextMessageContentEvent (thread 3cdee6da-c833-4872-bcfe-fa9459f0dd24)
2026-01-22 11:44:46,960 - DEBUG - ag_ui_adk.adk_agent - Streaming event #12: TextMessageContentEvent (thread 3cdee6da-c833-4872-bcfe-fa9459f0dd24)
2026-01-22 11:44:46,960 - DEBUG - ag_ui_adk.adk_agent - Yielding event: TextMessageContentEvent
2026-01-22 11:44:46,960 - DEBUG - ag_ui_adk.endpoint - HTTP Response: data: {"type":"TEXT_MESSAGE_CONTENT","messageId":"89156c75-ce3e-42a4-b35b-f89b9c2aa537","delta":" \""}


2026-01-22 11:44:46,960 - DEBUG - ag_ui_adk.adk_agent - Waiting for event from queue (thread 3cdee6da-c833-4872-bcfe-fa9459f0dd24, queue size: 60)
2026-01-22 11:44:46,960 - DEBUG - ag_ui_adk.adk_agent - Got event #13 from queue: TextMessageContentEvent (thread 3cdee6da-c833-4872-bcfe-fa9459f0dd24)
2026-01-22 11:44:46,960 - DEBUG - ag_ui_adk.adk_agent - Streaming event #13: TextMessageContentEvent (thread 3cdee6da-c833-4872-bcfe-fa9459f0dd24)
2026-01-22 11:44:46,960 - DEBUG - ag_ui_adk.adk_agent - Yielding event: TextMessageContentEvent
2026-01-22 11:44:46,960 - DEBUG - ag_ui_adk.endpoint - HTTP Response: data: {"type":"TEXT_MESSAGE_CONTENT","messageId":"89156c75-ce3e-42a4-b35b-f89b9c2aa537","delta":"surface"}


2026-01-22 11:44:46,960 - DEBUG - ag_ui_adk.adk_agent - Waiting for event from queue (thread 3cdee6da-c833-4872-bcfe-fa9459f0dd24, queue size: 59)
2026-01-22 11:44:46,960 - DEBUG - ag_ui_adk.adk_agent - Got event #14 from queue: TextMessageContentEvent (thread 3cdee6da-c833-4872-bcfe-fa9459f0dd24)
2026-01-22 11:44:46,960 - DEBUG - ag_ui_adk.adk_agent - Streaming event #14: TextMessageContentEvent (thread 3cdee6da-c833-4872-bcfe-fa9459f0dd24)
2026-01-22 11:44:46,960 - DEBUG - ag_ui_adk.adk_agent - Yielding event: TextMessageContentEvent
2026-01-22 11:44:46,960 - DEBUG - ag_ui_adk.endpoint - HTTP Response: data: {"type":"TEXT_MESSAGE_CONTENT","messageId":"89156c75-ce3e-42a4-b35b-f89b9c2aa537","delta":"Id"}


2026-01-22 11:44:46,960 - DEBUG - ag_ui_adk.adk_agent - Waiting for event from queue (thread 3cdee6da-c833-4872-bcfe-fa9459f0dd24, queue size: 58)
2026-01-22 11:44:46,960 - DEBUG - ag_ui_adk.adk_agent - Got event #15 from queue: TextMessageContentEvent (thread 3cdee6da-c833-4872-bcfe-fa9459f0dd24)
2026-01-22 11:44:46,960 - DEBUG - ag_ui_adk.adk_agent - Streaming event #15: TextMessageContentEvent (thread 3cdee6da-c833-4872-bcfe-fa9459f0dd24)
2026-01-22 11:44:46,960 - DEBUG - ag_ui_adk.adk_agent - Yielding event: TextMessageContentEvent
2026-01-22 11:44:46,960 - DEBUG - ag_ui_adk.endpoint - HTTP Response: data: {"type":"TEXT_MESSAGE_CONTENT","messageId":"89156c75-ce3e-42a4-b35b-f89b9c2aa537","delta":"\":"}


2026-01-22 11:44:46,960 - DEBUG - ag_ui_adk.adk_agent - Waiting for event from queue (thread 3cdee6da-c833-4872-bcfe-fa9459f0dd24, queue size: 57)
2026-01-22 11:44:46,960 - DEBUG - ag_ui_adk.adk_agent - Got event #16 from queue: TextMessageContentEvent (thread 3cdee6da-c833-4872-bcfe-fa9459f0dd24)
2026-01-22 11:44:46,960 - DEBUG - ag_ui_adk.adk_agent - Streaming event #16: TextMessageContentEvent (thread 3cdee6da-c833-4872-bcfe-fa9459f0dd24)
2026-01-22 11:44:46,960 - DEBUG - ag_ui_adk.adk_agent - Yielding event: TextMessageContentEvent
2026-01-22 11:44:46,960 - DEBUG - ag_ui_adk.endpoint - HTTP Response: data: {"type":"TEXT_MESSAGE_CONTENT","messageId":"89156c75-ce3e-42a4-b35b-f89b9c2aa537","delta":" \""}


2026-01-22 11:44:46,960 - DEBUG - ag_ui_adk.adk_agent - Waiting for event from queue (thread 3cdee6da-c833-4872-bcfe-fa9459f0dd24, queue size: 56)
2026-01-22 11:44:46,960 - DEBUG - ag_ui_adk.adk_agent - Got event #17 from queue: TextMessageContentEvent (thread 3cdee6da-c833-4872-bcfe-fa9459f0dd24)
2026-01-22 11:44:46,960 - DEBUG - ag_ui_adk.adk_agent - Streaming event #17: TextMessageContentEvent (thread 3cdee6da-c833-4872-bcfe-fa9459f0dd24)
2026-01-22 11:44:46,961 - DEBUG - ag_ui_adk.adk_agent - Yielding event: TextMessageContentEvent
2026-01-22 11:44:46,961 - DEBUG - ag_ui_adk.endpoint - HTTP Response: data: {"type":"TEXT_MESSAGE_CONTENT","messageId":"89156c75-ce3e-42a4-b35b-f89b9c2aa537","delta":"default"}


2026-01-22 11:44:46,961 - DEBUG - ag_ui_adk.adk_agent - Waiting for event from queue (thread 3cdee6da-c833-4872-bcfe-fa9459f0dd24, queue size: 55)
2026-01-22 11:44:46,961 - DEBUG - ag_ui_adk.adk_agent - Got event #18 from queue: TextMessageContentEvent (thread 3cdee6da-c833-4872-bcfe-fa9459f0dd24)
2026-01-22 11:44:46,961 - DEBUG - ag_ui_adk.adk_agent - Streaming event #18: TextMessageContentEvent (thread 3cdee6da-c833-4872-bcfe-fa9459f0dd24)
2026-01-22 11:44:46,961 - DEBUG - ag_ui_adk.adk_agent - Yielding event: TextMessageContentEvent
2026-01-22 11:44:46,961 - DEBUG - ag_ui_adk.endpoint - HTTP Response: data: {"type":"TEXT_MESSAGE_CONTENT","messageId":"89156c75-ce3e-42a4-b35b-f89b9c2aa537","delta":"\",\n"}


2026-01-22 11:44:46,961 - DEBUG - ag_ui_adk.adk_agent - Waiting for event from queue (thread 3cdee6da-c833-4872-bcfe-fa9459f0dd24, queue size: 54)
2026-01-22 11:44:46,961 - DEBUG - ag_ui_adk.adk_agent - Got event #19 from queue: TextMessageContentEvent (thread 3cdee6da-c833-4872-bcfe-fa9459f0dd24)
2026-01-22 11:44:46,961 - DEBUG - ag_ui_adk.adk_agent - Streaming event #19: TextMessageContentEvent (thread 3cdee6da-c833-4872-bcfe-fa9459f0dd24)
2026-01-22 11:44:46,961 - DEBUG - ag_ui_adk.adk_agent - Yielding event: TextMessageContentEvent
2026-01-22 11:44:46,961 - DEBUG - ag_ui_adk.endpoint - HTTP Response: data: {"type":"TEXT_MESSAGE_CONTENT","messageId":"89156c75-ce3e-42a4-b35b-f89b9c2aa537","delta":"     "}


2026-01-22 11:44:46,961 - DEBUG - ag_ui_adk.adk_agent - Waiting for event from queue (thread 3cdee6da-c833-4872-bcfe-fa9459f0dd24, queue size: 53)
2026-01-22 11:44:46,961 - DEBUG - ag_ui_adk.adk_agent - Got event #20 from queue: TextMessageContentEvent (thread 3cdee6da-c833-4872-bcfe-fa9459f0dd24)
2026-01-22 11:44:46,961 - DEBUG - ag_ui_adk.adk_agent - Streaming event #20: TextMessageContentEvent (thread 3cdee6da-c833-4872-bcfe-fa9459f0dd24)
2026-01-22 11:44:46,961 - DEBUG - ag_ui_adk.adk_agent - Yielding event: TextMessageContentEvent
2026-01-22 11:44:46,961 - DEBUG - ag_ui_adk.endpoint - HTTP Response: data: {"type":"TEXT_MESSAGE_CONTENT","messageId":"89156c75-ce3e-42a4-b35b-f89b9c2aa537","delta":" \""}


2026-01-22 11:44:46,961 - DEBUG - ag_ui_adk.adk_agent - Waiting for event from queue (thread 3cdee6da-c833-4872-bcfe-fa9459f0dd24, queue size: 52)
2026-01-22 11:44:46,961 - DEBUG - ag_ui_adk.adk_agent - Got event #21 from queue: TextMessageContentEvent (thread 3cdee6da-c833-4872-bcfe-fa9459f0dd24)
2026-01-22 11:44:46,961 - DEBUG - ag_ui_adk.adk_agent - Streaming event #21: TextMessageContentEvent (thread 3cdee6da-c833-4872-bcfe-fa9459f0dd24)
2026-01-22 11:44:46,961 - DEBUG - ag_ui_adk.adk_agent - Yielding event: TextMessageContentEvent
2026-01-22 11:44:46,961 - DEBUG - ag_ui_adk.endpoint - HTTP Response: data: {"type":"TEXT_MESSAGE_CONTENT","messageId":"89156c75-ce3e-42a4-b35b-f89b9c2aa537","delta":"root"}


2026-01-22 11:44:46,961 - DEBUG - ag_ui_adk.adk_agent - Waiting for event from queue (thread 3cdee6da-c833-4872-bcfe-fa9459f0dd24, queue size: 51)
2026-01-22 11:44:46,961 - DEBUG - ag_ui_adk.adk_agent - Got event #22 from queue: TextMessageContentEvent (thread 3cdee6da-c833-4872-bcfe-fa9459f0dd24)
2026-01-22 11:44:46,961 - DEBUG - ag_ui_adk.adk_agent - Streaming event #22: TextMessageContentEvent (thread 3cdee6da-c833-4872-bcfe-fa9459f0dd24)
2026-01-22 11:44:46,961 - DEBUG - ag_ui_adk.adk_agent - Yielding event: TextMessageContentEvent
2026-01-22 11:44:46,961 - DEBUG - ag_ui_adk.endpoint - HTTP Response: data: {"type":"TEXT_MESSAGE_CONTENT","messageId":"89156c75-ce3e-42a4-b35b-f89b9c2aa537","delta":"\":"}


2026-01-22 11:44:46,961 - DEBUG - ag_ui_adk.adk_agent - Waiting for event from queue (thread 3cdee6da-c833-4872-bcfe-fa9459f0dd24, queue size: 50)
2026-01-22 11:44:46,961 - DEBUG - ag_ui_adk.adk_agent - Got event #23 from queue: TextMessageContentEvent (thread 3cdee6da-c833-4872-bcfe-fa9459f0dd24)
2026-01-22 11:44:46,961 - DEBUG - ag_ui_adk.adk_agent - Streaming event #23: TextMessageContentEvent (thread 3cdee6da-c833-4872-bcfe-fa9459f0dd24)
2026-01-22 11:44:46,961 - DEBUG - ag_ui_adk.adk_agent - Yielding event: TextMessageContentEvent
2026-01-22 11:44:46,961 - DEBUG - ag_ui_adk.endpoint - HTTP Response: data: {"type":"TEXT_MESSAGE_CONTENT","messageId":"89156c75-ce3e-42a4-b35b-f89b9c2aa537","delta":" \""}


2026-01-22 11:44:46,961 - DEBUG - ag_ui_adk.adk_agent - Waiting for event from queue (thread 3cdee6da-c833-4872-bcfe-fa9459f0dd24, queue size: 49)
2026-01-22 11:44:46,961 - DEBUG - ag_ui_adk.adk_agent - Got event #24 from queue: TextMessageContentEvent (thread 3cdee6da-c833-4872-bcfe-fa9459f0dd24)
2026-01-22 11:44:46,961 - DEBUG - ag_ui_adk.adk_agent - Streaming event #24: TextMessageContentEvent (thread 3cdee6da-c833-4872-bcfe-fa9459f0dd24)
2026-01-22 11:44:46,961 - DEBUG - ag_ui_adk.adk_agent - Yielding event: TextMessageContentEvent
2026-01-22 11:44:46,961 - DEBUG - ag_ui_adk.endpoint - HTTP Response: data: {"type":"TEXT_MESSAGE_CONTENT","messageId":"89156c75-ce3e-42a4-b35b-f89b9c2aa537","delta":"root"}


2026-01-22 11:44:46,961 - DEBUG - ag_ui_adk.adk_agent - Waiting for event from queue (thread 3cdee6da-c833-4872-bcfe-fa9459f0dd24, queue size: 48)
2026-01-22 11:44:46,961 - DEBUG - ag_ui_adk.adk_agent - Got event #25 from queue: TextMessageContentEvent (thread 3cdee6da-c833-4872-bcfe-fa9459f0dd24)
2026-01-22 11:44:46,961 - DEBUG - ag_ui_adk.adk_agent - Streaming event #25: TextMessageContentEvent (thread 3cdee6da-c833-4872-bcfe-fa9459f0dd24)
2026-01-22 11:44:46,961 - DEBUG - ag_ui_adk.adk_agent - Yielding event: TextMessageContentEvent
2026-01-22 11:44:46,961 - DEBUG - ag_ui_adk.endpoint - HTTP Response: data: {"type":"TEXT_MESSAGE_CONTENT","messageId":"89156c75-ce3e-42a4-b35b-f89b9c2aa537","delta":"-column"}


2026-01-22 11:44:46,961 - DEBUG - ag_ui_adk.adk_agent - Waiting for event from queue (thread 3cdee6da-c833-4872-bcfe-fa9459f0dd24, queue size: 47)
2026-01-22 11:44:46,961 - DEBUG - ag_ui_adk.adk_agent - Got event #26 from queue: TextMessageContentEvent (thread 3cdee6da-c833-4872-bcfe-fa9459f0dd24)
2026-01-22 11:44:46,961 - DEBUG - ag_ui_adk.adk_agent - Streaming event #26: TextMessageContentEvent (thread 3cdee6da-c833-4872-bcfe-fa9459f0dd24)
2026-01-22 11:44:46,961 - DEBUG - ag_ui_adk.adk_agent - Yielding event: TextMessageContentEvent
2026-01-22 11:44:46,961 - DEBUG - ag_ui_adk.endpoint - HTTP Response: data: {"type":"TEXT_MESSAGE_CONTENT","messageId":"89156c75-ce3e-42a4-b35b-f89b9c2aa537","delta":"\",\n"}


2026-01-22 11:44:46,961 - DEBUG - ag_ui_adk.adk_agent - Waiting for event from queue (thread 3cdee6da-c833-4872-bcfe-fa9459f0dd24, queue size: 46)
2026-01-22 11:44:46,962 - DEBUG - ag_ui_adk.adk_agent - Got event #27 from queue: TextMessageContentEvent (thread 3cdee6da-c833-4872-bcfe-fa9459f0dd24)
2026-01-22 11:44:46,962 - DEBUG - ag_ui_adk.adk_agent - Streaming event #27: TextMessageContentEvent (thread 3cdee6da-c833-4872-bcfe-fa9459f0dd24)
2026-01-22 11:44:46,962 - DEBUG - ag_ui_adk.adk_agent - Yielding event: TextMessageContentEvent
2026-01-22 11:44:46,962 - DEBUG - ag_ui_adk.endpoint - HTTP Response: data: {"type":"TEXT_MESSAGE_CONTENT","messageId":"89156c75-ce3e-42a4-b35b-f89b9c2aa537","delta":"     "}


2026-01-22 11:44:46,962 - DEBUG - ag_ui_adk.adk_agent - Waiting for event from queue (thread 3cdee6da-c833-4872-bcfe-fa9459f0dd24, queue size: 45)
2026-01-22 11:44:46,962 - DEBUG - ag_ui_adk.adk_agent - Got event #28 from queue: TextMessageContentEvent (thread 3cdee6da-c833-4872-bcfe-fa9459f0dd24)
2026-01-22 11:44:46,962 - DEBUG - ag_ui_adk.adk_agent - Streaming event #28: TextMessageContentEvent (thread 3cdee6da-c833-4872-bcfe-fa9459f0dd24)
2026-01-22 11:44:46,962 - DEBUG - ag_ui_adk.adk_agent - Yielding event: TextMessageContentEvent
2026-01-22 11:44:46,962 - DEBUG - ag_ui_adk.endpoint - HTTP Response: data: {"type":"TEXT_MESSAGE_CONTENT","messageId":"89156c75-ce3e-42a4-b35b-f89b9c2aa537","delta":" \""}


2026-01-22 11:44:46,962 - DEBUG - ag_ui_adk.adk_agent - Waiting for event from queue (thread 3cdee6da-c833-4872-bcfe-fa9459f0dd24, queue size: 44)
2026-01-22 11:44:46,962 - DEBUG - ag_ui_adk.adk_agent - Got event #29 from queue: TextMessageContentEvent (thread 3cdee6da-c833-4872-bcfe-fa9459f0dd24)
2026-01-22 11:44:46,962 - DEBUG - ag_ui_adk.adk_agent - Streaming event #29: TextMessageContentEvent (thread 3cdee6da-c833-4872-bcfe-fa9459f0dd24)
2026-01-22 11:44:46,962 - DEBUG - ag_ui_adk.adk_agent - Yielding event: TextMessageContentEvent
2026-01-22 11:44:46,962 - DEBUG - ag_ui_adk.endpoint - HTTP Response: data: {"type":"TEXT_MESSAGE_CONTENT","messageId":"89156c75-ce3e-42a4-b35b-f89b9c2aa537","delta":"styles"}


2026-01-22 11:44:46,962 - DEBUG - ag_ui_adk.adk_agent - Waiting for event from queue (thread 3cdee6da-c833-4872-bcfe-fa9459f0dd24, queue size: 43)
2026-01-22 11:44:46,962 - DEBUG - ag_ui_adk.adk_agent - Got event #30 from queue: TextMessageContentEvent (thread 3cdee6da-c833-4872-bcfe-fa9459f0dd24)
2026-01-22 11:44:46,962 - DEBUG - ag_ui_adk.adk_agent - Streaming event #30: TextMessageContentEvent (thread 3cdee6da-c833-4872-bcfe-fa9459f0dd24)
2026-01-22 11:44:46,962 - DEBUG - ag_ui_adk.adk_agent - Yielding event: TextMessageContentEvent
2026-01-22 11:44:46,962 - DEBUG - ag_ui_adk.endpoint - HTTP Response: data: {"type":"TEXT_MESSAGE_CONTENT","messageId":"89156c75-ce3e-42a4-b35b-f89b9c2aa537","delta":"\":"}


2026-01-22 11:44:46,962 - DEBUG - ag_ui_adk.adk_agent - Waiting for event from queue (thread 3cdee6da-c833-4872-bcfe-fa9459f0dd24, queue size: 42)
2026-01-22 11:44:46,962 - DEBUG - ag_ui_adk.adk_agent - Got event #31 from queue: TextMessageContentEvent (thread 3cdee6da-c833-4872-bcfe-fa9459f0dd24)
2026-01-22 11:44:46,962 - DEBUG - ag_ui_adk.adk_agent - Streaming event #31: TextMessageContentEvent (thread 3cdee6da-c833-4872-bcfe-fa9459f0dd24)
2026-01-22 11:44:46,962 - DEBUG - ag_ui_adk.adk_agent - Yielding event: TextMessageContentEvent
2026-01-22 11:44:46,962 - DEBUG - ag_ui_adk.endpoint - HTTP Response: data: {"type":"TEXT_MESSAGE_CONTENT","messageId":"89156c75-ce3e-42a4-b35b-f89b9c2aa537","delta":" {\n"}


2026-01-22 11:44:46,962 - DEBUG - ag_ui_adk.adk_agent - Waiting for event from queue (thread 3cdee6da-c833-4872-bcfe-fa9459f0dd24, queue size: 41)
2026-01-22 11:44:46,962 - DEBUG - ag_ui_adk.adk_agent - Got event #32 from queue: TextMessageContentEvent (thread 3cdee6da-c833-4872-bcfe-fa9459f0dd24)
2026-01-22 11:44:46,962 - DEBUG - ag_ui_adk.adk_agent - Streaming event #32: TextMessageContentEvent (thread 3cdee6da-c833-4872-bcfe-fa9459f0dd24)
2026-01-22 11:44:46,962 - DEBUG - ag_ui_adk.adk_agent - Yielding event: TextMessageContentEvent
2026-01-22 11:44:46,962 - DEBUG - ag_ui_adk.endpoint - HTTP Response: data: {"type":"TEXT_MESSAGE_CONTENT","messageId":"89156c75-ce3e-42a4-b35b-f89b9c2aa537","delta":"       "}


2026-01-22 11:44:46,962 - DEBUG - ag_ui_adk.adk_agent - Waiting for event from queue (thread 3cdee6da-c833-4872-bcfe-fa9459f0dd24, queue size: 40)
2026-01-22 11:44:46,962 - DEBUG - ag_ui_adk.adk_agent - Got event #33 from queue: TextMessageContentEvent (thread 3cdee6da-c833-4872-bcfe-fa9459f0dd24)
2026-01-22 11:44:46,962 - DEBUG - ag_ui_adk.adk_agent - Streaming event #33: TextMessageContentEvent (thread 3cdee6da-c833-4872-bcfe-fa9459f0dd24)
2026-01-22 11:44:46,962 - DEBUG - ag_ui_adk.adk_agent - Yielding event: TextMessageContentEvent
2026-01-22 11:44:46,962 - DEBUG - ag_ui_adk.endpoint - HTTP Response: data: {"type":"TEXT_MESSAGE_CONTENT","messageId":"89156c75-ce3e-42a4-b35b-f89b9c2aa537","delta":" \""}


2026-01-22 11:44:46,962 - DEBUG - ag_ui_adk.adk_agent - Waiting for event from queue (thread 3cdee6da-c833-4872-bcfe-fa9459f0dd24, queue size: 39)
2026-01-22 11:44:46,962 - DEBUG - ag_ui_adk.adk_agent - Got event #34 from queue: TextMessageContentEvent (thread 3cdee6da-c833-4872-bcfe-fa9459f0dd24)
2026-01-22 11:44:46,962 - DEBUG - ag_ui_adk.adk_agent - Streaming event #34: TextMessageContentEvent (thread 3cdee6da-c833-4872-bcfe-fa9459f0dd24)
2026-01-22 11:44:46,962 - DEBUG - ag_ui_adk.adk_agent - Yielding event: TextMessageContentEvent
2026-01-22 11:44:46,962 - DEBUG - ag_ui_adk.endpoint - HTTP Response: data: {"type":"TEXT_MESSAGE_CONTENT","messageId":"89156c75-ce3e-42a4-b35b-f89b9c2aa537","delta":"primary"}


2026-01-22 11:44:46,962 - DEBUG - ag_ui_adk.adk_agent - Waiting for event from queue (thread 3cdee6da-c833-4872-bcfe-fa9459f0dd24, queue size: 38)
2026-01-22 11:44:46,962 - DEBUG - ag_ui_adk.adk_agent - Got event #35 from queue: TextMessageContentEvent (thread 3cdee6da-c833-4872-bcfe-fa9459f0dd24)
2026-01-22 11:44:46,962 - DEBUG - ag_ui_adk.adk_agent - Streaming event #35: TextMessageContentEvent (thread 3cdee6da-c833-4872-bcfe-fa9459f0dd24)
2026-01-22 11:44:46,962 - DEBUG - ag_ui_adk.adk_agent - Yielding event: TextMessageContentEvent
2026-01-22 11:44:46,962 - DEBUG - ag_ui_adk.endpoint - HTTP Response: data: {"type":"TEXT_MESSAGE_CONTENT","messageId":"89156c75-ce3e-42a4-b35b-f89b9c2aa537","delta":"Color"}


2026-01-22 11:44:46,962 - DEBUG - ag_ui_adk.adk_agent - Waiting for event from queue (thread 3cdee6da-c833-4872-bcfe-fa9459f0dd24, queue size: 37)
2026-01-22 11:44:46,962 - DEBUG - ag_ui_adk.adk_agent - Got event #36 from queue: TextMessageContentEvent (thread 3cdee6da-c833-4872-bcfe-fa9459f0dd24)
2026-01-22 11:44:46,962 - DEBUG - ag_ui_adk.adk_agent - Streaming event #36: TextMessageContentEvent (thread 3cdee6da-c833-4872-bcfe-fa9459f0dd24)
2026-01-22 11:44:46,962 - DEBUG - ag_ui_adk.adk_agent - Yielding event: TextMessageContentEvent
2026-01-22 11:44:46,962 - DEBUG - ag_ui_adk.endpoint - HTTP Response: data: {"type":"TEXT_MESSAGE_CONTENT","messageId":"89156c75-ce3e-42a4-b35b-f89b9c2aa537","delta":"\":"}


2026-01-22 11:44:46,962 - DEBUG - ag_ui_adk.adk_agent - Waiting for event from queue (thread 3cdee6da-c833-4872-bcfe-fa9459f0dd24, queue size: 36)
2026-01-22 11:44:46,962 - DEBUG - ag_ui_adk.adk_agent - Got event #37 from queue: TextMessageContentEvent (thread 3cdee6da-c833-4872-bcfe-fa9459f0dd24)
2026-01-22 11:44:46,962 - DEBUG - ag_ui_adk.adk_agent - Streaming event #37: TextMessageContentEvent (thread 3cdee6da-c833-4872-bcfe-fa9459f0dd24)
2026-01-22 11:44:46,962 - DEBUG - ag_ui_adk.adk_agent - Yielding event: TextMessageContentEvent
2026-01-22 11:44:46,963 - DEBUG - ag_ui_adk.endpoint - HTTP Response: data: {"type":"TEXT_MESSAGE_CONTENT","messageId":"89156c75-ce3e-42a4-b35b-f89b9c2aa537","delta":" \"#"}


2026-01-22 11:44:46,963 - DEBUG - ag_ui_adk.adk_agent - Waiting for event from queue (thread 3cdee6da-c833-4872-bcfe-fa9459f0dd24, queue size: 35)
2026-01-22 11:44:46,963 - DEBUG - ag_ui_adk.adk_agent - Got event #38 from queue: TextMessageContentEvent (thread 3cdee6da-c833-4872-bcfe-fa9459f0dd24)
2026-01-22 11:44:46,963 - DEBUG - ag_ui_adk.adk_agent - Streaming event #38: TextMessageContentEvent (thread 3cdee6da-c833-4872-bcfe-fa9459f0dd24)
2026-01-22 11:44:46,963 - DEBUG - ag_ui_adk.adk_agent - Yielding event: TextMessageContentEvent
2026-01-22 11:44:46,963 - DEBUG - ag_ui_adk.endpoint - HTTP Response: data: {"type":"TEXT_MESSAGE_CONTENT","messageId":"89156c75-ce3e-42a4-b35b-f89b9c2aa537","delta":"FF"}


2026-01-22 11:44:46,963 - DEBUG - ag_ui_adk.adk_agent - Waiting for event from queue (thread 3cdee6da-c833-4872-bcfe-fa9459f0dd24, queue size: 34)
2026-01-22 11:44:46,963 - DEBUG - ag_ui_adk.adk_agent - Got event #39 from queue: TextMessageContentEvent (thread 3cdee6da-c833-4872-bcfe-fa9459f0dd24)
2026-01-22 11:44:46,963 - DEBUG - ag_ui_adk.adk_agent - Streaming event #39: TextMessageContentEvent (thread 3cdee6da-c833-4872-bcfe-fa9459f0dd24)
2026-01-22 11:44:46,963 - DEBUG - ag_ui_adk.adk_agent - Yielding event: TextMessageContentEvent
2026-01-22 11:44:46,963 - DEBUG - ag_ui_adk.endpoint - HTTP Response: data: {"type":"TEXT_MESSAGE_CONTENT","messageId":"89156c75-ce3e-42a4-b35b-f89b9c2aa537","delta":"000"}


2026-01-22 11:44:46,963 - DEBUG - ag_ui_adk.adk_agent - Waiting for event from queue (thread 3cdee6da-c833-4872-bcfe-fa9459f0dd24, queue size: 33)
2026-01-22 11:44:46,963 - DEBUG - ag_ui_adk.adk_agent - Got event #40 from queue: TextMessageContentEvent (thread 3cdee6da-c833-4872-bcfe-fa9459f0dd24)
2026-01-22 11:44:46,963 - DEBUG - ag_ui_adk.adk_agent - Streaming event #40: TextMessageContentEvent (thread 3cdee6da-c833-4872-bcfe-fa9459f0dd24)
2026-01-22 11:44:46,963 - DEBUG - ag_ui_adk.adk_agent - Yielding event: TextMessageContentEvent
2026-01-22 11:44:46,963 - DEBUG - ag_ui_adk.endpoint - HTTP Response: data: {"type":"TEXT_MESSAGE_CONTENT","messageId":"89156c75-ce3e-42a4-b35b-f89b9c2aa537","delta":"0"}


2026-01-22 11:44:46,963 - DEBUG - ag_ui_adk.adk_agent - Waiting for event from queue (thread 3cdee6da-c833-4872-bcfe-fa9459f0dd24, queue size: 32)
2026-01-22 11:44:46,963 - DEBUG - ag_ui_adk.adk_agent - Got event #41 from queue: TextMessageContentEvent (thread 3cdee6da-c833-4872-bcfe-fa9459f0dd24)
2026-01-22 11:44:46,963 - DEBUG - ag_ui_adk.adk_agent - Streaming event #41: TextMessageContentEvent (thread 3cdee6da-c833-4872-bcfe-fa9459f0dd24)
2026-01-22 11:44:46,963 - DEBUG - ag_ui_adk.adk_agent - Yielding event: TextMessageContentEvent
2026-01-22 11:44:46,963 - DEBUG - ag_ui_adk.endpoint - HTTP Response: data: {"type":"TEXT_MESSAGE_CONTENT","messageId":"89156c75-ce3e-42a4-b35b-f89b9c2aa537","delta":"\",\n"}


2026-01-22 11:44:46,963 - DEBUG - ag_ui_adk.adk_agent - Waiting for event from queue (thread 3cdee6da-c833-4872-bcfe-fa9459f0dd24, queue size: 31)
2026-01-22 11:44:46,963 - DEBUG - ag_ui_adk.adk_agent - Got event #42 from queue: TextMessageContentEvent (thread 3cdee6da-c833-4872-bcfe-fa9459f0dd24)
2026-01-22 11:44:46,963 - DEBUG - ag_ui_adk.adk_agent - Streaming event #42: TextMessageContentEvent (thread 3cdee6da-c833-4872-bcfe-fa9459f0dd24)
2026-01-22 11:44:46,963 - DEBUG - ag_ui_adk.adk_agent - Yielding event: TextMessageContentEvent
2026-01-22 11:44:46,963 - DEBUG - ag_ui_adk.endpoint - HTTP Response: data: {"type":"TEXT_MESSAGE_CONTENT","messageId":"89156c75-ce3e-42a4-b35b-f89b9c2aa537","delta":"       "}


2026-01-22 11:44:46,963 - DEBUG - ag_ui_adk.adk_agent - Waiting for event from queue (thread 3cdee6da-c833-4872-bcfe-fa9459f0dd24, queue size: 30)
2026-01-22 11:44:46,963 - DEBUG - ag_ui_adk.adk_agent - Got event #43 from queue: TextMessageContentEvent (thread 3cdee6da-c833-4872-bcfe-fa9459f0dd24)
2026-01-22 11:44:46,963 - DEBUG - ag_ui_adk.adk_agent - Streaming event #43: TextMessageContentEvent (thread 3cdee6da-c833-4872-bcfe-fa9459f0dd24)
2026-01-22 11:44:46,963 - DEBUG - ag_ui_adk.adk_agent - Yielding event: TextMessageContentEvent
2026-01-22 11:44:46,963 - DEBUG - ag_ui_adk.endpoint - HTTP Response: data: {"type":"TEXT_MESSAGE_CONTENT","messageId":"89156c75-ce3e-42a4-b35b-f89b9c2aa537","delta":" \""}


2026-01-22 11:44:46,963 - DEBUG - ag_ui_adk.adk_agent - Waiting for event from queue (thread 3cdee6da-c833-4872-bcfe-fa9459f0dd24, queue size: 29)
2026-01-22 11:44:46,963 - DEBUG - ag_ui_adk.adk_agent - Got event #44 from queue: TextMessageContentEvent (thread 3cdee6da-c833-4872-bcfe-fa9459f0dd24)
2026-01-22 11:44:46,963 - DEBUG - ag_ui_adk.adk_agent - Streaming event #44: TextMessageContentEvent (thread 3cdee6da-c833-4872-bcfe-fa9459f0dd24)
2026-01-22 11:44:46,963 - DEBUG - ag_ui_adk.adk_agent - Yielding event: TextMessageContentEvent
2026-01-22 11:44:46,963 - DEBUG - ag_ui_adk.endpoint - HTTP Response: data: {"type":"TEXT_MESSAGE_CONTENT","messageId":"89156c75-ce3e-42a4-b35b-f89b9c2aa537","delta":"font"}


2026-01-22 11:44:46,963 - DEBUG - ag_ui_adk.adk_agent - Waiting for event from queue (thread 3cdee6da-c833-4872-bcfe-fa9459f0dd24, queue size: 28)
2026-01-22 11:44:46,963 - DEBUG - ag_ui_adk.adk_agent - Got event #45 from queue: TextMessageContentEvent (thread 3cdee6da-c833-4872-bcfe-fa9459f0dd24)
2026-01-22 11:44:46,963 - DEBUG - ag_ui_adk.adk_agent - Streaming event #45: TextMessageContentEvent (thread 3cdee6da-c833-4872-bcfe-fa9459f0dd24)
2026-01-22 11:44:46,963 - DEBUG - ag_ui_adk.adk_agent - Yielding event: TextMessageContentEvent
2026-01-22 11:44:46,963 - DEBUG - ag_ui_adk.endpoint - HTTP Response: data: {"type":"TEXT_MESSAGE_CONTENT","messageId":"89156c75-ce3e-42a4-b35b-f89b9c2aa537","delta":"\":"}


2026-01-22 11:44:46,963 - DEBUG - ag_ui_adk.adk_agent - Waiting for event from queue (thread 3cdee6da-c833-4872-bcfe-fa9459f0dd24, queue size: 27)
2026-01-22 11:44:46,963 - DEBUG - ag_ui_adk.adk_agent - Got event #46 from queue: TextMessageContentEvent (thread 3cdee6da-c833-4872-bcfe-fa9459f0dd24)
2026-01-22 11:44:46,963 - DEBUG - ag_ui_adk.adk_agent - Streaming event #46: TextMessageContentEvent (thread 3cdee6da-c833-4872-bcfe-fa9459f0dd24)
2026-01-22 11:44:46,963 - DEBUG - ag_ui_adk.adk_agent - Yielding event: TextMessageContentEvent
2026-01-22 11:44:46,963 - DEBUG - ag_ui_adk.endpoint - HTTP Response: data: {"type":"TEXT_MESSAGE_CONTENT","messageId":"89156c75-ce3e-42a4-b35b-f89b9c2aa537","delta":" \""}


2026-01-22 11:44:46,963 - DEBUG - ag_ui_adk.adk_agent - Waiting for event from queue (thread 3cdee6da-c833-4872-bcfe-fa9459f0dd24, queue size: 26)
2026-01-22 11:44:46,963 - DEBUG - ag_ui_adk.adk_agent - Got event #47 from queue: TextMessageContentEvent (thread 3cdee6da-c833-4872-bcfe-fa9459f0dd24)
2026-01-22 11:44:46,964 - DEBUG - ag_ui_adk.adk_agent - Streaming event #47: TextMessageContentEvent (thread 3cdee6da-c833-4872-bcfe-fa9459f0dd24)
2026-01-22 11:44:46,964 - DEBUG - ag_ui_adk.adk_agent - Yielding event: TextMessageContentEvent
2026-01-22 11:44:46,964 - DEBUG - ag_ui_adk.endpoint - HTTP Response: data: {"type":"TEXT_MESSAGE_CONTENT","messageId":"89156c75-ce3e-42a4-b35b-f89b9c2aa537","delta":"Roboto"}


2026-01-22 11:44:46,964 - DEBUG - ag_ui_adk.adk_agent - Waiting for event from queue (thread 3cdee6da-c833-4872-bcfe-fa9459f0dd24, queue size: 25)
2026-01-22 11:44:46,964 - DEBUG - ag_ui_adk.adk_agent - Got event #48 from queue: TextMessageContentEvent (thread 3cdee6da-c833-4872-bcfe-fa9459f0dd24)
2026-01-22 11:44:46,964 - DEBUG - ag_ui_adk.adk_agent - Streaming event #48: TextMessageContentEvent (thread 3cdee6da-c833-4872-bcfe-fa9459f0dd24)
2026-01-22 11:44:46,964 - DEBUG - ag_ui_adk.adk_agent - Yielding event: TextMessageContentEvent
2026-01-22 11:44:46,964 - DEBUG - ag_ui_adk.endpoint - HTTP Response: data: {"type":"TEXT_MESSAGE_CONTENT","messageId":"89156c75-ce3e-42a4-b35b-f89b9c2aa537","delta":"\"\n"}


2026-01-22 11:44:46,964 - DEBUG - ag_ui_adk.adk_agent - Waiting for event from queue (thread 3cdee6da-c833-4872-bcfe-fa9459f0dd24, queue size: 24)
2026-01-22 11:44:46,964 - DEBUG - ag_ui_adk.adk_agent - Got event #49 from queue: TextMessageContentEvent (thread 3cdee6da-c833-4872-bcfe-fa9459f0dd24)
2026-01-22 11:44:46,964 - DEBUG - ag_ui_adk.adk_agent - Streaming event #49: TextMessageContentEvent (thread 3cdee6da-c833-4872-bcfe-fa9459f0dd24)
2026-01-22 11:44:46,964 - DEBUG - ag_ui_adk.adk_agent - Yielding event: TextMessageContentEvent
2026-01-22 11:44:46,964 - DEBUG - ag_ui_adk.endpoint - HTTP Response: data: {"type":"TEXT_MESSAGE_CONTENT","messageId":"89156c75-ce3e-42a4-b35b-f89b9c2aa537","delta":"     "}


2026-01-22 11:44:46,964 - DEBUG - ag_ui_adk.adk_agent - Waiting for event from queue (thread 3cdee6da-c833-4872-bcfe-fa9459f0dd24, queue size: 23)
2026-01-22 11:44:46,964 - DEBUG - ag_ui_adk.adk_agent - Got event #50 from queue: TextMessageContentEvent (thread 3cdee6da-c833-4872-bcfe-fa9459f0dd24)
2026-01-22 11:44:46,964 - DEBUG - ag_ui_adk.adk_agent - Streaming event #50: TextMessageContentEvent (thread 3cdee6da-c833-4872-bcfe-fa9459f0dd24)
2026-01-22 11:44:46,964 - DEBUG - ag_ui_adk.adk_agent - Yielding event: TextMessageContentEvent
2026-01-22 11:44:46,964 - DEBUG - ag_ui_adk.endpoint - HTTP Response: data: {"type":"TEXT_MESSAGE_CONTENT","messageId":"89156c75-ce3e-42a4-b35b-f89b9c2aa537","delta":" }\n"}


2026-01-22 11:44:46,964 - DEBUG - ag_ui_adk.adk_agent - Waiting for event from queue (thread 3cdee6da-c833-4872-bcfe-fa9459f0dd24, queue size: 22)
2026-01-22 11:44:46,964 - DEBUG - ag_ui_adk.adk_agent - Got event #51 from queue: TextMessageContentEvent (thread 3cdee6da-c833-4872-bcfe-fa9459f0dd24)
2026-01-22 11:44:46,964 - DEBUG - ag_ui_adk.adk_agent - Streaming event #51: TextMessageContentEvent (thread 3cdee6da-c833-4872-bcfe-fa9459f0dd24)
2026-01-22 11:44:46,964 - DEBUG - ag_ui_adk.adk_agent - Yielding event: TextMessageContentEvent
2026-01-22 11:44:46,964 - DEBUG - ag_ui_adk.endpoint - HTTP Response: data: {"type":"TEXT_MESSAGE_CONTENT","messageId":"89156c75-ce3e-42a4-b35b-f89b9c2aa537","delta":"   "}


2026-01-22 11:44:46,964 - DEBUG - ag_ui_adk.adk_agent - Waiting for event from queue (thread 3cdee6da-c833-4872-bcfe-fa9459f0dd24, queue size: 21)
2026-01-22 11:44:46,964 - DEBUG - ag_ui_adk.adk_agent - Got event #52 from queue: TextMessageContentEvent (thread 3cdee6da-c833-4872-bcfe-fa9459f0dd24)
2026-01-22 11:44:46,964 - DEBUG - ag_ui_adk.adk_agent - Streaming event #52: TextMessageContentEvent (thread 3cdee6da-c833-4872-bcfe-fa9459f0dd24)
2026-01-22 11:44:46,964 - DEBUG - ag_ui_adk.adk_agent - Yielding event: TextMessageContentEvent
2026-01-22 11:44:46,964 - DEBUG - ag_ui_adk.endpoint - HTTP Response: data: {"type":"TEXT_MESSAGE_CONTENT","messageId":"89156c75-ce3e-42a4-b35b-f89b9c2aa537","delta":" }\n"}


2026-01-22 11:44:46,964 - DEBUG - ag_ui_adk.adk_agent - Waiting for event from queue (thread 3cdee6da-c833-4872-bcfe-fa9459f0dd24, queue size: 20)
2026-01-22 11:44:46,964 - DEBUG - ag_ui_adk.adk_agent - Got event #53 from queue: TextMessageContentEvent (thread 3cdee6da-c833-4872-bcfe-fa9459f0dd24)
2026-01-22 11:44:46,964 - DEBUG - ag_ui_adk.adk_agent - Streaming event #53: TextMessageContentEvent (thread 3cdee6da-c833-4872-bcfe-fa9459f0dd24)
2026-01-22 11:44:46,964 - DEBUG - ag_ui_adk.adk_agent - Yielding event: TextMessageContentEvent
2026-01-22 11:44:46,964 - DEBUG - ag_ui_adk.endpoint - HTTP Response: data: {"type":"TEXT_MESSAGE_CONTENT","messageId":"89156c75-ce3e-42a4-b35b-f89b9c2aa537","delta":" "}


2026-01-22 11:44:46,964 - DEBUG - ag_ui_adk.adk_agent - Waiting for event from queue (thread 3cdee6da-c833-4872-bcfe-fa9459f0dd24, queue size: 19)
2026-01-22 11:44:46,964 - DEBUG - ag_ui_adk.adk_agent - Got event #54 from queue: TextMessageContentEvent (thread 3cdee6da-c833-4872-bcfe-fa9459f0dd24)
2026-01-22 11:44:46,964 - DEBUG - ag_ui_adk.adk_agent - Streaming event #54: TextMessageContentEvent (thread 3cdee6da-c833-4872-bcfe-fa9459f0dd24)
2026-01-22 11:44:46,964 - DEBUG - ag_ui_adk.adk_agent - Yielding event: TextMessageContentEvent
2026-01-22 11:44:46,964 - DEBUG - ag_ui_adk.endpoint - HTTP Response: data: {"type":"TEXT_MESSAGE_CONTENT","messageId":"89156c75-ce3e-42a4-b35b-f89b9c2aa537","delta":" },\n"}


2026-01-22 11:44:46,964 - DEBUG - ag_ui_adk.adk_agent - Waiting for event from queue (thread 3cdee6da-c833-4872-bcfe-fa9459f0dd24, queue size: 18)
2026-01-22 11:44:46,964 - DEBUG - ag_ui_adk.adk_agent - Got event #55 from queue: TextMessageContentEvent (thread 3cdee6da-c833-4872-bcfe-fa9459f0dd24)
2026-01-22 11:44:46,964 - DEBUG - ag_ui_adk.adk_agent - Streaming event #55: TextMessageContentEvent (thread 3cdee6da-c833-4872-bcfe-fa9459f0dd24)
2026-01-22 11:44:46,964 - DEBUG - ag_ui_adk.adk_agent - Yielding event: TextMessageContentEvent
2026-01-22 11:44:46,964 - DEBUG - ag_ui_adk.endpoint - HTTP Response: data: {"type":"TEXT_MESSAGE_CONTENT","messageId":"89156c75-ce3e-42a4-b35b-f89b9c2aa537","delta":" "}


2026-01-22 11:44:46,964 - DEBUG - ag_ui_adk.adk_agent - Waiting for event from queue (thread 3cdee6da-c833-4872-bcfe-fa9459f0dd24, queue size: 17)
2026-01-22 11:44:46,964 - DEBUG - ag_ui_adk.adk_agent - Got event #56 from queue: TextMessageContentEvent (thread 3cdee6da-c833-4872-bcfe-fa9459f0dd24)
2026-01-22 11:44:46,964 - DEBUG - ag_ui_adk.adk_agent - Streaming event #56: TextMessageContentEvent (thread 3cdee6da-c833-4872-bcfe-fa9459f0dd24)
2026-01-22 11:44:46,964 - DEBUG - ag_ui_adk.adk_agent - Yielding event: TextMessageContentEvent
2026-01-22 11:44:46,964 - DEBUG - ag_ui_adk.endpoint - HTTP Response: data: {"type":"TEXT_MESSAGE_CONTENT","messageId":"89156c75-ce3e-42a4-b35b-f89b9c2aa537","delta":" {\n"}


2026-01-22 11:44:46,964 - DEBUG - ag_ui_adk.adk_agent - Waiting for event from queue (thread 3cdee6da-c833-4872-bcfe-fa9459f0dd24, queue size: 16)
2026-01-22 11:44:46,964 - DEBUG - ag_ui_adk.adk_agent - Got event #57 from queue: TextMessageContentEvent (thread 3cdee6da-c833-4872-bcfe-fa9459f0dd24)
2026-01-22 11:44:46,964 - DEBUG - ag_ui_adk.adk_agent - Streaming event #57: TextMessageContentEvent (thread 3cdee6da-c833-4872-bcfe-fa9459f0dd24)
2026-01-22 11:44:46,964 - DEBUG - ag_ui_adk.adk_agent - Yielding event: TextMessageContentEvent
2026-01-22 11:44:46,964 - DEBUG - ag_ui_adk.endpoint - HTTP Response: data: {"type":"TEXT_MESSAGE_CONTENT","messageId":"89156c75-ce3e-42a4-b35b-f89b9c2aa537","delta":"   "}


2026-01-22 11:44:46,964 - DEBUG - ag_ui_adk.adk_agent - Waiting for event from queue (thread 3cdee6da-c833-4872-bcfe-fa9459f0dd24, queue size: 15)
2026-01-22 11:44:46,964 - DEBUG - ag_ui_adk.adk_agent - Got event #58 from queue: TextMessageContentEvent (thread 3cdee6da-c833-4872-bcfe-fa9459f0dd24)
2026-01-22 11:44:46,964 - DEBUG - ag_ui_adk.adk_agent - Streaming event #58: TextMessageContentEvent (thread 3cdee6da-c833-4872-bcfe-fa9459f0dd24)
2026-01-22 11:44:46,964 - DEBUG - ag_ui_adk.adk_agent - Yielding event: TextMessageContentEvent
2026-01-22 11:44:46,964 - DEBUG - ag_ui_adk.endpoint - HTTP Response: data: {"type":"TEXT_MESSAGE_CONTENT","messageId":"89156c75-ce3e-42a4-b35b-f89b9c2aa537","delta":" \""}


2026-01-22 11:44:46,964 - DEBUG - ag_ui_adk.adk_agent - Waiting for event from queue (thread 3cdee6da-c833-4872-bcfe-fa9459f0dd24, queue size: 14)
2026-01-22 11:44:46,964 - DEBUG - ag_ui_adk.adk_agent - Got event #59 from queue: TextMessageContentEvent (thread 3cdee6da-c833-4872-bcfe-fa9459f0dd24)
2026-01-22 11:44:46,964 - DEBUG - ag_ui_adk.adk_agent - Streaming event #59: TextMessageContentEvent (thread 3cdee6da-c833-4872-bcfe-fa9459f0dd24)
2026-01-22 11:44:46,964 - DEBUG - ag_ui_adk.adk_agent - Yielding event: TextMessageContentEvent
2026-01-22 11:44:46,964 - DEBUG - ag_ui_adk.endpoint - HTTP Response: data: {"type":"TEXT_MESSAGE_CONTENT","messageId":"89156c75-ce3e-42a4-b35b-f89b9c2aa537","delta":"surface"}


2026-01-22 11:44:46,964 - DEBUG - ag_ui_adk.adk_agent - Waiting for event from queue (thread 3cdee6da-c833-4872-bcfe-fa9459f0dd24, queue size: 13)
2026-01-22 11:44:46,964 - DEBUG - ag_ui_adk.adk_agent - Got event #60 from queue: TextMessageContentEvent (thread 3cdee6da-c833-4872-bcfe-fa9459f0dd24)
2026-01-22 11:44:46,964 - DEBUG - ag_ui_adk.adk_agent - Streaming event #60: TextMessageContentEvent (thread 3cdee6da-c833-4872-bcfe-fa9459f0dd24)
2026-01-22 11:44:46,964 - DEBUG - ag_ui_adk.adk_agent - Yielding event: TextMessageContentEvent
2026-01-22 11:44:46,964 - DEBUG - ag_ui_adk.endpoint - HTTP Response: data: {"type":"TEXT_MESSAGE_CONTENT","messageId":"89156c75-ce3e-42a4-b35b-f89b9c2aa537","delta":"Update"}


2026-01-22 11:44:46,964 - DEBUG - ag_ui_adk.adk_agent - Waiting for event from queue (thread 3cdee6da-c833-4872-bcfe-fa9459f0dd24, queue size: 12)
2026-01-22 11:44:46,964 - DEBUG - ag_ui_adk.adk_agent - Got event #61 from queue: TextMessageContentEvent (thread 3cdee6da-c833-4872-bcfe-fa9459f0dd24)
2026-01-22 11:44:46,964 - DEBUG - ag_ui_adk.adk_agent - Streaming event #61: TextMessageContentEvent (thread 3cdee6da-c833-4872-bcfe-fa9459f0dd24)
2026-01-22 11:44:46,964 - DEBUG - ag_ui_adk.adk_agent - Yielding event: TextMessageContentEvent
2026-01-22 11:44:46,965 - DEBUG - ag_ui_adk.endpoint - HTTP Response: data: {"type":"TEXT_MESSAGE_CONTENT","messageId":"89156c75-ce3e-42a4-b35b-f89b9c2aa537","delta":"\":"}


2026-01-22 11:44:46,965 - DEBUG - ag_ui_adk.adk_agent - Waiting for event from queue (thread 3cdee6da-c833-4872-bcfe-fa9459f0dd24, queue size: 11)
2026-01-22 11:44:46,965 - DEBUG - ag_ui_adk.adk_agent - Got event #62 from queue: TextMessageContentEvent (thread 3cdee6da-c833-4872-bcfe-fa9459f0dd24)
2026-01-22 11:44:46,965 - DEBUG - ag_ui_adk.adk_agent - Streaming event #62: TextMessageContentEvent (thread 3cdee6da-c833-4872-bcfe-fa9459f0dd24)
2026-01-22 11:44:46,965 - DEBUG - ag_ui_adk.adk_agent - Yielding event: TextMessageContentEvent
2026-01-22 11:44:46,965 - DEBUG - ag_ui_adk.endpoint - HTTP Response: data: {"type":"TEXT_MESSAGE_CONTENT","messageId":"89156c75-ce3e-42a4-b35b-f89b9c2aa537","delta":" {\n"}


2026-01-22 11:44:46,965 - DEBUG - ag_ui_adk.adk_agent - Waiting for event from queue (thread 3cdee6da-c833-4872-bcfe-fa9459f0dd24, queue size: 10)
2026-01-22 11:44:46,965 - DEBUG - ag_ui_adk.adk_agent - Got event #63 from queue: TextMessageContentEvent (thread 3cdee6da-c833-4872-bcfe-fa9459f0dd24)
2026-01-22 11:44:46,965 - DEBUG - ag_ui_adk.adk_agent - Streaming event #63: TextMessageContentEvent (thread 3cdee6da-c833-4872-bcfe-fa9459f0dd24)
2026-01-22 11:44:46,965 - DEBUG - ag_ui_adk.adk_agent - Yielding event: TextMessageContentEvent
2026-01-22 11:44:46,965 - DEBUG - ag_ui_adk.endpoint - HTTP Response: data: {"type":"TEXT_MESSAGE_CONTENT","messageId":"89156c75-ce3e-42a4-b35b-f89b9c2aa537","delta":"     "}


2026-01-22 11:44:46,965 - DEBUG - ag_ui_adk.adk_agent - Waiting for event from queue (thread 3cdee6da-c833-4872-bcfe-fa9459f0dd24, queue size: 9)
2026-01-22 11:44:46,965 - DEBUG - ag_ui_adk.adk_agent - Got event #64 from queue: TextMessageContentEvent (thread 3cdee6da-c833-4872-bcfe-fa9459f0dd24)
2026-01-22 11:44:46,965 - DEBUG - ag_ui_adk.adk_agent - Streaming event #64: TextMessageContentEvent (thread 3cdee6da-c833-4872-bcfe-fa9459f0dd24)
2026-01-22 11:44:46,965 - DEBUG - ag_ui_adk.adk_agent - Yielding event: TextMessageContentEvent
2026-01-22 11:44:46,965 - DEBUG - ag_ui_adk.endpoint - HTTP Response: data: {"type":"TEXT_MESSAGE_CONTENT","messageId":"89156c75-ce3e-42a4-b35b-f89b9c2aa537","delta":" \""}


2026-01-22 11:44:46,965 - DEBUG - ag_ui_adk.adk_agent - Waiting for event from queue (thread 3cdee6da-c833-4872-bcfe-fa9459f0dd24, queue size: 8)
2026-01-22 11:44:46,965 - DEBUG - ag_ui_adk.adk_agent - Got event #65 from queue: TextMessageContentEvent (thread 3cdee6da-c833-4872-bcfe-fa9459f0dd24)
2026-01-22 11:44:46,965 - DEBUG - ag_ui_adk.adk_agent - Streaming event #65: TextMessageContentEvent (thread 3cdee6da-c833-4872-bcfe-fa9459f0dd24)
2026-01-22 11:44:46,965 - DEBUG - ag_ui_adk.adk_agent - Yielding event: TextMessageContentEvent
2026-01-22 11:44:46,965 - DEBUG - ag_ui_adk.endpoint - HTTP Response: data: {"type":"TEXT_MESSAGE_CONTENT","messageId":"89156c75-ce3e-42a4-b35b-f89b9c2aa537","delta":"surface"}


2026-01-22 11:44:46,965 - DEBUG - ag_ui_adk.adk_agent - Waiting for event from queue (thread 3cdee6da-c833-4872-bcfe-fa9459f0dd24, queue size: 7)
2026-01-22 11:44:46,965 - DEBUG - ag_ui_adk.adk_agent - Got event #66 from queue: TextMessageContentEvent (thread 3cdee6da-c833-4872-bcfe-fa9459f0dd24)
2026-01-22 11:44:46,965 - DEBUG - ag_ui_adk.adk_agent - Streaming event #66: TextMessageContentEvent (thread 3cdee6da-c833-4872-bcfe-fa9459f0dd24)
2026-01-22 11:44:46,965 - DEBUG - ag_ui_adk.adk_agent - Yielding event: TextMessageContentEvent
2026-01-22 11:44:46,965 - DEBUG - ag_ui_adk.endpoint - HTTP Response: data: {"type":"TEXT_MESSAGE_CONTENT","messageId":"89156c75-ce3e-42a4-b35b-f89b9c2aa537","delta":"Id"}


2026-01-22 11:44:46,968 - DEBUG - ag_ui_adk.adk_agent - Waiting for event from queue (thread 3cdee6da-c833-4872-bcfe-fa9459f0dd24, queue size: 6)
2026-01-22 11:44:46,968 - DEBUG - ag_ui_adk.adk_agent - Got event #67 from queue: TextMessageContentEvent (thread 3cdee6da-c833-4872-bcfe-fa9459f0dd24)
2026-01-22 11:44:46,968 - DEBUG - ag_ui_adk.adk_agent - Streaming event #67: TextMessageContentEvent (thread 3cdee6da-c833-4872-bcfe-fa9459f0dd24)
2026-01-22 11:44:46,968 - DEBUG - ag_ui_adk.adk_agent - Yielding event: TextMessageContentEvent
2026-01-22 11:44:46,968 - DEBUG - ag_ui_adk.endpoint - HTTP Response: data: {"type":"TEXT_MESSAGE_CONTENT","messageId":"89156c75-ce3e-42a4-b35b-f89b9c2aa537","delta":"\":"}


2026-01-22 11:44:46,968 - DEBUG - ag_ui_adk.adk_agent - Waiting for event from queue (thread 3cdee6da-c833-4872-bcfe-fa9459f0dd24, queue size: 5)
2026-01-22 11:44:46,968 - DEBUG - ag_ui_adk.adk_agent - Got event #68 from queue: TextMessageContentEvent (thread 3cdee6da-c833-4872-bcfe-fa9459f0dd24)
2026-01-22 11:44:46,968 - DEBUG - ag_ui_adk.adk_agent - Streaming event #68: TextMessageContentEvent (thread 3cdee6da-c833-4872-bcfe-fa9459f0dd24)
2026-01-22 11:44:46,968 - DEBUG - ag_ui_adk.adk_agent - Yielding event: TextMessageContentEvent
2026-01-22 11:44:46,968 - DEBUG - ag_ui_adk.endpoint - HTTP Response: data: {"type":"TEXT_MESSAGE_CONTENT","messageId":"89156c75-ce3e-42a4-b35b-f89b9c2aa537","delta":" \""}


2026-01-22 11:44:46,968 - DEBUG - ag_ui_adk.adk_agent - Waiting for event from queue (thread 3cdee6da-c833-4872-bcfe-fa9459f0dd24, queue size: 4)
2026-01-22 11:44:46,968 - DEBUG - ag_ui_adk.adk_agent - Got event #69 from queue: TextMessageContentEvent (thread 3cdee6da-c833-4872-bcfe-fa9459f0dd24)
2026-01-22 11:44:46,968 - DEBUG - ag_ui_adk.adk_agent - Streaming event #69: TextMessageContentEvent (thread 3cdee6da-c833-4872-bcfe-fa9459f0dd24)
2026-01-22 11:44:46,968 - DEBUG - ag_ui_adk.adk_agent - Yielding event: TextMessageContentEvent
2026-01-22 11:44:46,968 - DEBUG - ag_ui_adk.endpoint - HTTP Response: data: {"type":"TEXT_MESSAGE_CONTENT","messageId":"89156c75-ce3e-42a4-b35b-f89b9c2aa537","delta":"default"}


2026-01-22 11:44:46,969 - DEBUG - ag_ui_adk.adk_agent - Waiting for event from queue (thread 3cdee6da-c833-4872-bcfe-fa9459f0dd24, queue size: 3)
2026-01-22 11:44:46,969 - DEBUG - ag_ui_adk.adk_agent - Got event #70 from queue: TextMessageContentEvent (thread 3cdee6da-c833-4872-bcfe-fa9459f0dd24)
2026-01-22 11:44:46,969 - DEBUG - ag_ui_adk.adk_agent - Streaming event #70: TextMessageContentEvent (thread 3cdee6da-c833-4872-bcfe-fa9459f0dd24)
2026-01-22 11:44:46,969 - DEBUG - ag_ui_adk.adk_agent - Yielding event: TextMessageContentEvent
2026-01-22 11:44:46,969 - DEBUG - ag_ui_adk.endpoint - HTTP Response: data: {"type":"TEXT_MESSAGE_CONTENT","messageId":"89156c75-ce3e-42a4-b35b-f89b9c2aa537","delta":"\",\n"}


2026-01-22 11:44:46,969 - DEBUG - ag_ui_adk.adk_agent - Waiting for event from queue (thread 3cdee6da-c833-4872-bcfe-fa9459f0dd24, queue size: 2)
2026-01-22 11:44:46,969 - DEBUG - ag_ui_adk.adk_agent - Got event #71 from queue: TextMessageContentEvent (thread 3cdee6da-c833-4872-bcfe-fa9459f0dd24)
2026-01-22 11:44:46,969 - DEBUG - ag_ui_adk.adk_agent - Streaming event #71: TextMessageContentEvent (thread 3cdee6da-c833-4872-bcfe-fa9459f0dd24)
2026-01-22 11:44:46,969 - DEBUG - ag_ui_adk.adk_agent - Yielding event: TextMessageContentEvent
2026-01-22 11:44:46,969 - DEBUG - ag_ui_adk.endpoint - HTTP Response: data: {"type":"TEXT_MESSAGE_CONTENT","messageId":"89156c75-ce3e-42a4-b35b-f89b9c2aa537","delta":"     "}


2026-01-22 11:44:46,969 - DEBUG - ag_ui_adk.adk_agent - Waiting for event from queue (thread 3cdee6da-c833-4872-bcfe-fa9459f0dd24, queue size: 1)
2026-01-22 11:44:46,969 - DEBUG - ag_ui_adk.adk_agent - Got event #72 from queue: TextMessageContentEvent (thread 3cdee6da-c833-4872-bcfe-fa9459f0dd24)
2026-01-22 11:44:46,969 - DEBUG - ag_ui_adk.adk_agent - Streaming event #72: TextMessageContentEvent (thread 3cdee6da-c833-4872-bcfe-fa9459f0dd24)
2026-01-22 11:44:46,969 - DEBUG - ag_ui_adk.adk_agent - Yielding event: TextMessageContentEvent
2026-01-22 11:44:46,969 - DEBUG - ag_ui_adk.endpoint - HTTP Response: data: {"type":"TEXT_MESSAGE_CONTENT","messageId":"89156c75-ce3e-42a4-b35b-f89b9c2aa537","delta":" \""}


2026-01-22 11:44:46,969 - DEBUG - ag_ui_adk.adk_agent - Waiting for event from queue (thread 3cdee6da-c833-4872-bcfe-fa9459f0dd24, queue size: 0)
2026-01-22 11:44:46,970 - DEBUG - ag_ui_adk.adk_agent - Emitting event to queue: TextMessageContentEvent (thread 3cdee6da-c833-4872-bcfe-fa9459f0dd24, queue size before: 0)
2026-01-22 11:44:46,970 - DEBUG - ag_ui_adk.adk_agent - Event queued: TextMessageContentEvent (thread 3cdee6da-c833-4872-bcfe-fa9459f0dd24, queue size after: 1)
2026-01-22 11:44:46,971 - DEBUG - ag_ui_adk.adk_agent - Emitting event to queue: TextMessageContentEvent (thread 3cdee6da-c833-4872-bcfe-fa9459f0dd24, queue size before: 1)
2026-01-22 11:44:46,971 - DEBUG - ag_ui_adk.adk_agent - Event queued: TextMessageContentEvent (thread 3cdee6da-c833-4872-bcfe-fa9459f0dd24, queue size after: 2)
2026-01-22 11:44:46,971 - DEBUG - ag_ui_adk.adk_agent - Emitting event to queue: TextMessageContentEvent (thread 3cdee6da-c833-4872-bcfe-fa9459f0dd24, queue size before: 2)
2026-01-22 11:44:46,971 - DEBUG - ag_ui_adk.adk_agent - Event queued: TextMessageContentEvent (thread 3cdee6da-c833-4872-bcfe-fa9459f0dd24, queue size after: 3)
2026-01-22 11:44:46,971 - DEBUG - ag_ui_adk.adk_agent - Emitting event to queue: TextMessageContentEvent (thread 3cdee6da-c833-4872-bcfe-fa9459f0dd24, queue size before: 3)
2026-01-22 11:44:46,971 - DEBUG - ag_ui_adk.adk_agent - Event queued: TextMessageContentEvent (thread 3cdee6da-c833-4872-bcfe-fa9459f0dd24, queue size after: 4)
2026-01-22 11:44:46,971 - DEBUG - ag_ui_adk.adk_agent - Got event #73 from queue: TextMessageContentEvent (thread 3cdee6da-c833-4872-bcfe-fa9459f0dd24)
2026-01-22 11:44:46,971 - DEBUG - ag_ui_adk.adk_agent - Streaming event #73: TextMessageContentEvent (thread 3cdee6da-c833-4872-bcfe-fa9459f0dd24)
2026-01-22 11:44:46,971 - DEBUG - ag_ui_adk.adk_agent - Yielding event: TextMessageContentEvent
2026-01-22 11:44:46,971 - DEBUG - ag_ui_adk.endpoint - HTTP Response: data: {"type":"TEXT_MESSAGE_CONTENT","messageId":"89156c75-ce3e-42a4-b35b-f89b9c2aa537","delta":"components"}


2026-01-22 11:44:46,972 - DEBUG - ag_ui_adk.adk_agent - Waiting for event from queue (thread 3cdee6da-c833-4872-bcfe-fa9459f0dd24, queue size: 3)
2026-01-22 11:44:46,972 - DEBUG - ag_ui_adk.adk_agent - Got event #74 from queue: TextMessageContentEvent (thread 3cdee6da-c833-4872-bcfe-fa9459f0dd24)
2026-01-22 11:44:46,972 - DEBUG - ag_ui_adk.adk_agent - Streaming event #74: TextMessageContentEvent (thread 3cdee6da-c833-4872-bcfe-fa9459f0dd24)
2026-01-22 11:44:46,972 - DEBUG - ag_ui_adk.adk_agent - Yielding event: TextMessageContentEvent
2026-01-22 11:44:46,972 - DEBUG - ag_ui_adk.endpoint - HTTP Response: data: {"type":"TEXT_MESSAGE_CONTENT","messageId":"89156c75-ce3e-42a4-b35b-f89b9c2aa537","delta":"\":"}


2026-01-22 11:44:46,972 - DEBUG - ag_ui_adk.adk_agent - Waiting for event from queue (thread 3cdee6da-c833-4872-bcfe-fa9459f0dd24, queue size: 2)
2026-01-22 11:44:46,972 - DEBUG - ag_ui_adk.adk_agent - Got event #75 from queue: TextMessageContentEvent (thread 3cdee6da-c833-4872-bcfe-fa9459f0dd24)
2026-01-22 11:44:46,972 - DEBUG - ag_ui_adk.adk_agent - Streaming event #75: TextMessageContentEvent (thread 3cdee6da-c833-4872-bcfe-fa9459f0dd24)
2026-01-22 11:44:46,972 - DEBUG - ag_ui_adk.adk_agent - Yielding event: TextMessageContentEvent
2026-01-22 11:44:46,972 - DEBUG - ag_ui_adk.endpoint - HTTP Response: data: {"type":"TEXT_MESSAGE_CONTENT","messageId":"89156c75-ce3e-42a4-b35b-f89b9c2aa537","delta":" [\n"}


2026-01-22 11:44:46,972 - DEBUG - ag_ui_adk.adk_agent - Waiting for event from queue (thread 3cdee6da-c833-4872-bcfe-fa9459f0dd24, queue size: 1)
2026-01-22 11:44:46,972 - DEBUG - ag_ui_adk.adk_agent - Got event #76 from queue: TextMessageContentEvent (thread 3cdee6da-c833-4872-bcfe-fa9459f0dd24)
2026-01-22 11:44:46,972 - DEBUG - ag_ui_adk.adk_agent - Streaming event #76: TextMessageContentEvent (thread 3cdee6da-c833-4872-bcfe-fa9459f0dd24)
2026-01-22 11:44:46,972 - DEBUG - ag_ui_adk.adk_agent - Yielding event: TextMessageContentEvent
2026-01-22 11:44:46,972 - DEBUG - ag_ui_adk.endpoint - HTTP Response: data: {"type":"TEXT_MESSAGE_CONTENT","messageId":"89156c75-ce3e-42a4-b35b-f89b9c2aa537","delta":"       "}


2026-01-22 11:44:46,972 - DEBUG - ag_ui_adk.adk_agent - Waiting for event from queue (thread 3cdee6da-c833-4872-bcfe-fa9459f0dd24, queue size: 0)
2026-01-22 11:44:46,973 - DEBUG - ag_ui_adk.adk_agent - Emitting event to queue: TextMessageContentEvent (thread 3cdee6da-c833-4872-bcfe-fa9459f0dd24, queue size before: 0)
2026-01-22 11:44:46,973 - DEBUG - ag_ui_adk.adk_agent - Event queued: TextMessageContentEvent (thread 3cdee6da-c833-4872-bcfe-fa9459f0dd24, queue size after: 1)
2026-01-22 11:44:46,973 - DEBUG - ag_ui_adk.adk_agent - Emitting event to queue: TextMessageContentEvent (thread 3cdee6da-c833-4872-bcfe-fa9459f0dd24, queue size before: 1)
2026-01-22 11:44:46,973 - DEBUG - ag_ui_adk.adk_agent - Event queued: TextMessageContentEvent (thread 3cdee6da-c833-4872-bcfe-fa9459f0dd24, queue size after: 2)
2026-01-22 11:44:46,974 - DEBUG - ag_ui_adk.adk_agent - Emitting event to queue: TextMessageContentEvent (thread 3cdee6da-c833-4872-bcfe-fa9459f0dd24, queue size before: 2)
2026-01-22 11:44:46,974 - DEBUG - ag_ui_adk.adk_agent - Event queued: TextMessageContentEvent (thread 3cdee6da-c833-4872-bcfe-fa9459f0dd24, queue size after: 3)
2026-01-22 11:44:46,974 - DEBUG - ag_ui_adk.adk_agent - Emitting event to queue: TextMessageContentEvent (thread 3cdee6da-c833-4872-bcfe-fa9459f0dd24, queue size before: 3)
2026-01-22 11:44:46,975 - DEBUG - ag_ui_adk.adk_agent - Event queued: TextMessageContentEvent (thread 3cdee6da-c833-4872-bcfe-fa9459f0dd24, queue size after: 4)
2026-01-22 11:44:46,975 - DEBUG - ag_ui_adk.adk_agent - Emitting event to queue: TextMessageContentEvent (thread 3cdee6da-c833-4872-bcfe-fa9459f0dd24, queue size before: 4)
2026-01-22 11:44:46,975 - DEBUG - ag_ui_adk.adk_agent - Event queued: TextMessageContentEvent (thread 3cdee6da-c833-4872-bcfe-fa9459f0dd24, queue size after: 5)
2026-01-22 11:44:46,975 - DEBUG - ag_ui_adk.adk_agent - Emitting event to queue: TextMessageContentEvent (thread 3cdee6da-c833-4872-bcfe-fa9459f0dd24, queue size before: 5)
2026-01-22 11:44:46,975 - DEBUG - ag_ui_adk.adk_agent - Event queued: TextMessageContentEvent (thread 3cdee6da-c833-4872-bcfe-fa9459f0dd24, queue size after: 6)
2026-01-22 11:44:46,976 - DEBUG - ag_ui_adk.adk_agent - Emitting event to queue: TextMessageContentEvent (thread 3cdee6da-c833-4872-bcfe-fa9459f0dd24, queue size before: 6)
2026-01-22 11:44:46,976 - DEBUG - ag_ui_adk.adk_agent - Event queued: TextMessageContentEvent (thread 3cdee6da-c833-4872-bcfe-fa9459f0dd24, queue size after: 7)
2026-01-22 11:44:46,976 - DEBUG - ag_ui_adk.adk_agent - Emitting event to queue: TextMessageContentEvent (thread 3cdee6da-c833-4872-bcfe-fa9459f0dd24, queue size before: 7)
2026-01-22 11:44:46,976 - DEBUG - ag_ui_adk.adk_agent - Event queued: TextMessageContentEvent (thread 3cdee6da-c833-4872-bcfe-fa9459f0dd24, queue size after: 8)
2026-01-22 11:44:46,977 - DEBUG - ag_ui_adk.adk_agent - Emitting event to queue: TextMessageContentEvent (thread 3cdee6da-c833-4872-bcfe-fa9459f0dd24, queue size before: 8)
2026-01-22 11:44:46,977 - DEBUG - ag_ui_adk.adk_agent - Event queued: TextMessageContentEvent (thread 3cdee6da-c833-4872-bcfe-fa9459f0dd24, queue size after: 9)
2026-01-22 11:44:46,977 - DEBUG - ag_ui_adk.adk_agent - Emitting event to queue: TextMessageContentEvent (thread 3cdee6da-c833-4872-bcfe-fa9459f0dd24, queue size before: 9)
2026-01-22 11:44:46,977 - DEBUG - ag_ui_adk.adk_agent - Event queued: TextMessageContentEvent (thread 3cdee6da-c833-4872-bcfe-fa9459f0dd24, queue size after: 10)
2026-01-22 11:44:46,978 - DEBUG - ag_ui_adk.adk_agent - Emitting event to queue: TextMessageContentEvent (thread 3cdee6da-c833-4872-bcfe-fa9459f0dd24, queue size before: 10)
2026-01-22 11:44:46,978 - DEBUG - ag_ui_adk.adk_agent - Event queued: TextMessageContentEvent (thread 3cdee6da-c833-4872-bcfe-fa9459f0dd24, queue size after: 11)
2026-01-22 11:44:46,979 - DEBUG - ag_ui_adk.adk_agent - Emitting event to queue: TextMessageContentEvent (thread 3cdee6da-c833-4872-bcfe-fa9459f0dd24, queue size before: 11)
2026-01-22 11:44:46,979 - DEBUG - ag_ui_adk.adk_agent - Event queued: TextMessageContentEvent (thread 3cdee6da-c833-4872-bcfe-fa9459f0dd24, queue size after: 12)
2026-01-22 11:44:46,979 - DEBUG - ag_ui_adk.adk_agent - Emitting event to queue: TextMessageContentEvent (thread 3cdee6da-c833-4872-bcfe-fa9459f0dd24, queue size before: 12)
2026-01-22 11:44:46,979 - DEBUG - ag_ui_adk.adk_agent - Event queued: TextMessageContentEvent (thread 3cdee6da-c833-4872-bcfe-fa9459f0dd24, queue size after: 13)
2026-01-22 11:44:46,980 - DEBUG - ag_ui_adk.adk_agent - Emitting event to queue: TextMessageContentEvent (thread 3cdee6da-c833-4872-bcfe-fa9459f0dd24, queue size before: 13)
2026-01-22 11:44:46,980 - DEBUG - ag_ui_adk.adk_agent - Event queued: TextMessageContentEvent (thread 3cdee6da-c833-4872-bcfe-fa9459f0dd24, queue size after: 14)
2026-01-22 11:44:46,980 - DEBUG - ag_ui_adk.adk_agent - Emitting event to queue: TextMessageContentEvent (thread 3cdee6da-c833-4872-bcfe-fa9459f0dd24, queue size before: 14)
2026-01-22 11:44:46,980 - DEBUG - ag_ui_adk.adk_agent - Event queued: TextMessageContentEvent (thread 3cdee6da-c833-4872-bcfe-fa9459f0dd24, queue size after: 15)
2026-01-22 11:44:46,980 - DEBUG - ag_ui_adk.adk_agent - Emitting event to queue: TextMessageContentEvent (thread 3cdee6da-c833-4872-bcfe-fa9459f0dd24, queue size before: 15)
2026-01-22 11:44:46,980 - DEBUG - ag_ui_adk.adk_agent - Event queued: TextMessageContentEvent (thread 3cdee6da-c833-4872-bcfe-fa9459f0dd24, queue size after: 16)
2026-01-22 11:44:46,981 - DEBUG - ag_ui_adk.adk_agent - Emitting event to queue: TextMessageContentEvent (thread 3cdee6da-c833-4872-bcfe-fa9459f0dd24, queue size before: 16)
2026-01-22 11:44:46,981 - DEBUG - ag_ui_adk.adk_agent - Event queued: TextMessageContentEvent (thread 3cdee6da-c833-4872-bcfe-fa9459f0dd24, queue size after: 17)
2026-01-22 11:44:46,981 - DEBUG - ag_ui_adk.adk_agent - Emitting event to queue: TextMessageContentEvent (thread 3cdee6da-c833-4872-bcfe-fa9459f0dd24, queue size before: 17)
2026-01-22 11:44:46,981 - DEBUG - ag_ui_adk.adk_agent - Event queued: TextMessageContentEvent (thread 3cdee6da-c833-4872-bcfe-fa9459f0dd24, queue size after: 18)
2026-01-22 11:44:46,982 - DEBUG - ag_ui_adk.adk_agent - Emitting event to queue: TextMessageContentEvent (thread 3cdee6da-c833-4872-bcfe-fa9459f0dd24, queue size before: 18)
2026-01-22 11:44:46,982 - DEBUG - ag_ui_adk.adk_agent - Event queued: TextMessageContentEvent (thread 3cdee6da-c833-4872-bcfe-fa9459f0dd24, queue size after: 19)
2026-01-22 11:44:46,982 - DEBUG - ag_ui_adk.adk_agent - Emitting event to queue: TextMessageContentEvent (thread 3cdee6da-c833-4872-bcfe-fa9459f0dd24, queue size before: 19)
2026-01-22 11:44:46,982 - DEBUG - ag_ui_adk.adk_agent - Event queued: TextMessageContentEvent (thread 3cdee6da-c833-4872-bcfe-fa9459f0dd24, queue size after: 20)
2026-01-22 11:44:46,982 - DEBUG - ag_ui_adk.adk_agent - Emitting event to queue: TextMessageContentEvent (thread 3cdee6da-c833-4872-bcfe-fa9459f0dd24, queue size before: 20)
2026-01-22 11:44:46,982 - DEBUG - ag_ui_adk.adk_agent - Event queued: TextMessageContentEvent (thread 3cdee6da-c833-4872-bcfe-fa9459f0dd24, queue size after: 21)
2026-01-22 11:44:46,983 - DEBUG - ag_ui_adk.adk_agent - Emitting event to queue: TextMessageContentEvent (thread 3cdee6da-c833-4872-bcfe-fa9459f0dd24, queue size before: 21)
2026-01-22 11:44:46,984 - DEBUG - ag_ui_adk.adk_agent - Event queued: TextMessageContentEvent (thread 3cdee6da-c833-4872-bcfe-fa9459f0dd24, queue size after: 22)
2026-01-22 11:44:46,985 - DEBUG - ag_ui_adk.adk_agent - Emitting event to queue: TextMessageContentEvent (thread 3cdee6da-c833-4872-bcfe-fa9459f0dd24, queue size before: 22)
2026-01-22 11:44:46,985 - DEBUG - ag_ui_adk.adk_agent - Event queued: TextMessageContentEvent (thread 3cdee6da-c833-4872-bcfe-fa9459f0dd24, queue size after: 23)
2026-01-22 11:44:46,986 - DEBUG - ag_ui_adk.adk_agent - Emitting event to queue: TextMessageContentEvent (thread 3cdee6da-c833-4872-bcfe-fa9459f0dd24, queue size before: 23)
2026-01-22 11:44:46,986 - DEBUG - ag_ui_adk.adk_agent - Event queued: TextMessageContentEvent (thread 3cdee6da-c833-4872-bcfe-fa9459f0dd24, queue size after: 24)
2026-01-22 11:44:46,986 - DEBUG - ag_ui_adk.adk_agent - Emitting event to queue: TextMessageContentEvent (thread 3cdee6da-c833-4872-bcfe-fa9459f0dd24, queue size before: 24)
2026-01-22 11:44:46,986 - DEBUG - ag_ui_adk.adk_agent - Event queued: TextMessageContentEvent (thread 3cdee6da-c833-4872-bcfe-fa9459f0dd24, queue size after: 25)
2026-01-22 11:44:46,987 - DEBUG - ag_ui_adk.adk_agent - Emitting event to queue: TextMessageContentEvent (thread 3cdee6da-c833-4872-bcfe-fa9459f0dd24, queue size before: 25)
2026-01-22 11:44:46,987 - DEBUG - ag_ui_adk.adk_agent - Event queued: TextMessageContentEvent (thread 3cdee6da-c833-4872-bcfe-fa9459f0dd24, queue size after: 26)
2026-01-22 11:44:46,988 - DEBUG - ag_ui_adk.adk_agent - Emitting event to queue: TextMessageContentEvent (thread 3cdee6da-c833-4872-bcfe-fa9459f0dd24, queue size before: 26)
2026-01-22 11:44:46,988 - DEBUG - ag_ui_adk.adk_agent - Event queued: TextMessageContentEvent (thread 3cdee6da-c833-4872-bcfe-fa9459f0dd24, queue size after: 27)
2026-01-22 11:44:46,988 - DEBUG - ag_ui_adk.adk_agent - Got event #77 from queue: TextMessageContentEvent (thread 3cdee6da-c833-4872-bcfe-fa9459f0dd24)
2026-01-22 11:44:46,988 - DEBUG - ag_ui_adk.adk_agent - Streaming event #77: TextMessageContentEvent (thread 3cdee6da-c833-4872-bcfe-fa9459f0dd24)
2026-01-22 11:44:46,988 - DEBUG - ag_ui_adk.adk_agent - Yielding event: TextMessageContentEvent
2026-01-22 11:44:46,988 - DEBUG - ag_ui_adk.endpoint - HTTP Response: data: {"type":"TEXT_MESSAGE_CONTENT","messageId":"89156c75-ce3e-42a4-b35b-f89b9c2aa537","delta":" {\n"}


2026-01-22 11:44:46,988 - DEBUG - ag_ui_adk.adk_agent - Waiting for event from queue (thread 3cdee6da-c833-4872-bcfe-fa9459f0dd24, queue size: 26)
2026-01-22 11:44:46,988 - DEBUG - ag_ui_adk.adk_agent - Got event #78 from queue: TextMessageContentEvent (thread 3cdee6da-c833-4872-bcfe-fa9459f0dd24)
2026-01-22 11:44:46,988 - DEBUG - ag_ui_adk.adk_agent - Streaming event #78: TextMessageContentEvent (thread 3cdee6da-c833-4872-bcfe-fa9459f0dd24)
2026-01-22 11:44:46,988 - DEBUG - ag_ui_adk.adk_agent - Yielding event: TextMessageContentEvent
2026-01-22 11:44:46,988 - DEBUG - ag_ui_adk.endpoint - HTTP Response: data: {"type":"TEXT_MESSAGE_CONTENT","messageId":"89156c75-ce3e-42a4-b35b-f89b9c2aa537","delta":"         "}


2026-01-22 11:44:46,988 - DEBUG - ag_ui_adk.adk_agent - Waiting for event from queue (thread 3cdee6da-c833-4872-bcfe-fa9459f0dd24, queue size: 25)
2026-01-22 11:44:46,989 - DEBUG - ag_ui_adk.adk_agent - Got event #79 from queue: TextMessageContentEvent (thread 3cdee6da-c833-4872-bcfe-fa9459f0dd24)
2026-01-22 11:44:46,989 - DEBUG - ag_ui_adk.adk_agent - Streaming event #79: TextMessageContentEvent (thread 3cdee6da-c833-4872-bcfe-fa9459f0dd24)
2026-01-22 11:44:46,989 - DEBUG - ag_ui_adk.adk_agent - Yielding event: TextMessageContentEvent
2026-01-22 11:44:46,989 - DEBUG - ag_ui_adk.endpoint - HTTP Response: data: {"type":"TEXT_MESSAGE_CONTENT","messageId":"89156c75-ce3e-42a4-b35b-f89b9c2aa537","delta":" \""}


2026-01-22 11:44:46,989 - DEBUG - ag_ui_adk.adk_agent - Waiting for event from queue (thread 3cdee6da-c833-4872-bcfe-fa9459f0dd24, queue size: 24)
2026-01-22 11:44:46,989 - DEBUG - ag_ui_adk.adk_agent - Got event #80 from queue: TextMessageContentEvent (thread 3cdee6da-c833-4872-bcfe-fa9459f0dd24)
2026-01-22 11:44:46,989 - DEBUG - ag_ui_adk.adk_agent - Streaming event #80: TextMessageContentEvent (thread 3cdee6da-c833-4872-bcfe-fa9459f0dd24)
2026-01-22 11:44:46,989 - DEBUG - ag_ui_adk.adk_agent - Yielding event: TextMessageContentEvent
2026-01-22 11:44:46,989 - DEBUG - ag_ui_adk.endpoint - HTTP Response: data: {"type":"TEXT_MESSAGE_CONTENT","messageId":"89156c75-ce3e-42a4-b35b-f89b9c2aa537","delta":"id"}


2026-01-22 11:44:46,989 - DEBUG - ag_ui_adk.adk_agent - Waiting for event from queue (thread 3cdee6da-c833-4872-bcfe-fa9459f0dd24, queue size: 23)
2026-01-22 11:44:46,989 - DEBUG - ag_ui_adk.adk_agent - Got event #81 from queue: TextMessageContentEvent (thread 3cdee6da-c833-4872-bcfe-fa9459f0dd24)
2026-01-22 11:44:46,989 - DEBUG - ag_ui_adk.adk_agent - Streaming event #81: TextMessageContentEvent (thread 3cdee6da-c833-4872-bcfe-fa9459f0dd24)
2026-01-22 11:44:46,989 - DEBUG - ag_ui_adk.adk_agent - Yielding event: TextMessageContentEvent
2026-01-22 11:44:46,989 - DEBUG - ag_ui_adk.endpoint - HTTP Response: data: {"type":"TEXT_MESSAGE_CONTENT","messageId":"89156c75-ce3e-42a4-b35b-f89b9c2aa537","delta":"\":"}


2026-01-22 11:44:46,989 - DEBUG - ag_ui_adk.adk_agent - Waiting for event from queue (thread 3cdee6da-c833-4872-bcfe-fa9459f0dd24, queue size: 22)
2026-01-22 11:44:46,989 - DEBUG - ag_ui_adk.adk_agent - Got event #82 from queue: TextMessageContentEvent (thread 3cdee6da-c833-4872-bcfe-fa9459f0dd24)
2026-01-22 11:44:46,990 - DEBUG - ag_ui_adk.adk_agent - Streaming event #82: TextMessageContentEvent (thread 3cdee6da-c833-4872-bcfe-fa9459f0dd24)
2026-01-22 11:44:46,990 - DEBUG - ag_ui_adk.adk_agent - Yielding event: TextMessageContentEvent
2026-01-22 11:44:46,990 - DEBUG - ag_ui_adk.endpoint - HTTP Response: data: {"type":"TEXT_MESSAGE_CONTENT","messageId":"89156c75-ce3e-42a4-b35b-f89b9c2aa537","delta":" \""}


2026-01-22 11:44:46,990 - DEBUG - ag_ui_adk.adk_agent - Waiting for event from queue (thread 3cdee6da-c833-4872-bcfe-fa9459f0dd24, queue size: 21)
2026-01-22 11:44:46,990 - DEBUG - ag_ui_adk.adk_agent - Got event #83 from queue: TextMessageContentEvent (thread 3cdee6da-c833-4872-bcfe-fa9459f0dd24)
2026-01-22 11:44:46,990 - DEBUG - ag_ui_adk.adk_agent - Streaming event #83: TextMessageContentEvent (thread 3cdee6da-c833-4872-bcfe-fa9459f0dd24)
2026-01-22 11:44:46,990 - DEBUG - ag_ui_adk.adk_agent - Yielding event: TextMessageContentEvent
2026-01-22 11:44:46,990 - DEBUG - ag_ui_adk.endpoint - HTTP Response: data: {"type":"TEXT_MESSAGE_CONTENT","messageId":"89156c75-ce3e-42a4-b35b-f89b9c2aa537","delta":"root"}


2026-01-22 11:44:46,990 - DEBUG - ag_ui_adk.adk_agent - Waiting for event from queue (thread 3cdee6da-c833-4872-bcfe-fa9459f0dd24, queue size: 20)
2026-01-22 11:44:46,990 - DEBUG - ag_ui_adk.adk_agent - Got event #84 from queue: TextMessageContentEvent (thread 3cdee6da-c833-4872-bcfe-fa9459f0dd24)
2026-01-22 11:44:46,990 - DEBUG - ag_ui_adk.adk_agent - Streaming event #84: TextMessageContentEvent (thread 3cdee6da-c833-4872-bcfe-fa9459f0dd24)
2026-01-22 11:44:46,990 - DEBUG - ag_ui_adk.adk_agent - Yielding event: TextMessageContentEvent
2026-01-22 11:44:46,990 - DEBUG - ag_ui_adk.endpoint - HTTP Response: data: {"type":"TEXT_MESSAGE_CONTENT","messageId":"89156c75-ce3e-42a4-b35b-f89b9c2aa537","delta":"\",\n"}


2026-01-22 11:44:46,990 - DEBUG - ag_ui_adk.adk_agent - Waiting for event from queue (thread 3cdee6da-c833-4872-bcfe-fa9459f0dd24, queue size: 19)
2026-01-22 11:44:46,990 - DEBUG - ag_ui_adk.adk_agent - Got event #85 from queue: TextMessageContentEvent (thread 3cdee6da-c833-4872-bcfe-fa9459f0dd24)
2026-01-22 11:44:46,990 - DEBUG - ag_ui_adk.adk_agent - Streaming event #85: TextMessageContentEvent (thread 3cdee6da-c833-4872-bcfe-fa9459f0dd24)
2026-01-22 11:44:46,990 - DEBUG - ag_ui_adk.adk_agent - Yielding event: TextMessageContentEvent
2026-01-22 11:44:46,990 - DEBUG - ag_ui_adk.endpoint - HTTP Response: data: {"type":"TEXT_MESSAGE_CONTENT","messageId":"89156c75-ce3e-42a4-b35b-f89b9c2aa537","delta":"         "}


2026-01-22 11:44:46,990 - DEBUG - ag_ui_adk.adk_agent - Waiting for event from queue (thread 3cdee6da-c833-4872-bcfe-fa9459f0dd24, queue size: 18)
2026-01-22 11:44:46,990 - DEBUG - ag_ui_adk.adk_agent - Got event #86 from queue: TextMessageContentEvent (thread 3cdee6da-c833-4872-bcfe-fa9459f0dd24)
2026-01-22 11:44:46,990 - DEBUG - ag_ui_adk.adk_agent - Streaming event #86: TextMessageContentEvent (thread 3cdee6da-c833-4872-bcfe-fa9459f0dd24)
2026-01-22 11:44:46,990 - DEBUG - ag_ui_adk.adk_agent - Yielding event: TextMessageContentEvent
2026-01-22 11:44:46,991 - DEBUG - ag_ui_adk.endpoint - HTTP Response: data: {"type":"TEXT_MESSAGE_CONTENT","messageId":"89156c75-ce3e-42a4-b35b-f89b9c2aa537","delta":" \""}


2026-01-22 11:44:46,991 - DEBUG - ag_ui_adk.adk_agent - Waiting for event from queue (thread 3cdee6da-c833-4872-bcfe-fa9459f0dd24, queue size: 17)
2026-01-22 11:44:46,991 - DEBUG - ag_ui_adk.adk_agent - Got event #87 from queue: TextMessageContentEvent (thread 3cdee6da-c833-4872-bcfe-fa9459f0dd24)
2026-01-22 11:44:46,991 - DEBUG - ag_ui_adk.adk_agent - Streaming event #87: TextMessageContentEvent (thread 3cdee6da-c833-4872-bcfe-fa9459f0dd24)
2026-01-22 11:44:46,991 - DEBUG - ag_ui_adk.adk_agent - Yielding event: TextMessageContentEvent
2026-01-22 11:44:46,991 - DEBUG - ag_ui_adk.endpoint - HTTP Response: data: {"type":"TEXT_MESSAGE_CONTENT","messageId":"89156c75-ce3e-42a4-b35b-f89b9c2aa537","delta":"component"}


2026-01-22 11:44:46,991 - DEBUG - ag_ui_adk.adk_agent - Waiting for event from queue (thread 3cdee6da-c833-4872-bcfe-fa9459f0dd24, queue size: 16)
2026-01-22 11:44:46,991 - DEBUG - ag_ui_adk.adk_agent - Got event #88 from queue: TextMessageContentEvent (thread 3cdee6da-c833-4872-bcfe-fa9459f0dd24)
2026-01-22 11:44:46,991 - DEBUG - ag_ui_adk.adk_agent - Streaming event #88: TextMessageContentEvent (thread 3cdee6da-c833-4872-bcfe-fa9459f0dd24)
2026-01-22 11:44:46,991 - DEBUG - ag_ui_adk.adk_agent - Yielding event: TextMessageContentEvent
2026-01-22 11:44:46,991 - DEBUG - ag_ui_adk.endpoint - HTTP Response: data: {"type":"TEXT_MESSAGE_CONTENT","messageId":"89156c75-ce3e-42a4-b35b-f89b9c2aa537","delta":"\":"}


2026-01-22 11:44:46,991 - DEBUG - ag_ui_adk.adk_agent - Waiting for event from queue (thread 3cdee6da-c833-4872-bcfe-fa9459f0dd24, queue size: 15)
2026-01-22 11:44:46,991 - DEBUG - ag_ui_adk.adk_agent - Got event #89 from queue: TextMessageContentEvent (thread 3cdee6da-c833-4872-bcfe-fa9459f0dd24)
2026-01-22 11:44:46,991 - DEBUG - ag_ui_adk.adk_agent - Streaming event #89: TextMessageContentEvent (thread 3cdee6da-c833-4872-bcfe-fa9459f0dd24)
2026-01-22 11:44:46,991 - DEBUG - ag_ui_adk.adk_agent - Yielding event: TextMessageContentEvent
2026-01-22 11:44:46,991 - DEBUG - ag_ui_adk.endpoint - HTTP Response: data: {"type":"TEXT_MESSAGE_CONTENT","messageId":"89156c75-ce3e-42a4-b35b-f89b9c2aa537","delta":" {\n"}


2026-01-22 11:44:46,991 - DEBUG - ag_ui_adk.adk_agent - Waiting for event from queue (thread 3cdee6da-c833-4872-bcfe-fa9459f0dd24, queue size: 14)
2026-01-22 11:44:46,991 - DEBUG - ag_ui_adk.adk_agent - Got event #90 from queue: TextMessageContentEvent (thread 3cdee6da-c833-4872-bcfe-fa9459f0dd24)
2026-01-22 11:44:46,991 - DEBUG - ag_ui_adk.adk_agent - Streaming event #90: TextMessageContentEvent (thread 3cdee6da-c833-4872-bcfe-fa9459f0dd24)
2026-01-22 11:44:46,991 - DEBUG - ag_ui_adk.adk_agent - Yielding event: TextMessageContentEvent
2026-01-22 11:44:46,991 - DEBUG - ag_ui_adk.endpoint - HTTP Response: data: {"type":"TEXT_MESSAGE_CONTENT","messageId":"89156c75-ce3e-42a4-b35b-f89b9c2aa537","delta":"           "}


2026-01-22 11:44:46,991 - DEBUG - ag_ui_adk.adk_agent - Waiting for event from queue (thread 3cdee6da-c833-4872-bcfe-fa9459f0dd24, queue size: 13)
2026-01-22 11:44:46,991 - DEBUG - ag_ui_adk.adk_agent - Got event #91 from queue: TextMessageContentEvent (thread 3cdee6da-c833-4872-bcfe-fa9459f0dd24)
2026-01-22 11:44:46,991 - DEBUG - ag_ui_adk.adk_agent - Streaming event #91: TextMessageContentEvent (thread 3cdee6da-c833-4872-bcfe-fa9459f0dd24)
2026-01-22 11:44:46,991 - DEBUG - ag_ui_adk.adk_agent - Yielding event: TextMessageContentEvent
2026-01-22 11:44:46,991 - DEBUG - ag_ui_adk.endpoint - HTTP Response: data: {"type":"TEXT_MESSAGE_CONTENT","messageId":"89156c75-ce3e-42a4-b35b-f89b9c2aa537","delta":" \""}


2026-01-22 11:44:46,991 - DEBUG - ag_ui_adk.adk_agent - Waiting for event from queue (thread 3cdee6da-c833-4872-bcfe-fa9459f0dd24, queue size: 12)
2026-01-22 11:44:46,991 - DEBUG - ag_ui_adk.adk_agent - Got event #92 from queue: TextMessageContentEvent (thread 3cdee6da-c833-4872-bcfe-fa9459f0dd24)
2026-01-22 11:44:46,991 - DEBUG - ag_ui_adk.adk_agent - Streaming event #92: TextMessageContentEvent (thread 3cdee6da-c833-4872-bcfe-fa9459f0dd24)
2026-01-22 11:44:46,991 - DEBUG - ag_ui_adk.adk_agent - Yielding event: TextMessageContentEvent
2026-01-22 11:44:46,991 - DEBUG - ag_ui_adk.endpoint - HTTP Response: data: {"type":"TEXT_MESSAGE_CONTENT","messageId":"89156c75-ce3e-42a4-b35b-f89b9c2aa537","delta":"Card"}


2026-01-22 11:44:46,991 - DEBUG - ag_ui_adk.adk_agent - Waiting for event from queue (thread 3cdee6da-c833-4872-bcfe-fa9459f0dd24, queue size: 11)
2026-01-22 11:44:46,991 - DEBUG - ag_ui_adk.adk_agent - Got event #93 from queue: TextMessageContentEvent (thread 3cdee6da-c833-4872-bcfe-fa9459f0dd24)
2026-01-22 11:44:46,991 - DEBUG - ag_ui_adk.adk_agent - Streaming event #93: TextMessageContentEvent (thread 3cdee6da-c833-4872-bcfe-fa9459f0dd24)
2026-01-22 11:44:46,991 - DEBUG - ag_ui_adk.adk_agent - Yielding event: TextMessageContentEvent
2026-01-22 11:44:46,991 - DEBUG - ag_ui_adk.endpoint - HTTP Response: data: {"type":"TEXT_MESSAGE_CONTENT","messageId":"89156c75-ce3e-42a4-b35b-f89b9c2aa537","delta":"\":"}


2026-01-22 11:44:46,991 - DEBUG - ag_ui_adk.adk_agent - Waiting for event from queue (thread 3cdee6da-c833-4872-bcfe-fa9459f0dd24, queue size: 10)
2026-01-22 11:44:46,991 - DEBUG - ag_ui_adk.adk_agent - Got event #94 from queue: TextMessageContentEvent (thread 3cdee6da-c833-4872-bcfe-fa9459f0dd24)
2026-01-22 11:44:46,991 - DEBUG - ag_ui_adk.adk_agent - Streaming event #94: TextMessageContentEvent (thread 3cdee6da-c833-4872-bcfe-fa9459f0dd24)
2026-01-22 11:44:46,991 - DEBUG - ag_ui_adk.adk_agent - Yielding event: TextMessageContentEvent
2026-01-22 11:44:46,991 - DEBUG - ag_ui_adk.endpoint - HTTP Response: data: {"type":"TEXT_MESSAGE_CONTENT","messageId":"89156c75-ce3e-42a4-b35b-f89b9c2aa537","delta":" {\n"}


2026-01-22 11:44:46,991 - DEBUG - ag_ui_adk.adk_agent - Waiting for event from queue (thread 3cdee6da-c833-4872-bcfe-fa9459f0dd24, queue size: 9)
2026-01-22 11:44:46,991 - DEBUG - ag_ui_adk.adk_agent - Got event #95 from queue: TextMessageContentEvent (thread 3cdee6da-c833-4872-bcfe-fa9459f0dd24)
2026-01-22 11:44:46,991 - DEBUG - ag_ui_adk.adk_agent - Streaming event #95: TextMessageContentEvent (thread 3cdee6da-c833-4872-bcfe-fa9459f0dd24)
2026-01-22 11:44:46,991 - DEBUG - ag_ui_adk.adk_agent - Yielding event: TextMessageContentEvent
2026-01-22 11:44:46,991 - DEBUG - ag_ui_adk.endpoint - HTTP Response: data: {"type":"TEXT_MESSAGE_CONTENT","messageId":"89156c75-ce3e-42a4-b35b-f89b9c2aa537","delta":"             "}


2026-01-22 11:44:46,991 - DEBUG - ag_ui_adk.adk_agent - Waiting for event from queue (thread 3cdee6da-c833-4872-bcfe-fa9459f0dd24, queue size: 8)
2026-01-22 11:44:46,991 - DEBUG - ag_ui_adk.adk_agent - Got event #96 from queue: TextMessageContentEvent (thread 3cdee6da-c833-4872-bcfe-fa9459f0dd24)
2026-01-22 11:44:46,991 - DEBUG - ag_ui_adk.adk_agent - Streaming event #96: TextMessageContentEvent (thread 3cdee6da-c833-4872-bcfe-fa9459f0dd24)
2026-01-22 11:44:46,991 - DEBUG - ag_ui_adk.adk_agent - Yielding event: TextMessageContentEvent
2026-01-22 11:44:46,991 - DEBUG - ag_ui_adk.endpoint - HTTP Response: data: {"type":"TEXT_MESSAGE_CONTENT","messageId":"89156c75-ce3e-42a4-b35b-f89b9c2aa537","delta":" \""}


2026-01-22 11:44:46,991 - DEBUG - ag_ui_adk.adk_agent - Waiting for event from queue (thread 3cdee6da-c833-4872-bcfe-fa9459f0dd24, queue size: 7)
2026-01-22 11:44:46,991 - DEBUG - ag_ui_adk.adk_agent - Got event #97 from queue: TextMessageContentEvent (thread 3cdee6da-c833-4872-bcfe-fa9459f0dd24)
2026-01-22 11:44:46,991 - DEBUG - ag_ui_adk.adk_agent - Streaming event #97: TextMessageContentEvent (thread 3cdee6da-c833-4872-bcfe-fa9459f0dd24)
2026-01-22 11:44:46,991 - DEBUG - ag_ui_adk.adk_agent - Yielding event: TextMessageContentEvent
2026-01-22 11:44:46,991 - DEBUG - ag_ui_adk.endpoint - HTTP Response: data: {"type":"TEXT_MESSAGE_CONTENT","messageId":"89156c75-ce3e-42a4-b35b-f89b9c2aa537","delta":"child"}


2026-01-22 11:44:46,991 - DEBUG - ag_ui_adk.adk_agent - Waiting for event from queue (thread 3cdee6da-c833-4872-bcfe-fa9459f0dd24, queue size: 6)
2026-01-22 11:44:46,991 - DEBUG - ag_ui_adk.adk_agent - Got event #98 from queue: TextMessageContentEvent (thread 3cdee6da-c833-4872-bcfe-fa9459f0dd24)
2026-01-22 11:44:46,991 - DEBUG - ag_ui_adk.adk_agent - Streaming event #98: TextMessageContentEvent (thread 3cdee6da-c833-4872-bcfe-fa9459f0dd24)
2026-01-22 11:44:46,991 - DEBUG - ag_ui_adk.adk_agent - Yielding event: TextMessageContentEvent
2026-01-22 11:44:46,991 - DEBUG - ag_ui_adk.endpoint - HTTP Response: data: {"type":"TEXT_MESSAGE_CONTENT","messageId":"89156c75-ce3e-42a4-b35b-f89b9c2aa537","delta":"\":"}


2026-01-22 11:44:46,991 - DEBUG - ag_ui_adk.adk_agent - Waiting for event from queue (thread 3cdee6da-c833-4872-bcfe-fa9459f0dd24, queue size: 5)
2026-01-22 11:44:46,991 - DEBUG - ag_ui_adk.adk_agent - Got event #99 from queue: TextMessageContentEvent (thread 3cdee6da-c833-4872-bcfe-fa9459f0dd24)
2026-01-22 11:44:46,991 - DEBUG - ag_ui_adk.adk_agent - Streaming event #99: TextMessageContentEvent (thread 3cdee6da-c833-4872-bcfe-fa9459f0dd24)
2026-01-22 11:44:46,991 - DEBUG - ag_ui_adk.adk_agent - Yielding event: TextMessageContentEvent
2026-01-22 11:44:46,991 - DEBUG - ag_ui_adk.endpoint - HTTP Response: data: {"type":"TEXT_MESSAGE_CONTENT","messageId":"89156c75-ce3e-42a4-b35b-f89b9c2aa537","delta":" \""}


2026-01-22 11:44:46,992 - DEBUG - ag_ui_adk.adk_agent - Waiting for event from queue (thread 3cdee6da-c833-4872-bcfe-fa9459f0dd24, queue size: 4)
2026-01-22 11:44:46,992 - DEBUG - ag_ui_adk.adk_agent - Got event #100 from queue: TextMessageContentEvent (thread 3cdee6da-c833-4872-bcfe-fa9459f0dd24)
2026-01-22 11:44:46,992 - DEBUG - ag_ui_adk.adk_agent - Streaming event #100: TextMessageContentEvent (thread 3cdee6da-c833-4872-bcfe-fa9459f0dd24)
2026-01-22 11:44:46,992 - DEBUG - ag_ui_adk.adk_agent - Yielding event: TextMessageContentEvent
2026-01-22 11:44:46,992 - DEBUG - ag_ui_adk.endpoint - HTTP Response: data: {"type":"TEXT_MESSAGE_CONTENT","messageId":"89156c75-ce3e-42a4-b35b-f89b9c2aa537","delta":"content"}


2026-01-22 11:44:46,992 - DEBUG - ag_ui_adk.adk_agent - Waiting for event from queue (thread 3cdee6da-c833-4872-bcfe-fa9459f0dd24, queue size: 3)
2026-01-22 11:44:46,992 - DEBUG - ag_ui_adk.adk_agent - Got event #101 from queue: TextMessageContentEvent (thread 3cdee6da-c833-4872-bcfe-fa9459f0dd24)
2026-01-22 11:44:46,992 - DEBUG - ag_ui_adk.adk_agent - Streaming event #101: TextMessageContentEvent (thread 3cdee6da-c833-4872-bcfe-fa9459f0dd24)
2026-01-22 11:44:46,992 - DEBUG - ag_ui_adk.adk_agent - Yielding event: TextMessageContentEvent
2026-01-22 11:44:46,992 - DEBUG - ag_ui_adk.endpoint - HTTP Response: data: {"type":"TEXT_MESSAGE_CONTENT","messageId":"89156c75-ce3e-42a4-b35b-f89b9c2aa537","delta":"\"\n"}


2026-01-22 11:44:46,992 - DEBUG - ag_ui_adk.adk_agent - Waiting for event from queue (thread 3cdee6da-c833-4872-bcfe-fa9459f0dd24, queue size: 2)
2026-01-22 11:44:46,992 - DEBUG - ag_ui_adk.adk_agent - Got event #102 from queue: TextMessageContentEvent (thread 3cdee6da-c833-4872-bcfe-fa9459f0dd24)
2026-01-22 11:44:46,992 - DEBUG - ag_ui_adk.adk_agent - Streaming event #102: TextMessageContentEvent (thread 3cdee6da-c833-4872-bcfe-fa9459f0dd24)
2026-01-22 11:44:46,992 - DEBUG - ag_ui_adk.adk_agent - Yielding event: TextMessageContentEvent
2026-01-22 11:44:46,992 - DEBUG - ag_ui_adk.endpoint - HTTP Response: data: {"type":"TEXT_MESSAGE_CONTENT","messageId":"89156c75-ce3e-42a4-b35b-f89b9c2aa537","delta":"           "}


2026-01-22 11:44:46,992 - DEBUG - ag_ui_adk.adk_agent - Waiting for event from queue (thread 3cdee6da-c833-4872-bcfe-fa9459f0dd24, queue size: 1)
2026-01-22 11:44:46,992 - DEBUG - ag_ui_adk.adk_agent - Got event #103 from queue: TextMessageContentEvent (thread 3cdee6da-c833-4872-bcfe-fa9459f0dd24)
2026-01-22 11:44:46,992 - DEBUG - ag_ui_adk.adk_agent - Streaming event #103: TextMessageContentEvent (thread 3cdee6da-c833-4872-bcfe-fa9459f0dd24)
2026-01-22 11:44:46,992 - DEBUG - ag_ui_adk.adk_agent - Yielding event: TextMessageContentEvent
2026-01-22 11:44:46,992 - DEBUG - ag_ui_adk.endpoint - HTTP Response: data: {"type":"TEXT_MESSAGE_CONTENT","messageId":"89156c75-ce3e-42a4-b35b-f89b9c2aa537","delta":" }\n"}


2026-01-22 11:44:46,992 - DEBUG - ag_ui_adk.adk_agent - Waiting for event from queue (thread 3cdee6da-c833-4872-bcfe-fa9459f0dd24, queue size: 0)
2026-01-22 11:44:46,993 - DEBUG - ag_ui_adk.adk_agent - Emitting event to queue: TextMessageContentEvent (thread 3cdee6da-c833-4872-bcfe-fa9459f0dd24, queue size before: 0)
2026-01-22 11:44:46,993 - DEBUG - ag_ui_adk.adk_agent - Event queued: TextMessageContentEvent (thread 3cdee6da-c833-4872-bcfe-fa9459f0dd24, queue size after: 1)
2026-01-22 11:44:46,994 - DEBUG - ag_ui_adk.adk_agent - Emitting event to queue: TextMessageContentEvent (thread 3cdee6da-c833-4872-bcfe-fa9459f0dd24, queue size before: 1)
2026-01-22 11:44:46,994 - DEBUG - ag_ui_adk.adk_agent - Event queued: TextMessageContentEvent (thread 3cdee6da-c833-4872-bcfe-fa9459f0dd24, queue size after: 2)
2026-01-22 11:44:46,996 - DEBUG - ag_ui_adk.adk_agent - Emitting event to queue: TextMessageContentEvent (thread 3cdee6da-c833-4872-bcfe-fa9459f0dd24, queue size before: 2)
2026-01-22 11:44:46,996 - DEBUG - ag_ui_adk.adk_agent - Event queued: TextMessageContentEvent (thread 3cdee6da-c833-4872-bcfe-fa9459f0dd24, queue size after: 3)
2026-01-22 11:44:46,997 - DEBUG - ag_ui_adk.adk_agent - Emitting event to queue: TextMessageContentEvent (thread 3cdee6da-c833-4872-bcfe-fa9459f0dd24, queue size before: 3)
2026-01-22 11:44:46,997 - DEBUG - ag_ui_adk.adk_agent - Event queued: TextMessageContentEvent (thread 3cdee6da-c833-4872-bcfe-fa9459f0dd24, queue size after: 4)
2026-01-22 11:44:46,998 - DEBUG - ag_ui_adk.adk_agent - Emitting event to queue: TextMessageContentEvent (thread 3cdee6da-c833-4872-bcfe-fa9459f0dd24, queue size before: 4)
2026-01-22 11:44:46,998 - DEBUG - ag_ui_adk.adk_agent - Event queued: TextMessageContentEvent (thread 3cdee6da-c833-4872-bcfe-fa9459f0dd24, queue size after: 5)
2026-01-22 11:44:46,998 - DEBUG - ag_ui_adk.adk_agent - Emitting event to queue: TextMessageContentEvent (thread 3cdee6da-c833-4872-bcfe-fa9459f0dd24, queue size before: 5)
2026-01-22 11:44:46,998 - DEBUG - ag_ui_adk.adk_agent - Event queued: TextMessageContentEvent (thread 3cdee6da-c833-4872-bcfe-fa9459f0dd24, queue size after: 6)
2026-01-22 11:44:46,999 - DEBUG - ag_ui_adk.adk_agent - Emitting event to queue: TextMessageContentEvent (thread 3cdee6da-c833-4872-bcfe-fa9459f0dd24, queue size before: 6)
2026-01-22 11:44:46,999 - DEBUG - ag_ui_adk.adk_agent - Event queued: TextMessageContentEvent (thread 3cdee6da-c833-4872-bcfe-fa9459f0dd24, queue size after: 7)
2026-01-22 11:44:46,999 - DEBUG - ag_ui_adk.adk_agent - Emitting event to queue: TextMessageContentEvent (thread 3cdee6da-c833-4872-bcfe-fa9459f0dd24, queue size before: 7)
2026-01-22 11:44:46,999 - DEBUG - ag_ui_adk.adk_agent - Event queued: TextMessageContentEvent (thread 3cdee6da-c833-4872-bcfe-fa9459f0dd24, queue size after: 8)
2026-01-22 11:44:46,999 - DEBUG - ag_ui_adk.adk_agent - Emitting event to queue: TextMessageContentEvent (thread 3cdee6da-c833-4872-bcfe-fa9459f0dd24, queue size before: 8)
2026-01-22 11:44:46,999 - DEBUG - ag_ui_adk.adk_agent - Event queued: TextMessageContentEvent (thread 3cdee6da-c833-4872-bcfe-fa9459f0dd24, queue size after: 9)
2026-01-22 11:44:47,000 - DEBUG - ag_ui_adk.adk_agent - Emitting event to queue: TextMessageContentEvent (thread 3cdee6da-c833-4872-bcfe-fa9459f0dd24, queue size before: 9)
2026-01-22 11:44:47,000 - DEBUG - ag_ui_adk.adk_agent - Event queued: TextMessageContentEvent (thread 3cdee6da-c833-4872-bcfe-fa9459f0dd24, queue size after: 10)
2026-01-22 11:44:47,000 - DEBUG - ag_ui_adk.adk_agent - Emitting event to queue: TextMessageContentEvent (thread 3cdee6da-c833-4872-bcfe-fa9459f0dd24, queue size before: 10)
2026-01-22 11:44:47,000 - DEBUG - ag_ui_adk.adk_agent - Event queued: TextMessageContentEvent (thread 3cdee6da-c833-4872-bcfe-fa9459f0dd24, queue size after: 11)
2026-01-22 11:44:47,001 - DEBUG - ag_ui_adk.adk_agent - Emitting event to queue: TextMessageContentEvent (thread 3cdee6da-c833-4872-bcfe-fa9459f0dd24, queue size before: 11)
2026-01-22 11:44:47,001 - DEBUG - ag_ui_adk.adk_agent - Event queued: TextMessageContentEvent (thread 3cdee6da-c833-4872-bcfe-fa9459f0dd24, queue size after: 12)
2026-01-22 11:44:47,002 - DEBUG - ag_ui_adk.adk_agent - Emitting event to queue: TextMessageContentEvent (thread 3cdee6da-c833-4872-bcfe-fa9459f0dd24, queue size before: 12)
2026-01-22 11:44:47,002 - DEBUG - ag_ui_adk.adk_agent - Event queued: TextMessageContentEvent (thread 3cdee6da-c833-4872-bcfe-fa9459f0dd24, queue size after: 13)
2026-01-22 11:44:47,002 - DEBUG - ag_ui_adk.adk_agent - Emitting event to queue: TextMessageContentEvent (thread 3cdee6da-c833-4872-bcfe-fa9459f0dd24, queue size before: 13)
2026-01-22 11:44:47,002 - DEBUG - ag_ui_adk.adk_agent - Event queued: TextMessageContentEvent (thread 3cdee6da-c833-4872-bcfe-fa9459f0dd24, queue size after: 14)
2026-01-22 11:44:47,003 - DEBUG - ag_ui_adk.adk_agent - Emitting event to queue: TextMessageContentEvent (thread 3cdee6da-c833-4872-bcfe-fa9459f0dd24, queue size before: 14)
2026-01-22 11:44:47,003 - DEBUG - ag_ui_adk.adk_agent - Event queued: TextMessageContentEvent (thread 3cdee6da-c833-4872-bcfe-fa9459f0dd24, queue size after: 15)
2026-01-22 11:44:47,004 - DEBUG - ag_ui_adk.adk_agent - Emitting event to queue: TextMessageContentEvent (thread 3cdee6da-c833-4872-bcfe-fa9459f0dd24, queue size before: 15)
2026-01-22 11:44:47,004 - DEBUG - ag_ui_adk.adk_agent - Event queued: TextMessageContentEvent (thread 3cdee6da-c833-4872-bcfe-fa9459f0dd24, queue size after: 16)
2026-01-22 11:44:47,004 - DEBUG - ag_ui_adk.adk_agent - Emitting event to queue: TextMessageContentEvent (thread 3cdee6da-c833-4872-bcfe-fa9459f0dd24, queue size before: 16)
2026-01-22 11:44:47,004 - DEBUG - ag_ui_adk.adk_agent - Event queued: TextMessageContentEvent (thread 3cdee6da-c833-4872-bcfe-fa9459f0dd24, queue size after: 17)
2026-01-22 11:44:47,004 - DEBUG - ag_ui_adk.adk_agent - Emitting event to queue: TextMessageContentEvent (thread 3cdee6da-c833-4872-bcfe-fa9459f0dd24, queue size before: 17)
2026-01-22 11:44:47,005 - DEBUG - ag_ui_adk.adk_agent - Event queued: TextMessageContentEvent (thread 3cdee6da-c833-4872-bcfe-fa9459f0dd24, queue size after: 18)
2026-01-22 11:44:47,005 - DEBUG - ag_ui_adk.adk_agent - Emitting event to queue: TextMessageContentEvent (thread 3cdee6da-c833-4872-bcfe-fa9459f0dd24, queue size before: 18)
2026-01-22 11:44:47,005 - DEBUG - ag_ui_adk.adk_agent - Event queued: TextMessageContentEvent (thread 3cdee6da-c833-4872-bcfe-fa9459f0dd24, queue size after: 19)
2026-01-22 11:44:47,005 - DEBUG - ag_ui_adk.adk_agent - Emitting event to queue: TextMessageContentEvent (thread 3cdee6da-c833-4872-bcfe-fa9459f0dd24, queue size before: 19)
2026-01-22 11:44:47,005 - DEBUG - ag_ui_adk.adk_agent - Event queued: TextMessageContentEvent (thread 3cdee6da-c833-4872-bcfe-fa9459f0dd24, queue size after: 20)
2026-01-22 11:44:47,006 - DEBUG - ag_ui_adk.adk_agent - Emitting event to queue: TextMessageContentEvent (thread 3cdee6da-c833-4872-bcfe-fa9459f0dd24, queue size before: 20)
2026-01-22 11:44:47,006 - DEBUG - ag_ui_adk.adk_agent - Event queued: TextMessageContentEvent (thread 3cdee6da-c833-4872-bcfe-fa9459f0dd24, queue size after: 21)
2026-01-22 11:44:47,007 - DEBUG - ag_ui_adk.adk_agent - Emitting event to queue: TextMessageContentEvent (thread 3cdee6da-c833-4872-bcfe-fa9459f0dd24, queue size before: 21)
2026-01-22 11:44:47,007 - DEBUG - ag_ui_adk.adk_agent - Event queued: TextMessageContentEvent (thread 3cdee6da-c833-4872-bcfe-fa9459f0dd24, queue size after: 22)
2026-01-22 11:44:47,007 - DEBUG - ag_ui_adk.adk_agent - Emitting event to queue: TextMessageContentEvent (thread 3cdee6da-c833-4872-bcfe-fa9459f0dd24, queue size before: 22)
2026-01-22 11:44:47,007 - DEBUG - ag_ui_adk.adk_agent - Event queued: TextMessageContentEvent (thread 3cdee6da-c833-4872-bcfe-fa9459f0dd24, queue size after: 23)
2026-01-22 11:44:47,008 - DEBUG - ag_ui_adk.adk_agent - Emitting event to queue: TextMessageContentEvent (thread 3cdee6da-c833-4872-bcfe-fa9459f0dd24, queue size before: 23)
2026-01-22 11:44:47,008 - DEBUG - ag_ui_adk.adk_agent - Event queued: TextMessageContentEvent (thread 3cdee6da-c833-4872-bcfe-fa9459f0dd24, queue size after: 24)
2026-01-22 11:44:47,008 - DEBUG - ag_ui_adk.adk_agent - Emitting event to queue: TextMessageContentEvent (thread 3cdee6da-c833-4872-bcfe-fa9459f0dd24, queue size before: 24)
2026-01-22 11:44:47,008 - DEBUG - ag_ui_adk.adk_agent - Event queued: TextMessageContentEvent (thread 3cdee6da-c833-4872-bcfe-fa9459f0dd24, queue size after: 25)
2026-01-22 11:44:47,009 - DEBUG - ag_ui_adk.adk_agent - Emitting event to queue: TextMessageContentEvent (thread 3cdee6da-c833-4872-bcfe-fa9459f0dd24, queue size before: 25)
2026-01-22 11:44:47,009 - DEBUG - ag_ui_adk.adk_agent - Event queued: TextMessageContentEvent (thread 3cdee6da-c833-4872-bcfe-fa9459f0dd24, queue size after: 26)
2026-01-22 11:44:47,009 - DEBUG - ag_ui_adk.adk_agent - Emitting event to queue: TextMessageContentEvent (thread 3cdee6da-c833-4872-bcfe-fa9459f0dd24, queue size before: 26)
2026-01-22 11:44:47,009 - DEBUG - ag_ui_adk.adk_agent - Event queued: TextMessageContentEvent (thread 3cdee6da-c833-4872-bcfe-fa9459f0dd24, queue size after: 27)
2026-01-22 11:44:47,010 - DEBUG - ag_ui_adk.adk_agent - Emitting event to queue: TextMessageContentEvent (thread 3cdee6da-c833-4872-bcfe-fa9459f0dd24, queue size before: 27)
2026-01-22 11:44:47,010 - DEBUG - ag_ui_adk.adk_agent - Event queued: TextMessageContentEvent (thread 3cdee6da-c833-4872-bcfe-fa9459f0dd24, queue size after: 28)
2026-01-22 11:44:47,010 - DEBUG - ag_ui_adk.adk_agent - Emitting event to queue: TextMessageContentEvent (thread 3cdee6da-c833-4872-bcfe-fa9459f0dd24, queue size before: 28)
2026-01-22 11:44:47,010 - DEBUG - ag_ui_adk.adk_agent - Event queued: TextMessageContentEvent (thread 3cdee6da-c833-4872-bcfe-fa9459f0dd24, queue size after: 29)
2026-01-22 11:44:47,011 - DEBUG - ag_ui_adk.adk_agent - Emitting event to queue: TextMessageContentEvent (thread 3cdee6da-c833-4872-bcfe-fa9459f0dd24, queue size before: 29)
2026-01-22 11:44:47,011 - DEBUG - ag_ui_adk.adk_agent - Event queued: TextMessageContentEvent (thread 3cdee6da-c833-4872-bcfe-fa9459f0dd24, queue size after: 30)
2026-01-22 11:44:47,011 - DEBUG - ag_ui_adk.adk_agent - Emitting event to queue: TextMessageContentEvent (thread 3cdee6da-c833-4872-bcfe-fa9459f0dd24, queue size before: 30)
2026-01-22 11:44:47,011 - DEBUG - ag_ui_adk.adk_agent - Event queued: TextMessageContentEvent (thread 3cdee6da-c833-4872-bcfe-fa9459f0dd24, queue size after: 31)
2026-01-22 11:44:47,012 - DEBUG - ag_ui_adk.adk_agent - Emitting event to queue: TextMessageContentEvent (thread 3cdee6da-c833-4872-bcfe-fa9459f0dd24, queue size before: 31)
2026-01-22 11:44:47,012 - DEBUG - ag_ui_adk.adk_agent - Event queued: TextMessageContentEvent (thread 3cdee6da-c833-4872-bcfe-fa9459f0dd24, queue size after: 32)
2026-01-22 11:44:47,013 - DEBUG - ag_ui_adk.adk_agent - Emitting event to queue: TextMessageContentEvent (thread 3cdee6da-c833-4872-bcfe-fa9459f0dd24, queue size before: 32)
2026-01-22 11:44:47,013 - DEBUG - ag_ui_adk.adk_agent - Event queued: TextMessageContentEvent (thread 3cdee6da-c833-4872-bcfe-fa9459f0dd24, queue size after: 33)
2026-01-22 11:44:47,013 - DEBUG - ag_ui_adk.adk_agent - Emitting event to queue: TextMessageContentEvent (thread 3cdee6da-c833-4872-bcfe-fa9459f0dd24, queue size before: 33)
2026-01-22 11:44:47,013 - DEBUG - ag_ui_adk.adk_agent - Event queued: TextMessageContentEvent (thread 3cdee6da-c833-4872-bcfe-fa9459f0dd24, queue size after: 34)
2026-01-22 11:44:47,014 - DEBUG - ag_ui_adk.adk_agent - Emitting event to queue: TextMessageContentEvent (thread 3cdee6da-c833-4872-bcfe-fa9459f0dd24, queue size before: 34)
2026-01-22 11:44:47,014 - DEBUG - ag_ui_adk.adk_agent - Event queued: TextMessageContentEvent (thread 3cdee6da-c833-4872-bcfe-fa9459f0dd24, queue size after: 35)
2026-01-22 11:44:47,014 - DEBUG - ag_ui_adk.adk_agent - Emitting event to queue: TextMessageContentEvent (thread 3cdee6da-c833-4872-bcfe-fa9459f0dd24, queue size before: 35)
2026-01-22 11:44:47,014 - DEBUG - ag_ui_adk.adk_agent - Event queued: TextMessageContentEvent (thread 3cdee6da-c833-4872-bcfe-fa9459f0dd24, queue size after: 36)
2026-01-22 11:44:47,015 - DEBUG - ag_ui_adk.adk_agent - Emitting event to queue: TextMessageContentEvent (thread 3cdee6da-c833-4872-bcfe-fa9459f0dd24, queue size before: 36)
2026-01-22 11:44:47,015 - DEBUG - ag_ui_adk.adk_agent - Event queued: TextMessageContentEvent (thread 3cdee6da-c833-4872-bcfe-fa9459f0dd24, queue size after: 37)
2026-01-22 11:44:47,015 - DEBUG - ag_ui_adk.adk_agent - Emitting event to queue: TextMessageContentEvent (thread 3cdee6da-c833-4872-bcfe-fa9459f0dd24, queue size before: 37)
2026-01-22 11:44:47,015 - DEBUG - ag_ui_adk.adk_agent - Event queued: TextMessageContentEvent (thread 3cdee6da-c833-4872-bcfe-fa9459f0dd24, queue size after: 38)
2026-01-22 11:44:47,015 - DEBUG - ag_ui_adk.adk_agent - Emitting event to queue: TextMessageContentEvent (thread 3cdee6da-c833-4872-bcfe-fa9459f0dd24, queue size before: 38)
2026-01-22 11:44:47,015 - DEBUG - ag_ui_adk.adk_agent - Event queued: TextMessageContentEvent (thread 3cdee6da-c833-4872-bcfe-fa9459f0dd24, queue size after: 39)
2026-01-22 11:44:47,016 - DEBUG - ag_ui_adk.adk_agent - Emitting event to queue: TextMessageContentEvent (thread 3cdee6da-c833-4872-bcfe-fa9459f0dd24, queue size before: 39)
2026-01-22 11:44:47,016 - DEBUG - ag_ui_adk.adk_agent - Event queued: TextMessageContentEvent (thread 3cdee6da-c833-4872-bcfe-fa9459f0dd24, queue size after: 40)
2026-01-22 11:44:47,016 - DEBUG - ag_ui_adk.adk_agent - Emitting event to queue: TextMessageContentEvent (thread 3cdee6da-c833-4872-bcfe-fa9459f0dd24, queue size before: 40)
2026-01-22 11:44:47,016 - DEBUG - ag_ui_adk.adk_agent - Event queued: TextMessageContentEvent (thread 3cdee6da-c833-4872-bcfe-fa9459f0dd24, queue size after: 41)
2026-01-22 11:44:47,017 - DEBUG - ag_ui_adk.adk_agent - Emitting event to queue: TextMessageContentEvent (thread 3cdee6da-c833-4872-bcfe-fa9459f0dd24, queue size before: 41)
2026-01-22 11:44:47,017 - DEBUG - ag_ui_adk.adk_agent - Event queued: TextMessageContentEvent (thread 3cdee6da-c833-4872-bcfe-fa9459f0dd24, queue size after: 42)
2026-01-22 11:44:47,017 - DEBUG - ag_ui_adk.adk_agent - Emitting event to queue: TextMessageContentEvent (thread 3cdee6da-c833-4872-bcfe-fa9459f0dd24, queue size before: 42)
2026-01-22 11:44:47,017 - DEBUG - ag_ui_adk.adk_agent - Event queued: TextMessageContentEvent (thread 3cdee6da-c833-4872-bcfe-fa9459f0dd24, queue size after: 43)
2026-01-22 11:44:47,018 - DEBUG - ag_ui_adk.adk_agent - Emitting event to queue: TextMessageContentEvent (thread 3cdee6da-c833-4872-bcfe-fa9459f0dd24, queue size before: 43)
2026-01-22 11:44:47,018 - DEBUG - ag_ui_adk.adk_agent - Event queued: TextMessageContentEvent (thread 3cdee6da-c833-4872-bcfe-fa9459f0dd24, queue size after: 44)
2026-01-22 11:44:47,019 - DEBUG - ag_ui_adk.adk_agent - Emitting event to queue: TextMessageContentEvent (thread 3cdee6da-c833-4872-bcfe-fa9459f0dd24, queue size before: 44)
2026-01-22 11:44:47,019 - DEBUG - ag_ui_adk.adk_agent - Event queued: TextMessageContentEvent (thread 3cdee6da-c833-4872-bcfe-fa9459f0dd24, queue size after: 45)
2026-01-22 11:44:47,019 - DEBUG - ag_ui_adk.adk_agent - Emitting event to queue: TextMessageContentEvent (thread 3cdee6da-c833-4872-bcfe-fa9459f0dd24, queue size before: 45)
2026-01-22 11:44:47,019 - DEBUG - ag_ui_adk.adk_agent - Event queued: TextMessageContentEvent (thread 3cdee6da-c833-4872-bcfe-fa9459f0dd24, queue size after: 46)
2026-01-22 11:44:47,020 - DEBUG - ag_ui_adk.adk_agent - Emitting event to queue: TextMessageContentEvent (thread 3cdee6da-c833-4872-bcfe-fa9459f0dd24, queue size before: 46)
2026-01-22 11:44:47,020 - DEBUG - ag_ui_adk.adk_agent - Event queued: TextMessageContentEvent (thread 3cdee6da-c833-4872-bcfe-fa9459f0dd24, queue size after: 47)
2026-01-22 11:44:47,021 - DEBUG - ag_ui_adk.adk_agent - Emitting event to queue: TextMessageContentEvent (thread 3cdee6da-c833-4872-bcfe-fa9459f0dd24, queue size before: 47)
2026-01-22 11:44:47,021 - DEBUG - ag_ui_adk.adk_agent - Event queued: TextMessageContentEvent (thread 3cdee6da-c833-4872-bcfe-fa9459f0dd24, queue size after: 48)
2026-01-22 11:44:47,022 - DEBUG - ag_ui_adk.adk_agent - Emitting event to queue: TextMessageContentEvent (thread 3cdee6da-c833-4872-bcfe-fa9459f0dd24, queue size before: 48)
2026-01-22 11:44:47,022 - DEBUG - ag_ui_adk.adk_agent - Event queued: TextMessageContentEvent (thread 3cdee6da-c833-4872-bcfe-fa9459f0dd24, queue size after: 49)
2026-01-22 11:44:47,023 - DEBUG - ag_ui_adk.adk_agent - Emitting event to queue: TextMessageContentEvent (thread 3cdee6da-c833-4872-bcfe-fa9459f0dd24, queue size before: 49)
2026-01-22 11:44:47,023 - DEBUG - ag_ui_adk.adk_agent - Event queued: TextMessageContentEvent (thread 3cdee6da-c833-4872-bcfe-fa9459f0dd24, queue size after: 50)
2026-01-22 11:44:47,025 - DEBUG - ag_ui_adk.adk_agent - Emitting event to queue: TextMessageContentEvent (thread 3cdee6da-c833-4872-bcfe-fa9459f0dd24, queue size before: 50)
2026-01-22 11:44:47,025 - DEBUG - ag_ui_adk.adk_agent - Event queued: TextMessageContentEvent (thread 3cdee6da-c833-4872-bcfe-fa9459f0dd24, queue size after: 51)
2026-01-22 11:44:47,026 - DEBUG - ag_ui_adk.adk_agent - Emitting event to queue: TextMessageContentEvent (thread 3cdee6da-c833-4872-bcfe-fa9459f0dd24, queue size before: 51)
2026-01-22 11:44:47,026 - DEBUG - ag_ui_adk.adk_agent - Event queued: TextMessageContentEvent (thread 3cdee6da-c833-4872-bcfe-fa9459f0dd24, queue size after: 52)
2026-01-22 11:44:47,027 - DEBUG - ag_ui_adk.adk_agent - Emitting event to queue: TextMessageContentEvent (thread 3cdee6da-c833-4872-bcfe-fa9459f0dd24, queue size before: 52)
2026-01-22 11:44:47,027 - DEBUG - ag_ui_adk.adk_agent - Event queued: TextMessageContentEvent (thread 3cdee6da-c833-4872-bcfe-fa9459f0dd24, queue size after: 53)
2026-01-22 11:44:47,028 - DEBUG - ag_ui_adk.adk_agent - Emitting event to queue: TextMessageContentEvent (thread 3cdee6da-c833-4872-bcfe-fa9459f0dd24, queue size before: 53)
2026-01-22 11:44:47,028 - DEBUG - ag_ui_adk.adk_agent - Event queued: TextMessageContentEvent (thread 3cdee6da-c833-4872-bcfe-fa9459f0dd24, queue size after: 54)
2026-01-22 11:44:47,029 - DEBUG - ag_ui_adk.adk_agent - Emitting event to queue: TextMessageContentEvent (thread 3cdee6da-c833-4872-bcfe-fa9459f0dd24, queue size before: 54)
2026-01-22 11:44:47,029 - DEBUG - ag_ui_adk.adk_agent - Event queued: TextMessageContentEvent (thread 3cdee6da-c833-4872-bcfe-fa9459f0dd24, queue size after: 55)
2026-01-22 11:44:47,029 - DEBUG - ag_ui_adk.adk_agent - Emitting event to queue: TextMessageContentEvent (thread 3cdee6da-c833-4872-bcfe-fa9459f0dd24, queue size before: 55)
2026-01-22 11:44:47,029 - DEBUG - ag_ui_adk.adk_agent - Event queued: TextMessageContentEvent (thread 3cdee6da-c833-4872-bcfe-fa9459f0dd24, queue size after: 56)
2026-01-22 11:44:47,030 - DEBUG - ag_ui_adk.adk_agent - Emitting event to queue: TextMessageContentEvent (thread 3cdee6da-c833-4872-bcfe-fa9459f0dd24, queue size before: 56)
2026-01-22 11:44:47,030 - DEBUG - ag_ui_adk.adk_agent - Event queued: TextMessageContentEvent (thread 3cdee6da-c833-4872-bcfe-fa9459f0dd24, queue size after: 57)
2026-01-22 11:44:47,031 - DEBUG - ag_ui_adk.adk_agent - Emitting event to queue: TextMessageContentEvent (thread 3cdee6da-c833-4872-bcfe-fa9459f0dd24, queue size before: 57)
2026-01-22 11:44:47,031 - DEBUG - ag_ui_adk.adk_agent - Event queued: TextMessageContentEvent (thread 3cdee6da-c833-4872-bcfe-fa9459f0dd24, queue size after: 58)
2026-01-22 11:44:47,031 - DEBUG - ag_ui_adk.adk_agent - Emitting event to queue: TextMessageContentEvent (thread 3cdee6da-c833-4872-bcfe-fa9459f0dd24, queue size before: 58)
2026-01-22 11:44:47,031 - DEBUG - ag_ui_adk.adk_agent - Event queued: TextMessageContentEvent (thread 3cdee6da-c833-4872-bcfe-fa9459f0dd24, queue size after: 59)
2026-01-22 11:44:47,032 - DEBUG - ag_ui_adk.adk_agent - Emitting event to queue: TextMessageContentEvent (thread 3cdee6da-c833-4872-bcfe-fa9459f0dd24, queue size before: 59)
2026-01-22 11:44:47,032 - DEBUG - ag_ui_adk.adk_agent - Event queued: TextMessageContentEvent (thread 3cdee6da-c833-4872-bcfe-fa9459f0dd24, queue size after: 60)
2026-01-22 11:44:47,032 - DEBUG - ag_ui_adk.adk_agent - Emitting event to queue: TextMessageContentEvent (thread 3cdee6da-c833-4872-bcfe-fa9459f0dd24, queue size before: 60)
2026-01-22 11:44:47,032 - DEBUG - ag_ui_adk.adk_agent - Event queued: TextMessageContentEvent (thread 3cdee6da-c833-4872-bcfe-fa9459f0dd24, queue size after: 61)
2026-01-22 11:44:47,033 - DEBUG - ag_ui_adk.adk_agent - Emitting event to queue: TextMessageContentEvent (thread 3cdee6da-c833-4872-bcfe-fa9459f0dd24, queue size before: 61)
2026-01-22 11:44:47,033 - DEBUG - ag_ui_adk.adk_agent - Event queued: TextMessageContentEvent (thread 3cdee6da-c833-4872-bcfe-fa9459f0dd24, queue size after: 62)
2026-01-22 11:44:47,033 - DEBUG - ag_ui_adk.adk_agent - Emitting event to queue: TextMessageContentEvent (thread 3cdee6da-c833-4872-bcfe-fa9459f0dd24, queue size before: 62)
2026-01-22 11:44:47,033 - DEBUG - ag_ui_adk.adk_agent - Event queued: TextMessageContentEvent (thread 3cdee6da-c833-4872-bcfe-fa9459f0dd24, queue size after: 63)
2026-01-22 11:44:47,034 - DEBUG - ag_ui_adk.adk_agent - Emitting event to queue: TextMessageContentEvent (thread 3cdee6da-c833-4872-bcfe-fa9459f0dd24, queue size before: 63)
2026-01-22 11:44:47,034 - DEBUG - ag_ui_adk.adk_agent - Event queued: TextMessageContentEvent (thread 3cdee6da-c833-4872-bcfe-fa9459f0dd24, queue size after: 64)
2026-01-22 11:44:47,034 - DEBUG - ag_ui_adk.adk_agent - Emitting event to queue: TextMessageContentEvent (thread 3cdee6da-c833-4872-bcfe-fa9459f0dd24, queue size before: 64)
2026-01-22 11:44:47,034 - DEBUG - ag_ui_adk.adk_agent - Event queued: TextMessageContentEvent (thread 3cdee6da-c833-4872-bcfe-fa9459f0dd24, queue size after: 65)
2026-01-22 11:44:47,035 - DEBUG - ag_ui_adk.adk_agent - Emitting event to queue: TextMessageContentEvent (thread 3cdee6da-c833-4872-bcfe-fa9459f0dd24, queue size before: 65)
2026-01-22 11:44:47,035 - DEBUG - ag_ui_adk.adk_agent - Event queued: TextMessageContentEvent (thread 3cdee6da-c833-4872-bcfe-fa9459f0dd24, queue size after: 66)
2026-01-22 11:44:47,036 - DEBUG - ag_ui_adk.adk_agent - Emitting event to queue: TextMessageContentEvent (thread 3cdee6da-c833-4872-bcfe-fa9459f0dd24, queue size before: 66)
2026-01-22 11:44:47,036 - DEBUG - ag_ui_adk.adk_agent - Event queued: TextMessageContentEvent (thread 3cdee6da-c833-4872-bcfe-fa9459f0dd24, queue size after: 67)
2026-01-22 11:44:47,036 - DEBUG - ag_ui_adk.adk_agent - Emitting event to queue: TextMessageContentEvent (thread 3cdee6da-c833-4872-bcfe-fa9459f0dd24, queue size before: 67)
2026-01-22 11:44:47,036 - DEBUG - ag_ui_adk.adk_agent - Event queued: TextMessageContentEvent (thread 3cdee6da-c833-4872-bcfe-fa9459f0dd24, queue size after: 68)
2026-01-22 11:44:47,037 - DEBUG - ag_ui_adk.adk_agent - Emitting event to queue: TextMessageContentEvent (thread 3cdee6da-c833-4872-bcfe-fa9459f0dd24, queue size before: 68)
2026-01-22 11:44:47,037 - DEBUG - ag_ui_adk.adk_agent - Event queued: TextMessageContentEvent (thread 3cdee6da-c833-4872-bcfe-fa9459f0dd24, queue size after: 69)
2026-01-22 11:44:47,037 - DEBUG - ag_ui_adk.adk_agent - Emitting event to queue: TextMessageContentEvent (thread 3cdee6da-c833-4872-bcfe-fa9459f0dd24, queue size before: 69)
2026-01-22 11:44:47,037 - DEBUG - ag_ui_adk.adk_agent - Event queued: TextMessageContentEvent (thread 3cdee6da-c833-4872-bcfe-fa9459f0dd24, queue size after: 70)
2026-01-22 11:44:47,038 - DEBUG - ag_ui_adk.adk_agent - Emitting event to queue: TextMessageContentEvent (thread 3cdee6da-c833-4872-bcfe-fa9459f0dd24, queue size before: 70)
2026-01-22 11:44:47,038 - DEBUG - ag_ui_adk.adk_agent - Event queued: TextMessageContentEvent (thread 3cdee6da-c833-4872-bcfe-fa9459f0dd24, queue size after: 71)
2026-01-22 11:44:47,038 - DEBUG - ag_ui_adk.adk_agent - Emitting event to queue: TextMessageContentEvent (thread 3cdee6da-c833-4872-bcfe-fa9459f0dd24, queue size before: 71)
2026-01-22 11:44:47,038 - DEBUG - ag_ui_adk.adk_agent - Event queued: TextMessageContentEvent (thread 3cdee6da-c833-4872-bcfe-fa9459f0dd24, queue size after: 72)
2026-01-22 11:44:47,039 - DEBUG - ag_ui_adk.adk_agent - Emitting event to queue: TextMessageContentEvent (thread 3cdee6da-c833-4872-bcfe-fa9459f0dd24, queue size before: 72)
2026-01-22 11:44:47,039 - DEBUG - ag_ui_adk.adk_agent - Event queued: TextMessageContentEvent (thread 3cdee6da-c833-4872-bcfe-fa9459f0dd24, queue size after: 73)
2026-01-22 11:44:47,039 - DEBUG - ag_ui_adk.adk_agent - Emitting event to queue: TextMessageContentEvent (thread 3cdee6da-c833-4872-bcfe-fa9459f0dd24, queue size before: 73)
2026-01-22 11:44:47,039 - DEBUG - ag_ui_adk.adk_agent - Event queued: TextMessageContentEvent (thread 3cdee6da-c833-4872-bcfe-fa9459f0dd24, queue size after: 74)
2026-01-22 11:44:47,040 - DEBUG - ag_ui_adk.adk_agent - Emitting event to queue: TextMessageContentEvent (thread 3cdee6da-c833-4872-bcfe-fa9459f0dd24, queue size before: 74)
2026-01-22 11:44:47,040 - DEBUG - ag_ui_adk.adk_agent - Event queued: TextMessageContentEvent (thread 3cdee6da-c833-4872-bcfe-fa9459f0dd24, queue size after: 75)
2026-01-22 11:44:47,040 - DEBUG - ag_ui_adk.adk_agent - Emitting event to queue: TextMessageContentEvent (thread 3cdee6da-c833-4872-bcfe-fa9459f0dd24, queue size before: 75)
2026-01-22 11:44:47,040 - DEBUG - ag_ui_adk.adk_agent - Event queued: TextMessageContentEvent (thread 3cdee6da-c833-4872-bcfe-fa9459f0dd24, queue size after: 76)
2026-01-22 11:44:47,041 - DEBUG - ag_ui_adk.adk_agent - Emitting event to queue: TextMessageContentEvent (thread 3cdee6da-c833-4872-bcfe-fa9459f0dd24, queue size before: 76)
2026-01-22 11:44:47,041 - DEBUG - ag_ui_adk.adk_agent - Event queued: TextMessageContentEvent (thread 3cdee6da-c833-4872-bcfe-fa9459f0dd24, queue size after: 77)
2026-01-22 11:44:47,041 - DEBUG - ag_ui_adk.adk_agent - Emitting event to queue: TextMessageContentEvent (thread 3cdee6da-c833-4872-bcfe-fa9459f0dd24, queue size before: 77)
2026-01-22 11:44:47,041 - DEBUG - ag_ui_adk.adk_agent - Event queued: TextMessageContentEvent (thread 3cdee6da-c833-4872-bcfe-fa9459f0dd24, queue size after: 78)
2026-01-22 11:44:47,042 - DEBUG - ag_ui_adk.adk_agent - Emitting event to queue: TextMessageContentEvent (thread 3cdee6da-c833-4872-bcfe-fa9459f0dd24, queue size before: 78)
2026-01-22 11:44:47,042 - DEBUG - ag_ui_adk.adk_agent - Event queued: TextMessageContentEvent (thread 3cdee6da-c833-4872-bcfe-fa9459f0dd24, queue size after: 79)
2026-01-22 11:44:47,042 - DEBUG - ag_ui_adk.adk_agent - Emitting event to queue: TextMessageContentEvent (thread 3cdee6da-c833-4872-bcfe-fa9459f0dd24, queue size before: 79)
2026-01-22 11:44:47,042 - DEBUG - ag_ui_adk.adk_agent - Event queued: TextMessageContentEvent (thread 3cdee6da-c833-4872-bcfe-fa9459f0dd24, queue size after: 80)
2026-01-22 11:44:47,042 - DEBUG - ag_ui_adk.adk_agent - Got event #104 from queue: TextMessageContentEvent (thread 3cdee6da-c833-4872-bcfe-fa9459f0dd24)
2026-01-22 11:44:47,042 - DEBUG - ag_ui_adk.adk_agent - Streaming event #104: TextMessageContentEvent (thread 3cdee6da-c833-4872-bcfe-fa9459f0dd24)
2026-01-22 11:44:47,042 - DEBUG - ag_ui_adk.adk_agent - Yielding event: TextMessageContentEvent
2026-01-22 11:44:47,042 - DEBUG - ag_ui_adk.endpoint - HTTP Response: data: {"type":"TEXT_MESSAGE_CONTENT","messageId":"89156c75-ce3e-42a4-b35b-f89b9c2aa537","delta":"         "}


2026-01-22 11:44:47,042 - DEBUG - ag_ui_adk.adk_agent - Waiting for event from queue (thread 3cdee6da-c833-4872-bcfe-fa9459f0dd24, queue size: 79)
2026-01-22 11:44:47,042 - DEBUG - ag_ui_adk.adk_agent - Got event #105 from queue: TextMessageContentEvent (thread 3cdee6da-c833-4872-bcfe-fa9459f0dd24)
2026-01-22 11:44:47,043 - DEBUG - ag_ui_adk.adk_agent - Streaming event #105: TextMessageContentEvent (thread 3cdee6da-c833-4872-bcfe-fa9459f0dd24)
2026-01-22 11:44:47,043 - DEBUG - ag_ui_adk.adk_agent - Yielding event: TextMessageContentEvent
2026-01-22 11:44:47,043 - DEBUG - ag_ui_adk.endpoint - HTTP Response: data: {"type":"TEXT_MESSAGE_CONTENT","messageId":"89156c75-ce3e-42a4-b35b-f89b9c2aa537","delta":" }\n"}


2026-01-22 11:44:47,043 - DEBUG - ag_ui_adk.adk_agent - Waiting for event from queue (thread 3cdee6da-c833-4872-bcfe-fa9459f0dd24, queue size: 78)
2026-01-22 11:44:47,043 - DEBUG - ag_ui_adk.adk_agent - Got event #106 from queue: TextMessageContentEvent (thread 3cdee6da-c833-4872-bcfe-fa9459f0dd24)
2026-01-22 11:44:47,043 - DEBUG - ag_ui_adk.adk_agent - Streaming event #106: TextMessageContentEvent (thread 3cdee6da-c833-4872-bcfe-fa9459f0dd24)
2026-01-22 11:44:47,043 - DEBUG - ag_ui_adk.adk_agent - Yielding event: TextMessageContentEvent
2026-01-22 11:44:47,043 - DEBUG - ag_ui_adk.endpoint - HTTP Response: data: {"type":"TEXT_MESSAGE_CONTENT","messageId":"89156c75-ce3e-42a4-b35b-f89b9c2aa537","delta":"       "}


2026-01-22 11:44:47,043 - DEBUG - ag_ui_adk.adk_agent - Waiting for event from queue (thread 3cdee6da-c833-4872-bcfe-fa9459f0dd24, queue size: 77)
2026-01-22 11:44:47,043 - DEBUG - ag_ui_adk.adk_agent - Got event #107 from queue: TextMessageContentEvent (thread 3cdee6da-c833-4872-bcfe-fa9459f0dd24)
2026-01-22 11:44:47,043 - DEBUG - ag_ui_adk.adk_agent - Streaming event #107: TextMessageContentEvent (thread 3cdee6da-c833-4872-bcfe-fa9459f0dd24)
2026-01-22 11:44:47,043 - DEBUG - ag_ui_adk.adk_agent - Yielding event: TextMessageContentEvent
2026-01-22 11:44:47,043 - DEBUG - ag_ui_adk.endpoint - HTTP Response: data: {"type":"TEXT_MESSAGE_CONTENT","messageId":"89156c75-ce3e-42a4-b35b-f89b9c2aa537","delta":" },\n"}


2026-01-22 11:44:47,043 - DEBUG - ag_ui_adk.adk_agent - Waiting for event from queue (thread 3cdee6da-c833-4872-bcfe-fa9459f0dd24, queue size: 76)
2026-01-22 11:44:47,043 - DEBUG - ag_ui_adk.adk_agent - Got event #108 from queue: TextMessageContentEvent (thread 3cdee6da-c833-4872-bcfe-fa9459f0dd24)
2026-01-22 11:44:47,043 - DEBUG - ag_ui_adk.adk_agent - Streaming event #108: TextMessageContentEvent (thread 3cdee6da-c833-4872-bcfe-fa9459f0dd24)
2026-01-22 11:44:47,043 - DEBUG - ag_ui_adk.adk_agent - Yielding event: TextMessageContentEvent
2026-01-22 11:44:47,043 - DEBUG - ag_ui_adk.endpoint - HTTP Response: data: {"type":"TEXT_MESSAGE_CONTENT","messageId":"89156c75-ce3e-42a4-b35b-f89b9c2aa537","delta":"       "}


2026-01-22 11:44:47,043 - DEBUG - ag_ui_adk.adk_agent - Waiting for event from queue (thread 3cdee6da-c833-4872-bcfe-fa9459f0dd24, queue size: 75)
2026-01-22 11:44:47,043 - DEBUG - ag_ui_adk.adk_agent - Got event #109 from queue: TextMessageContentEvent (thread 3cdee6da-c833-4872-bcfe-fa9459f0dd24)
2026-01-22 11:44:47,043 - DEBUG - ag_ui_adk.adk_agent - Streaming event #109: TextMessageContentEvent (thread 3cdee6da-c833-4872-bcfe-fa9459f0dd24)
2026-01-22 11:44:47,043 - DEBUG - ag_ui_adk.adk_agent - Yielding event: TextMessageContentEvent
2026-01-22 11:44:47,043 - DEBUG - ag_ui_adk.endpoint - HTTP Response: data: {"type":"TEXT_MESSAGE_CONTENT","messageId":"89156c75-ce3e-42a4-b35b-f89b9c2aa537","delta":" {\n"}


2026-01-22 11:44:47,043 - DEBUG - ag_ui_adk.adk_agent - Waiting for event from queue (thread 3cdee6da-c833-4872-bcfe-fa9459f0dd24, queue size: 74)
2026-01-22 11:44:47,043 - DEBUG - ag_ui_adk.adk_agent - Got event #110 from queue: TextMessageContentEvent (thread 3cdee6da-c833-4872-bcfe-fa9459f0dd24)
2026-01-22 11:44:47,043 - DEBUG - ag_ui_adk.adk_agent - Streaming event #110: TextMessageContentEvent (thread 3cdee6da-c833-4872-bcfe-fa9459f0dd24)
2026-01-22 11:44:47,043 - DEBUG - ag_ui_adk.adk_agent - Yielding event: TextMessageContentEvent
2026-01-22 11:44:47,043 - DEBUG - ag_ui_adk.endpoint - HTTP Response: data: {"type":"TEXT_MESSAGE_CONTENT","messageId":"89156c75-ce3e-42a4-b35b-f89b9c2aa537","delta":"         "}


2026-01-22 11:44:47,043 - DEBUG - ag_ui_adk.adk_agent - Waiting for event from queue (thread 3cdee6da-c833-4872-bcfe-fa9459f0dd24, queue size: 73)
2026-01-22 11:44:47,043 - DEBUG - ag_ui_adk.adk_agent - Got event #111 from queue: TextMessageContentEvent (thread 3cdee6da-c833-4872-bcfe-fa9459f0dd24)
2026-01-22 11:44:47,043 - DEBUG - ag_ui_adk.adk_agent - Streaming event #111: TextMessageContentEvent (thread 3cdee6da-c833-4872-bcfe-fa9459f0dd24)
2026-01-22 11:44:47,043 - DEBUG - ag_ui_adk.adk_agent - Yielding event: TextMessageContentEvent
2026-01-22 11:44:47,043 - DEBUG - ag_ui_adk.endpoint - HTTP Response: data: {"type":"TEXT_MESSAGE_CONTENT","messageId":"89156c75-ce3e-42a4-b35b-f89b9c2aa537","delta":" \""}


2026-01-22 11:44:47,043 - DEBUG - ag_ui_adk.adk_agent - Waiting for event from queue (thread 3cdee6da-c833-4872-bcfe-fa9459f0dd24, queue size: 72)
2026-01-22 11:44:47,043 - DEBUG - ag_ui_adk.adk_agent - Got event #112 from queue: TextMessageContentEvent (thread 3cdee6da-c833-4872-bcfe-fa9459f0dd24)
2026-01-22 11:44:47,043 - DEBUG - ag_ui_adk.adk_agent - Streaming event #112: TextMessageContentEvent (thread 3cdee6da-c833-4872-bcfe-fa9459f0dd24)
2026-01-22 11:44:47,043 - DEBUG - ag_ui_adk.adk_agent - Yielding event: TextMessageContentEvent
2026-01-22 11:44:47,043 - DEBUG - ag_ui_adk.endpoint - HTTP Response: data: {"type":"TEXT_MESSAGE_CONTENT","messageId":"89156c75-ce3e-42a4-b35b-f89b9c2aa537","delta":"id"}


2026-01-22 11:44:47,043 - DEBUG - ag_ui_adk.adk_agent - Waiting for event from queue (thread 3cdee6da-c833-4872-bcfe-fa9459f0dd24, queue size: 71)
2026-01-22 11:44:47,043 - DEBUG - ag_ui_adk.adk_agent - Got event #113 from queue: TextMessageContentEvent (thread 3cdee6da-c833-4872-bcfe-fa9459f0dd24)
2026-01-22 11:44:47,043 - DEBUG - ag_ui_adk.adk_agent - Streaming event #113: TextMessageContentEvent (thread 3cdee6da-c833-4872-bcfe-fa9459f0dd24)
2026-01-22 11:44:47,043 - DEBUG - ag_ui_adk.adk_agent - Yielding event: TextMessageContentEvent
2026-01-22 11:44:47,043 - DEBUG - ag_ui_adk.endpoint - HTTP Response: data: {"type":"TEXT_MESSAGE_CONTENT","messageId":"89156c75-ce3e-42a4-b35b-f89b9c2aa537","delta":"\":"}


2026-01-22 11:44:47,043 - DEBUG - ag_ui_adk.adk_agent - Waiting for event from queue (thread 3cdee6da-c833-4872-bcfe-fa9459f0dd24, queue size: 70)
2026-01-22 11:44:47,043 - DEBUG - ag_ui_adk.adk_agent - Got event #114 from queue: TextMessageContentEvent (thread 3cdee6da-c833-4872-bcfe-fa9459f0dd24)
2026-01-22 11:44:47,043 - DEBUG - ag_ui_adk.adk_agent - Streaming event #114: TextMessageContentEvent (thread 3cdee6da-c833-4872-bcfe-fa9459f0dd24)
2026-01-22 11:44:47,043 - DEBUG - ag_ui_adk.adk_agent - Yielding event: TextMessageContentEvent
2026-01-22 11:44:47,043 - DEBUG - ag_ui_adk.endpoint - HTTP Response: data: {"type":"TEXT_MESSAGE_CONTENT","messageId":"89156c75-ce3e-42a4-b35b-f89b9c2aa537","delta":" \""}


2026-01-22 11:44:47,043 - DEBUG - ag_ui_adk.adk_agent - Waiting for event from queue (thread 3cdee6da-c833-4872-bcfe-fa9459f0dd24, queue size: 69)
2026-01-22 11:44:47,043 - DEBUG - ag_ui_adk.adk_agent - Got event #115 from queue: TextMessageContentEvent (thread 3cdee6da-c833-4872-bcfe-fa9459f0dd24)
2026-01-22 11:44:47,043 - DEBUG - ag_ui_adk.adk_agent - Streaming event #115: TextMessageContentEvent (thread 3cdee6da-c833-4872-bcfe-fa9459f0dd24)
2026-01-22 11:44:47,043 - DEBUG - ag_ui_adk.adk_agent - Yielding event: TextMessageContentEvent
2026-01-22 11:44:47,043 - DEBUG - ag_ui_adk.endpoint - HTTP Response: data: {"type":"TEXT_MESSAGE_CONTENT","messageId":"89156c75-ce3e-42a4-b35b-f89b9c2aa537","delta":"content"}


2026-01-22 11:44:47,043 - DEBUG - ag_ui_adk.adk_agent - Waiting for event from queue (thread 3cdee6da-c833-4872-bcfe-fa9459f0dd24, queue size: 68)
2026-01-22 11:44:47,043 - DEBUG - ag_ui_adk.adk_agent - Got event #116 from queue: TextMessageContentEvent (thread 3cdee6da-c833-4872-bcfe-fa9459f0dd24)
2026-01-22 11:44:47,043 - DEBUG - ag_ui_adk.adk_agent - Streaming event #116: TextMessageContentEvent (thread 3cdee6da-c833-4872-bcfe-fa9459f0dd24)
2026-01-22 11:44:47,043 - DEBUG - ag_ui_adk.adk_agent - Yielding event: TextMessageContentEvent
2026-01-22 11:44:47,043 - DEBUG - ag_ui_adk.endpoint - HTTP Response: data: {"type":"TEXT_MESSAGE_CONTENT","messageId":"89156c75-ce3e-42a4-b35b-f89b9c2aa537","delta":"\",\n"}


2026-01-22 11:44:47,043 - DEBUG - ag_ui_adk.adk_agent - Waiting for event from queue (thread 3cdee6da-c833-4872-bcfe-fa9459f0dd24, queue size: 67)
2026-01-22 11:44:47,043 - DEBUG - ag_ui_adk.adk_agent - Got event #117 from queue: TextMessageContentEvent (thread 3cdee6da-c833-4872-bcfe-fa9459f0dd24)
2026-01-22 11:44:47,043 - DEBUG - ag_ui_adk.adk_agent - Streaming event #117: TextMessageContentEvent (thread 3cdee6da-c833-4872-bcfe-fa9459f0dd24)
2026-01-22 11:44:47,043 - DEBUG - ag_ui_adk.adk_agent - Yielding event: TextMessageContentEvent
2026-01-22 11:44:47,043 - DEBUG - ag_ui_adk.endpoint - HTTP Response: data: {"type":"TEXT_MESSAGE_CONTENT","messageId":"89156c75-ce3e-42a4-b35b-f89b9c2aa537","delta":"         "}


2026-01-22 11:44:47,043 - DEBUG - ag_ui_adk.adk_agent - Waiting for event from queue (thread 3cdee6da-c833-4872-bcfe-fa9459f0dd24, queue size: 66)
2026-01-22 11:44:47,043 - DEBUG - ag_ui_adk.adk_agent - Got event #118 from queue: TextMessageContentEvent (thread 3cdee6da-c833-4872-bcfe-fa9459f0dd24)
2026-01-22 11:44:47,043 - DEBUG - ag_ui_adk.adk_agent - Streaming event #118: TextMessageContentEvent (thread 3cdee6da-c833-4872-bcfe-fa9459f0dd24)
2026-01-22 11:44:47,043 - DEBUG - ag_ui_adk.adk_agent - Yielding event: TextMessageContentEvent
2026-01-22 11:44:47,043 - DEBUG - ag_ui_adk.endpoint - HTTP Response: data: {"type":"TEXT_MESSAGE_CONTENT","messageId":"89156c75-ce3e-42a4-b35b-f89b9c2aa537","delta":" \""}


2026-01-22 11:44:47,043 - DEBUG - ag_ui_adk.adk_agent - Waiting for event from queue (thread 3cdee6da-c833-4872-bcfe-fa9459f0dd24, queue size: 65)
2026-01-22 11:44:47,043 - DEBUG - ag_ui_adk.adk_agent - Got event #119 from queue: TextMessageContentEvent (thread 3cdee6da-c833-4872-bcfe-fa9459f0dd24)
2026-01-22 11:44:47,043 - DEBUG - ag_ui_adk.adk_agent - Streaming event #119: TextMessageContentEvent (thread 3cdee6da-c833-4872-bcfe-fa9459f0dd24)
2026-01-22 11:44:47,044 - DEBUG - ag_ui_adk.adk_agent - Yielding event: TextMessageContentEvent
2026-01-22 11:44:47,044 - DEBUG - ag_ui_adk.endpoint - HTTP Response: data: {"type":"TEXT_MESSAGE_CONTENT","messageId":"89156c75-ce3e-42a4-b35b-f89b9c2aa537","delta":"component"}


2026-01-22 11:44:47,044 - DEBUG - ag_ui_adk.adk_agent - Waiting for event from queue (thread 3cdee6da-c833-4872-bcfe-fa9459f0dd24, queue size: 64)
2026-01-22 11:44:47,044 - DEBUG - ag_ui_adk.adk_agent - Got event #120 from queue: TextMessageContentEvent (thread 3cdee6da-c833-4872-bcfe-fa9459f0dd24)
2026-01-22 11:44:47,044 - DEBUG - ag_ui_adk.adk_agent - Streaming event #120: TextMessageContentEvent (thread 3cdee6da-c833-4872-bcfe-fa9459f0dd24)
2026-01-22 11:44:47,044 - DEBUG - ag_ui_adk.adk_agent - Yielding event: TextMessageContentEvent
2026-01-22 11:44:47,044 - DEBUG - ag_ui_adk.endpoint - HTTP Response: data: {"type":"TEXT_MESSAGE_CONTENT","messageId":"89156c75-ce3e-42a4-b35b-f89b9c2aa537","delta":"\":"}


2026-01-22 11:44:47,044 - DEBUG - ag_ui_adk.adk_agent - Waiting for event from queue (thread 3cdee6da-c833-4872-bcfe-fa9459f0dd24, queue size: 63)
2026-01-22 11:44:47,044 - DEBUG - ag_ui_adk.adk_agent - Got event #121 from queue: TextMessageContentEvent (thread 3cdee6da-c833-4872-bcfe-fa9459f0dd24)
2026-01-22 11:44:47,044 - DEBUG - ag_ui_adk.adk_agent - Streaming event #121: TextMessageContentEvent (thread 3cdee6da-c833-4872-bcfe-fa9459f0dd24)
2026-01-22 11:44:47,044 - DEBUG - ag_ui_adk.adk_agent - Yielding event: TextMessageContentEvent
2026-01-22 11:44:47,044 - DEBUG - ag_ui_adk.endpoint - HTTP Response: data: {"type":"TEXT_MESSAGE_CONTENT","messageId":"89156c75-ce3e-42a4-b35b-f89b9c2aa537","delta":" {\n"}


2026-01-22 11:44:47,044 - DEBUG - ag_ui_adk.adk_agent - Waiting for event from queue (thread 3cdee6da-c833-4872-bcfe-fa9459f0dd24, queue size: 62)
2026-01-22 11:44:47,044 - DEBUG - ag_ui_adk.adk_agent - Got event #122 from queue: TextMessageContentEvent (thread 3cdee6da-c833-4872-bcfe-fa9459f0dd24)
2026-01-22 11:44:47,044 - DEBUG - ag_ui_adk.adk_agent - Streaming event #122: TextMessageContentEvent (thread 3cdee6da-c833-4872-bcfe-fa9459f0dd24)
2026-01-22 11:44:47,044 - DEBUG - ag_ui_adk.adk_agent - Yielding event: TextMessageContentEvent
2026-01-22 11:44:47,044 - DEBUG - ag_ui_adk.endpoint - HTTP Response: data: {"type":"TEXT_MESSAGE_CONTENT","messageId":"89156c75-ce3e-42a4-b35b-f89b9c2aa537","delta":"           "}


2026-01-22 11:44:47,044 - DEBUG - ag_ui_adk.adk_agent - Waiting for event from queue (thread 3cdee6da-c833-4872-bcfe-fa9459f0dd24, queue size: 61)
2026-01-22 11:44:47,044 - DEBUG - ag_ui_adk.adk_agent - Got event #123 from queue: TextMessageContentEvent (thread 3cdee6da-c833-4872-bcfe-fa9459f0dd24)
2026-01-22 11:44:47,044 - DEBUG - ag_ui_adk.adk_agent - Streaming event #123: TextMessageContentEvent (thread 3cdee6da-c833-4872-bcfe-fa9459f0dd24)
2026-01-22 11:44:47,044 - DEBUG - ag_ui_adk.adk_agent - Yielding event: TextMessageContentEvent
2026-01-22 11:44:47,044 - DEBUG - ag_ui_adk.endpoint - HTTP Response: data: {"type":"TEXT_MESSAGE_CONTENT","messageId":"89156c75-ce3e-42a4-b35b-f89b9c2aa537","delta":" \""}


2026-01-22 11:44:47,044 - DEBUG - ag_ui_adk.adk_agent - Waiting for event from queue (thread 3cdee6da-c833-4872-bcfe-fa9459f0dd24, queue size: 60)
2026-01-22 11:44:47,044 - DEBUG - ag_ui_adk.adk_agent - Got event #124 from queue: TextMessageContentEvent (thread 3cdee6da-c833-4872-bcfe-fa9459f0dd24)
2026-01-22 11:44:47,044 - DEBUG - ag_ui_adk.adk_agent - Streaming event #124: TextMessageContentEvent (thread 3cdee6da-c833-4872-bcfe-fa9459f0dd24)
2026-01-22 11:44:47,044 - DEBUG - ag_ui_adk.adk_agent - Yielding event: TextMessageContentEvent
2026-01-22 11:44:47,044 - DEBUG - ag_ui_adk.endpoint - HTTP Response: data: {"type":"TEXT_MESSAGE_CONTENT","messageId":"89156c75-ce3e-42a4-b35b-f89b9c2aa537","delta":"Column"}


2026-01-22 11:44:47,044 - DEBUG - ag_ui_adk.adk_agent - Waiting for event from queue (thread 3cdee6da-c833-4872-bcfe-fa9459f0dd24, queue size: 59)
2026-01-22 11:44:47,044 - DEBUG - ag_ui_adk.adk_agent - Got event #125 from queue: TextMessageContentEvent (thread 3cdee6da-c833-4872-bcfe-fa9459f0dd24)
2026-01-22 11:44:47,044 - DEBUG - ag_ui_adk.adk_agent - Streaming event #125: TextMessageContentEvent (thread 3cdee6da-c833-4872-bcfe-fa9459f0dd24)
2026-01-22 11:44:47,044 - DEBUG - ag_ui_adk.adk_agent - Yielding event: TextMessageContentEvent
2026-01-22 11:44:47,044 - DEBUG - ag_ui_adk.endpoint - HTTP Response: data: {"type":"TEXT_MESSAGE_CONTENT","messageId":"89156c75-ce3e-42a4-b35b-f89b9c2aa537","delta":"\":"}


2026-01-22 11:44:47,044 - DEBUG - ag_ui_adk.adk_agent - Waiting for event from queue (thread 3cdee6da-c833-4872-bcfe-fa9459f0dd24, queue size: 58)
2026-01-22 11:44:47,044 - DEBUG - ag_ui_adk.adk_agent - Got event #126 from queue: TextMessageContentEvent (thread 3cdee6da-c833-4872-bcfe-fa9459f0dd24)
2026-01-22 11:44:47,044 - DEBUG - ag_ui_adk.adk_agent - Streaming event #126: TextMessageContentEvent (thread 3cdee6da-c833-4872-bcfe-fa9459f0dd24)
2026-01-22 11:44:47,044 - DEBUG - ag_ui_adk.adk_agent - Yielding event: TextMessageContentEvent
2026-01-22 11:44:47,044 - DEBUG - ag_ui_adk.endpoint - HTTP Response: data: {"type":"TEXT_MESSAGE_CONTENT","messageId":"89156c75-ce3e-42a4-b35b-f89b9c2aa537","delta":" {\n"}


2026-01-22 11:44:47,044 - DEBUG - ag_ui_adk.adk_agent - Waiting for event from queue (thread 3cdee6da-c833-4872-bcfe-fa9459f0dd24, queue size: 57)
2026-01-22 11:44:47,044 - DEBUG - ag_ui_adk.adk_agent - Got event #127 from queue: TextMessageContentEvent (thread 3cdee6da-c833-4872-bcfe-fa9459f0dd24)
2026-01-22 11:44:47,044 - DEBUG - ag_ui_adk.adk_agent - Streaming event #127: TextMessageContentEvent (thread 3cdee6da-c833-4872-bcfe-fa9459f0dd24)
2026-01-22 11:44:47,044 - DEBUG - ag_ui_adk.adk_agent - Yielding event: TextMessageContentEvent
2026-01-22 11:44:47,044 - DEBUG - ag_ui_adk.endpoint - HTTP Response: data: {"type":"TEXT_MESSAGE_CONTENT","messageId":"89156c75-ce3e-42a4-b35b-f89b9c2aa537","delta":"             "}


2026-01-22 11:44:47,044 - DEBUG - ag_ui_adk.adk_agent - Waiting for event from queue (thread 3cdee6da-c833-4872-bcfe-fa9459f0dd24, queue size: 56)
2026-01-22 11:44:47,044 - DEBUG - ag_ui_adk.adk_agent - Got event #128 from queue: TextMessageContentEvent (thread 3cdee6da-c833-4872-bcfe-fa9459f0dd24)
2026-01-22 11:44:47,044 - DEBUG - ag_ui_adk.adk_agent - Streaming event #128: TextMessageContentEvent (thread 3cdee6da-c833-4872-bcfe-fa9459f0dd24)
2026-01-22 11:44:47,044 - DEBUG - ag_ui_adk.adk_agent - Yielding event: TextMessageContentEvent
2026-01-22 11:44:47,044 - DEBUG - ag_ui_adk.endpoint - HTTP Response: data: {"type":"TEXT_MESSAGE_CONTENT","messageId":"89156c75-ce3e-42a4-b35b-f89b9c2aa537","delta":" \""}


2026-01-22 11:44:47,044 - DEBUG - ag_ui_adk.adk_agent - Waiting for event from queue (thread 3cdee6da-c833-4872-bcfe-fa9459f0dd24, queue size: 55)
2026-01-22 11:44:47,044 - DEBUG - ag_ui_adk.adk_agent - Got event #129 from queue: TextMessageContentEvent (thread 3cdee6da-c833-4872-bcfe-fa9459f0dd24)
2026-01-22 11:44:47,044 - DEBUG - ag_ui_adk.adk_agent - Streaming event #129: TextMessageContentEvent (thread 3cdee6da-c833-4872-bcfe-fa9459f0dd24)
2026-01-22 11:44:47,044 - DEBUG - ag_ui_adk.adk_agent - Yielding event: TextMessageContentEvent
2026-01-22 11:44:47,044 - DEBUG - ag_ui_adk.endpoint - HTTP Response: data: {"type":"TEXT_MESSAGE_CONTENT","messageId":"89156c75-ce3e-42a4-b35b-f89b9c2aa537","delta":"children"}


2026-01-22 11:44:47,044 - DEBUG - ag_ui_adk.adk_agent - Waiting for event from queue (thread 3cdee6da-c833-4872-bcfe-fa9459f0dd24, queue size: 54)
2026-01-22 11:44:47,044 - DEBUG - ag_ui_adk.adk_agent - Got event #130 from queue: TextMessageContentEvent (thread 3cdee6da-c833-4872-bcfe-fa9459f0dd24)
2026-01-22 11:44:47,044 - DEBUG - ag_ui_adk.adk_agent - Streaming event #130: TextMessageContentEvent (thread 3cdee6da-c833-4872-bcfe-fa9459f0dd24)
2026-01-22 11:44:47,044 - DEBUG - ag_ui_adk.adk_agent - Yielding event: TextMessageContentEvent
2026-01-22 11:44:47,044 - DEBUG - ag_ui_adk.endpoint - HTTP Response: data: {"type":"TEXT_MESSAGE_CONTENT","messageId":"89156c75-ce3e-42a4-b35b-f89b9c2aa537","delta":"\":"}


2026-01-22 11:44:47,044 - DEBUG - ag_ui_adk.adk_agent - Waiting for event from queue (thread 3cdee6da-c833-4872-bcfe-fa9459f0dd24, queue size: 53)
2026-01-22 11:44:47,044 - DEBUG - ag_ui_adk.adk_agent - Got event #131 from queue: TextMessageContentEvent (thread 3cdee6da-c833-4872-bcfe-fa9459f0dd24)
2026-01-22 11:44:47,044 - DEBUG - ag_ui_adk.adk_agent - Streaming event #131: TextMessageContentEvent (thread 3cdee6da-c833-4872-bcfe-fa9459f0dd24)
2026-01-22 11:44:47,044 - DEBUG - ag_ui_adk.adk_agent - Yielding event: TextMessageContentEvent
2026-01-22 11:44:47,044 - DEBUG - ag_ui_adk.endpoint - HTTP Response: data: {"type":"TEXT_MESSAGE_CONTENT","messageId":"89156c75-ce3e-42a4-b35b-f89b9c2aa537","delta":" {\n"}


2026-01-22 11:44:47,044 - DEBUG - ag_ui_adk.adk_agent - Waiting for event from queue (thread 3cdee6da-c833-4872-bcfe-fa9459f0dd24, queue size: 52)
2026-01-22 11:44:47,044 - DEBUG - ag_ui_adk.adk_agent - Got event #132 from queue: TextMessageContentEvent (thread 3cdee6da-c833-4872-bcfe-fa9459f0dd24)
2026-01-22 11:44:47,044 - DEBUG - ag_ui_adk.adk_agent - Streaming event #132: TextMessageContentEvent (thread 3cdee6da-c833-4872-bcfe-fa9459f0dd24)
2026-01-22 11:44:47,044 - DEBUG - ag_ui_adk.adk_agent - Yielding event: TextMessageContentEvent
2026-01-22 11:44:47,044 - DEBUG - ag_ui_adk.endpoint - HTTP Response: data: {"type":"TEXT_MESSAGE_CONTENT","messageId":"89156c75-ce3e-42a4-b35b-f89b9c2aa537","delta":"               "}


2026-01-22 11:44:47,045 - DEBUG - ag_ui_adk.adk_agent - Waiting for event from queue (thread 3cdee6da-c833-4872-bcfe-fa9459f0dd24, queue size: 51)
2026-01-22 11:44:47,045 - DEBUG - ag_ui_adk.adk_agent - Got event #133 from queue: TextMessageContentEvent (thread 3cdee6da-c833-4872-bcfe-fa9459f0dd24)
2026-01-22 11:44:47,045 - DEBUG - ag_ui_adk.adk_agent - Streaming event #133: TextMessageContentEvent (thread 3cdee6da-c833-4872-bcfe-fa9459f0dd24)
2026-01-22 11:44:47,045 - DEBUG - ag_ui_adk.adk_agent - Yielding event: TextMessageContentEvent
2026-01-22 11:44:47,045 - DEBUG - ag_ui_adk.endpoint - HTTP Response: data: {"type":"TEXT_MESSAGE_CONTENT","messageId":"89156c75-ce3e-42a4-b35b-f89b9c2aa537","delta":" \""}


2026-01-22 11:44:47,045 - DEBUG - ag_ui_adk.adk_agent - Waiting for event from queue (thread 3cdee6da-c833-4872-bcfe-fa9459f0dd24, queue size: 50)
2026-01-22 11:44:47,045 - DEBUG - ag_ui_adk.adk_agent - Got event #134 from queue: TextMessageContentEvent (thread 3cdee6da-c833-4872-bcfe-fa9459f0dd24)
2026-01-22 11:44:47,045 - DEBUG - ag_ui_adk.adk_agent - Streaming event #134: TextMessageContentEvent (thread 3cdee6da-c833-4872-bcfe-fa9459f0dd24)
2026-01-22 11:44:47,045 - DEBUG - ag_ui_adk.adk_agent - Yielding event: TextMessageContentEvent
2026-01-22 11:44:47,045 - DEBUG - ag_ui_adk.endpoint - HTTP Response: data: {"type":"TEXT_MESSAGE_CONTENT","messageId":"89156c75-ce3e-42a4-b35b-f89b9c2aa537","delta":"explicit"}


2026-01-22 11:44:47,045 - DEBUG - ag_ui_adk.adk_agent - Waiting for event from queue (thread 3cdee6da-c833-4872-bcfe-fa9459f0dd24, queue size: 49)
2026-01-22 11:44:47,045 - DEBUG - ag_ui_adk.adk_agent - Got event #135 from queue: TextMessageContentEvent (thread 3cdee6da-c833-4872-bcfe-fa9459f0dd24)
2026-01-22 11:44:47,045 - DEBUG - ag_ui_adk.adk_agent - Streaming event #135: TextMessageContentEvent (thread 3cdee6da-c833-4872-bcfe-fa9459f0dd24)
2026-01-22 11:44:47,046 - DEBUG - ag_ui_adk.adk_agent - Yielding event: TextMessageContentEvent
2026-01-22 11:44:47,046 - DEBUG - ag_ui_adk.endpoint - HTTP Response: data: {"type":"TEXT_MESSAGE_CONTENT","messageId":"89156c75-ce3e-42a4-b35b-f89b9c2aa537","delta":"List"}


2026-01-22 11:44:47,046 - DEBUG - ag_ui_adk.adk_agent - Waiting for event from queue (thread 3cdee6da-c833-4872-bcfe-fa9459f0dd24, queue size: 48)
2026-01-22 11:44:47,046 - DEBUG - ag_ui_adk.adk_agent - Got event #136 from queue: TextMessageContentEvent (thread 3cdee6da-c833-4872-bcfe-fa9459f0dd24)
2026-01-22 11:44:47,046 - DEBUG - ag_ui_adk.adk_agent - Streaming event #136: TextMessageContentEvent (thread 3cdee6da-c833-4872-bcfe-fa9459f0dd24)
2026-01-22 11:44:47,046 - DEBUG - ag_ui_adk.adk_agent - Yielding event: TextMessageContentEvent
2026-01-22 11:44:47,046 - DEBUG - ag_ui_adk.endpoint - HTTP Response: data: {"type":"TEXT_MESSAGE_CONTENT","messageId":"89156c75-ce3e-42a4-b35b-f89b9c2aa537","delta":"\":"}


2026-01-22 11:44:47,046 - DEBUG - ag_ui_adk.adk_agent - Waiting for event from queue (thread 3cdee6da-c833-4872-bcfe-fa9459f0dd24, queue size: 47)
2026-01-22 11:44:47,046 - DEBUG - ag_ui_adk.adk_agent - Got event #137 from queue: TextMessageContentEvent (thread 3cdee6da-c833-4872-bcfe-fa9459f0dd24)
2026-01-22 11:44:47,046 - DEBUG - ag_ui_adk.adk_agent - Streaming event #137: TextMessageContentEvent (thread 3cdee6da-c833-4872-bcfe-fa9459f0dd24)
2026-01-22 11:44:47,046 - DEBUG - ag_ui_adk.adk_agent - Yielding event: TextMessageContentEvent
2026-01-22 11:44:47,046 - DEBUG - ag_ui_adk.endpoint - HTTP Response: data: {"type":"TEXT_MESSAGE_CONTENT","messageId":"89156c75-ce3e-42a4-b35b-f89b9c2aa537","delta":" [\n"}


2026-01-22 11:44:47,046 - DEBUG - ag_ui_adk.adk_agent - Waiting for event from queue (thread 3cdee6da-c833-4872-bcfe-fa9459f0dd24, queue size: 46)
2026-01-22 11:44:47,046 - DEBUG - ag_ui_adk.adk_agent - Got event #138 from queue: TextMessageContentEvent (thread 3cdee6da-c833-4872-bcfe-fa9459f0dd24)
2026-01-22 11:44:47,047 - DEBUG - ag_ui_adk.adk_agent - Streaming event #138: TextMessageContentEvent (thread 3cdee6da-c833-4872-bcfe-fa9459f0dd24)
2026-01-22 11:44:47,047 - DEBUG - ag_ui_adk.adk_agent - Yielding event: TextMessageContentEvent
2026-01-22 11:44:47,047 - DEBUG - ag_ui_adk.endpoint - HTTP Response: data: {"type":"TEXT_MESSAGE_CONTENT","messageId":"89156c75-ce3e-42a4-b35b-f89b9c2aa537","delta":"                 "}


2026-01-22 11:44:47,047 - DEBUG - ag_ui_adk.adk_agent - Waiting for event from queue (thread 3cdee6da-c833-4872-bcfe-fa9459f0dd24, queue size: 45)
2026-01-22 11:44:47,047 - DEBUG - ag_ui_adk.adk_agent - Got event #139 from queue: TextMessageContentEvent (thread 3cdee6da-c833-4872-bcfe-fa9459f0dd24)
2026-01-22 11:44:47,047 - DEBUG - ag_ui_adk.adk_agent - Streaming event #139: TextMessageContentEvent (thread 3cdee6da-c833-4872-bcfe-fa9459f0dd24)
2026-01-22 11:44:47,047 - DEBUG - ag_ui_adk.adk_agent - Yielding event: TextMessageContentEvent
2026-01-22 11:44:47,047 - DEBUG - ag_ui_adk.endpoint - HTTP Response: data: {"type":"TEXT_MESSAGE_CONTENT","messageId":"89156c75-ce3e-42a4-b35b-f89b9c2aa537","delta":" \""}


2026-01-22 11:44:47,047 - DEBUG - ag_ui_adk.adk_agent - Waiting for event from queue (thread 3cdee6da-c833-4872-bcfe-fa9459f0dd24, queue size: 44)
2026-01-22 11:44:47,047 - DEBUG - ag_ui_adk.adk_agent - Got event #140 from queue: TextMessageContentEvent (thread 3cdee6da-c833-4872-bcfe-fa9459f0dd24)
2026-01-22 11:44:47,047 - DEBUG - ag_ui_adk.adk_agent - Streaming event #140: TextMessageContentEvent (thread 3cdee6da-c833-4872-bcfe-fa9459f0dd24)
2026-01-22 11:44:47,047 - DEBUG - ag_ui_adk.adk_agent - Yielding event: TextMessageContentEvent
2026-01-22 11:44:47,047 - DEBUG - ag_ui_adk.endpoint - HTTP Response: data: {"type":"TEXT_MESSAGE_CONTENT","messageId":"89156c75-ce3e-42a4-b35b-f89b9c2aa537","delta":"title"}


2026-01-22 11:44:47,047 - DEBUG - ag_ui_adk.adk_agent - Waiting for event from queue (thread 3cdee6da-c833-4872-bcfe-fa9459f0dd24, queue size: 43)
2026-01-22 11:44:47,047 - DEBUG - ag_ui_adk.adk_agent - Got event #141 from queue: TextMessageContentEvent (thread 3cdee6da-c833-4872-bcfe-fa9459f0dd24)
2026-01-22 11:44:47,047 - DEBUG - ag_ui_adk.adk_agent - Streaming event #141: TextMessageContentEvent (thread 3cdee6da-c833-4872-bcfe-fa9459f0dd24)
2026-01-22 11:44:47,047 - DEBUG - ag_ui_adk.adk_agent - Yielding event: TextMessageContentEvent
2026-01-22 11:44:47,047 - DEBUG - ag_ui_adk.endpoint - HTTP Response: data: {"type":"TEXT_MESSAGE_CONTENT","messageId":"89156c75-ce3e-42a4-b35b-f89b9c2aa537","delta":"\",\n"}


2026-01-22 11:44:47,047 - DEBUG - ag_ui_adk.adk_agent - Waiting for event from queue (thread 3cdee6da-c833-4872-bcfe-fa9459f0dd24, queue size: 42)
2026-01-22 11:44:47,047 - DEBUG - ag_ui_adk.adk_agent - Got event #142 from queue: TextMessageContentEvent (thread 3cdee6da-c833-4872-bcfe-fa9459f0dd24)
2026-01-22 11:44:47,047 - DEBUG - ag_ui_adk.adk_agent - Streaming event #142: TextMessageContentEvent (thread 3cdee6da-c833-4872-bcfe-fa9459f0dd24)
2026-01-22 11:44:47,047 - DEBUG - ag_ui_adk.adk_agent - Yielding event: TextMessageContentEvent
2026-01-22 11:44:47,047 - DEBUG - ag_ui_adk.endpoint - HTTP Response: data: {"type":"TEXT_MESSAGE_CONTENT","messageId":"89156c75-ce3e-42a4-b35b-f89b9c2aa537","delta":"                 "}


2026-01-22 11:44:47,047 - DEBUG - ag_ui_adk.adk_agent - Waiting for event from queue (thread 3cdee6da-c833-4872-bcfe-fa9459f0dd24, queue size: 41)
2026-01-22 11:44:47,047 - DEBUG - ag_ui_adk.adk_agent - Got event #143 from queue: TextMessageContentEvent (thread 3cdee6da-c833-4872-bcfe-fa9459f0dd24)
2026-01-22 11:44:47,047 - DEBUG - ag_ui_adk.adk_agent - Streaming event #143: TextMessageContentEvent (thread 3cdee6da-c833-4872-bcfe-fa9459f0dd24)
2026-01-22 11:44:47,047 - DEBUG - ag_ui_adk.adk_agent - Yielding event: TextMessageContentEvent
2026-01-22 11:44:47,047 - DEBUG - ag_ui_adk.endpoint - HTTP Response: data: {"type":"TEXT_MESSAGE_CONTENT","messageId":"89156c75-ce3e-42a4-b35b-f89b9c2aa537","delta":" \""}


2026-01-22 11:44:47,047 - DEBUG - ag_ui_adk.adk_agent - Waiting for event from queue (thread 3cdee6da-c833-4872-bcfe-fa9459f0dd24, queue size: 40)
2026-01-22 11:44:47,047 - DEBUG - ag_ui_adk.adk_agent - Got event #144 from queue: TextMessageContentEvent (thread 3cdee6da-c833-4872-bcfe-fa9459f0dd24)
2026-01-22 11:44:47,047 - DEBUG - ag_ui_adk.adk_agent - Streaming event #144: TextMessageContentEvent (thread 3cdee6da-c833-4872-bcfe-fa9459f0dd24)
2026-01-22 11:44:47,047 - DEBUG - ag_ui_adk.adk_agent - Yielding event: TextMessageContentEvent
2026-01-22 11:44:47,047 - DEBUG - ag_ui_adk.endpoint - HTTP Response: data: {"type":"TEXT_MESSAGE_CONTENT","messageId":"89156c75-ce3e-42a4-b35b-f89b9c2aa537","delta":"g"}


2026-01-22 11:44:47,047 - DEBUG - ag_ui_adk.adk_agent - Waiting for event from queue (thread 3cdee6da-c833-4872-bcfe-fa9459f0dd24, queue size: 39)
2026-01-22 11:44:47,047 - DEBUG - ag_ui_adk.adk_agent - Got event #145 from queue: TextMessageContentEvent (thread 3cdee6da-c833-4872-bcfe-fa9459f0dd24)
2026-01-22 11:44:47,047 - DEBUG - ag_ui_adk.adk_agent - Streaming event #145: TextMessageContentEvent (thread 3cdee6da-c833-4872-bcfe-fa9459f0dd24)
2026-01-22 11:44:47,047 - DEBUG - ag_ui_adk.adk_agent - Yielding event: TextMessageContentEvent
2026-01-22 11:44:47,047 - DEBUG - ag_ui_adk.endpoint - HTTP Response: data: {"type":"TEXT_MESSAGE_CONTENT","messageId":"89156c75-ce3e-42a4-b35b-f89b9c2aa537","delta":"reeting"}


2026-01-22 11:44:47,047 - DEBUG - ag_ui_adk.adk_agent - Waiting for event from queue (thread 3cdee6da-c833-4872-bcfe-fa9459f0dd24, queue size: 38)
2026-01-22 11:44:47,047 - DEBUG - ag_ui_adk.adk_agent - Got event #146 from queue: TextMessageContentEvent (thread 3cdee6da-c833-4872-bcfe-fa9459f0dd24)
2026-01-22 11:44:47,047 - DEBUG - ag_ui_adk.adk_agent - Streaming event #146: TextMessageContentEvent (thread 3cdee6da-c833-4872-bcfe-fa9459f0dd24)
2026-01-22 11:44:47,047 - DEBUG - ag_ui_adk.adk_agent - Yielding event: TextMessageContentEvent
2026-01-22 11:44:47,047 - DEBUG - ag_ui_adk.endpoint - HTTP Response: data: {"type":"TEXT_MESSAGE_CONTENT","messageId":"89156c75-ce3e-42a4-b35b-f89b9c2aa537","delta":"\"\n"}


2026-01-22 11:44:47,047 - DEBUG - ag_ui_adk.adk_agent - Waiting for event from queue (thread 3cdee6da-c833-4872-bcfe-fa9459f0dd24, queue size: 37)
2026-01-22 11:44:47,047 - DEBUG - ag_ui_adk.adk_agent - Got event #147 from queue: TextMessageContentEvent (thread 3cdee6da-c833-4872-bcfe-fa9459f0dd24)
2026-01-22 11:44:47,047 - DEBUG - ag_ui_adk.adk_agent - Streaming event #147: TextMessageContentEvent (thread 3cdee6da-c833-4872-bcfe-fa9459f0dd24)
2026-01-22 11:44:47,047 - DEBUG - ag_ui_adk.adk_agent - Yielding event: TextMessageContentEvent
2026-01-22 11:44:47,047 - DEBUG - ag_ui_adk.endpoint - HTTP Response: data: {"type":"TEXT_MESSAGE_CONTENT","messageId":"89156c75-ce3e-42a4-b35b-f89b9c2aa537","delta":"               "}


2026-01-22 11:44:47,047 - DEBUG - ag_ui_adk.adk_agent - Waiting for event from queue (thread 3cdee6da-c833-4872-bcfe-fa9459f0dd24, queue size: 36)
2026-01-22 11:44:47,047 - DEBUG - ag_ui_adk.adk_agent - Got event #148 from queue: TextMessageContentEvent (thread 3cdee6da-c833-4872-bcfe-fa9459f0dd24)
2026-01-22 11:44:47,047 - DEBUG - ag_ui_adk.adk_agent - Streaming event #148: TextMessageContentEvent (thread 3cdee6da-c833-4872-bcfe-fa9459f0dd24)
2026-01-22 11:44:47,047 - DEBUG - ag_ui_adk.adk_agent - Yielding event: TextMessageContentEvent
2026-01-22 11:44:47,047 - DEBUG - ag_ui_adk.endpoint - HTTP Response: data: {"type":"TEXT_MESSAGE_CONTENT","messageId":"89156c75-ce3e-42a4-b35b-f89b9c2aa537","delta":" ]\n"}


2026-01-22 11:44:47,047 - DEBUG - ag_ui_adk.adk_agent - Waiting for event from queue (thread 3cdee6da-c833-4872-bcfe-fa9459f0dd24, queue size: 35)
2026-01-22 11:44:47,047 - DEBUG - ag_ui_adk.adk_agent - Got event #149 from queue: TextMessageContentEvent (thread 3cdee6da-c833-4872-bcfe-fa9459f0dd24)
2026-01-22 11:44:47,047 - DEBUG - ag_ui_adk.adk_agent - Streaming event #149: TextMessageContentEvent (thread 3cdee6da-c833-4872-bcfe-fa9459f0dd24)
2026-01-22 11:44:47,047 - DEBUG - ag_ui_adk.adk_agent - Yielding event: TextMessageContentEvent
2026-01-22 11:44:47,047 - DEBUG - ag_ui_adk.endpoint - HTTP Response: data: {"type":"TEXT_MESSAGE_CONTENT","messageId":"89156c75-ce3e-42a4-b35b-f89b9c2aa537","delta":"             "}


2026-01-22 11:44:47,047 - DEBUG - ag_ui_adk.adk_agent - Waiting for event from queue (thread 3cdee6da-c833-4872-bcfe-fa9459f0dd24, queue size: 34)
2026-01-22 11:44:47,047 - DEBUG - ag_ui_adk.adk_agent - Got event #150 from queue: TextMessageContentEvent (thread 3cdee6da-c833-4872-bcfe-fa9459f0dd24)
2026-01-22 11:44:47,047 - DEBUG - ag_ui_adk.adk_agent - Streaming event #150: TextMessageContentEvent (thread 3cdee6da-c833-4872-bcfe-fa9459f0dd24)
2026-01-22 11:44:47,047 - DEBUG - ag_ui_adk.adk_agent - Yielding event: TextMessageContentEvent
2026-01-22 11:44:47,047 - DEBUG - ag_ui_adk.endpoint - HTTP Response: data: {"type":"TEXT_MESSAGE_CONTENT","messageId":"89156c75-ce3e-42a4-b35b-f89b9c2aa537","delta":" },\n"}


2026-01-22 11:44:47,047 - DEBUG - ag_ui_adk.adk_agent - Waiting for event from queue (thread 3cdee6da-c833-4872-bcfe-fa9459f0dd24, queue size: 33)
2026-01-22 11:44:47,047 - DEBUG - ag_ui_adk.adk_agent - Got event #151 from queue: TextMessageContentEvent (thread 3cdee6da-c833-4872-bcfe-fa9459f0dd24)
2026-01-22 11:44:47,047 - DEBUG - ag_ui_adk.adk_agent - Streaming event #151: TextMessageContentEvent (thread 3cdee6da-c833-4872-bcfe-fa9459f0dd24)
2026-01-22 11:44:47,047 - DEBUG - ag_ui_adk.adk_agent - Yielding event: TextMessageContentEvent
2026-01-22 11:44:47,047 - DEBUG - ag_ui_adk.endpoint - HTTP Response: data: {"type":"TEXT_MESSAGE_CONTENT","messageId":"89156c75-ce3e-42a4-b35b-f89b9c2aa537","delta":"             "}


2026-01-22 11:44:47,047 - DEBUG - ag_ui_adk.adk_agent - Waiting for event from queue (thread 3cdee6da-c833-4872-bcfe-fa9459f0dd24, queue size: 32)
2026-01-22 11:44:47,047 - DEBUG - ag_ui_adk.adk_agent - Got event #152 from queue: TextMessageContentEvent (thread 3cdee6da-c833-4872-bcfe-fa9459f0dd24)
2026-01-22 11:44:47,047 - DEBUG - ag_ui_adk.adk_agent - Streaming event #152: TextMessageContentEvent (thread 3cdee6da-c833-4872-bcfe-fa9459f0dd24)
2026-01-22 11:44:47,047 - DEBUG - ag_ui_adk.adk_agent - Yielding event: TextMessageContentEvent
2026-01-22 11:44:47,047 - DEBUG - ag_ui_adk.endpoint - HTTP Response: data: {"type":"TEXT_MESSAGE_CONTENT","messageId":"89156c75-ce3e-42a4-b35b-f89b9c2aa537","delta":" \""}


2026-01-22 11:44:47,048 - DEBUG - ag_ui_adk.adk_agent - Waiting for event from queue (thread 3cdee6da-c833-4872-bcfe-fa9459f0dd24, queue size: 31)
2026-01-22 11:44:47,048 - DEBUG - ag_ui_adk.adk_agent - Got event #153 from queue: TextMessageContentEvent (thread 3cdee6da-c833-4872-bcfe-fa9459f0dd24)
2026-01-22 11:44:47,048 - DEBUG - ag_ui_adk.adk_agent - Streaming event #153: TextMessageContentEvent (thread 3cdee6da-c833-4872-bcfe-fa9459f0dd24)
2026-01-22 11:44:47,048 - DEBUG - ag_ui_adk.adk_agent - Yielding event: TextMessageContentEvent
2026-01-22 11:44:47,048 - DEBUG - ag_ui_adk.endpoint - HTTP Response: data: {"type":"TEXT_MESSAGE_CONTENT","messageId":"89156c75-ce3e-42a4-b35b-f89b9c2aa537","delta":"distribution"}


2026-01-22 11:44:47,048 - DEBUG - ag_ui_adk.adk_agent - Waiting for event from queue (thread 3cdee6da-c833-4872-bcfe-fa9459f0dd24, queue size: 30)
2026-01-22 11:44:47,048 - DEBUG - ag_ui_adk.adk_agent - Got event #154 from queue: TextMessageContentEvent (thread 3cdee6da-c833-4872-bcfe-fa9459f0dd24)
2026-01-22 11:44:47,048 - DEBUG - ag_ui_adk.adk_agent - Streaming event #154: TextMessageContentEvent (thread 3cdee6da-c833-4872-bcfe-fa9459f0dd24)
2026-01-22 11:44:47,048 - DEBUG - ag_ui_adk.adk_agent - Yielding event: TextMessageContentEvent
2026-01-22 11:44:47,048 - DEBUG - ag_ui_adk.endpoint - HTTP Response: data: {"type":"TEXT_MESSAGE_CONTENT","messageId":"89156c75-ce3e-42a4-b35b-f89b9c2aa537","delta":"\":"}


2026-01-22 11:44:47,048 - DEBUG - ag_ui_adk.adk_agent - Waiting for event from queue (thread 3cdee6da-c833-4872-bcfe-fa9459f0dd24, queue size: 29)
2026-01-22 11:44:47,048 - DEBUG - ag_ui_adk.adk_agent - Got event #155 from queue: TextMessageContentEvent (thread 3cdee6da-c833-4872-bcfe-fa9459f0dd24)
2026-01-22 11:44:47,048 - DEBUG - ag_ui_adk.adk_agent - Streaming event #155: TextMessageContentEvent (thread 3cdee6da-c833-4872-bcfe-fa9459f0dd24)
2026-01-22 11:44:47,048 - DEBUG - ag_ui_adk.adk_agent - Yielding event: TextMessageContentEvent
2026-01-22 11:44:47,048 - DEBUG - ag_ui_adk.endpoint - HTTP Response: data: {"type":"TEXT_MESSAGE_CONTENT","messageId":"89156c75-ce3e-42a4-b35b-f89b9c2aa537","delta":" \""}


2026-01-22 11:44:47,048 - DEBUG - ag_ui_adk.adk_agent - Waiting for event from queue (thread 3cdee6da-c833-4872-bcfe-fa9459f0dd24, queue size: 28)
2026-01-22 11:44:47,048 - DEBUG - ag_ui_adk.adk_agent - Got event #156 from queue: TextMessageContentEvent (thread 3cdee6da-c833-4872-bcfe-fa9459f0dd24)
2026-01-22 11:44:47,048 - DEBUG - ag_ui_adk.adk_agent - Streaming event #156: TextMessageContentEvent (thread 3cdee6da-c833-4872-bcfe-fa9459f0dd24)
2026-01-22 11:44:47,048 - DEBUG - ag_ui_adk.adk_agent - Yielding event: TextMessageContentEvent
2026-01-22 11:44:47,048 - DEBUG - ag_ui_adk.endpoint - HTTP Response: data: {"type":"TEXT_MESSAGE_CONTENT","messageId":"89156c75-ce3e-42a4-b35b-f89b9c2aa537","delta":"start"}


2026-01-22 11:44:47,048 - DEBUG - ag_ui_adk.adk_agent - Waiting for event from queue (thread 3cdee6da-c833-4872-bcfe-fa9459f0dd24, queue size: 27)
2026-01-22 11:44:47,048 - DEBUG - ag_ui_adk.adk_agent - Got event #157 from queue: TextMessageContentEvent (thread 3cdee6da-c833-4872-bcfe-fa9459f0dd24)
2026-01-22 11:44:47,048 - DEBUG - ag_ui_adk.adk_agent - Streaming event #157: TextMessageContentEvent (thread 3cdee6da-c833-4872-bcfe-fa9459f0dd24)
2026-01-22 11:44:47,048 - DEBUG - ag_ui_adk.adk_agent - Yielding event: TextMessageContentEvent
2026-01-22 11:44:47,048 - DEBUG - ag_ui_adk.endpoint - HTTP Response: data: {"type":"TEXT_MESSAGE_CONTENT","messageId":"89156c75-ce3e-42a4-b35b-f89b9c2aa537","delta":"\",\n"}


2026-01-22 11:44:47,048 - DEBUG - ag_ui_adk.adk_agent - Waiting for event from queue (thread 3cdee6da-c833-4872-bcfe-fa9459f0dd24, queue size: 26)
2026-01-22 11:44:47,048 - DEBUG - ag_ui_adk.adk_agent - Got event #158 from queue: TextMessageContentEvent (thread 3cdee6da-c833-4872-bcfe-fa9459f0dd24)
2026-01-22 11:44:47,048 - DEBUG - ag_ui_adk.adk_agent - Streaming event #158: TextMessageContentEvent (thread 3cdee6da-c833-4872-bcfe-fa9459f0dd24)
2026-01-22 11:44:47,048 - DEBUG - ag_ui_adk.adk_agent - Yielding event: TextMessageContentEvent
2026-01-22 11:44:47,048 - DEBUG - ag_ui_adk.endpoint - HTTP Response: data: {"type":"TEXT_MESSAGE_CONTENT","messageId":"89156c75-ce3e-42a4-b35b-f89b9c2aa537","delta":"             "}


2026-01-22 11:44:47,048 - DEBUG - ag_ui_adk.adk_agent - Waiting for event from queue (thread 3cdee6da-c833-4872-bcfe-fa9459f0dd24, queue size: 25)
2026-01-22 11:44:47,048 - DEBUG - ag_ui_adk.adk_agent - Got event #159 from queue: TextMessageContentEvent (thread 3cdee6da-c833-4872-bcfe-fa9459f0dd24)
2026-01-22 11:44:47,048 - DEBUG - ag_ui_adk.adk_agent - Streaming event #159: TextMessageContentEvent (thread 3cdee6da-c833-4872-bcfe-fa9459f0dd24)
2026-01-22 11:44:47,048 - DEBUG - ag_ui_adk.adk_agent - Yielding event: TextMessageContentEvent
2026-01-22 11:44:47,048 - DEBUG - ag_ui_adk.endpoint - HTTP Response: data: {"type":"TEXT_MESSAGE_CONTENT","messageId":"89156c75-ce3e-42a4-b35b-f89b9c2aa537","delta":" \""}


2026-01-22 11:44:47,048 - DEBUG - ag_ui_adk.adk_agent - Waiting for event from queue (thread 3cdee6da-c833-4872-bcfe-fa9459f0dd24, queue size: 24)
2026-01-22 11:44:47,048 - DEBUG - ag_ui_adk.adk_agent - Got event #160 from queue: TextMessageContentEvent (thread 3cdee6da-c833-4872-bcfe-fa9459f0dd24)
2026-01-22 11:44:47,048 - DEBUG - ag_ui_adk.adk_agent - Streaming event #160: TextMessageContentEvent (thread 3cdee6da-c833-4872-bcfe-fa9459f0dd24)
2026-01-22 11:44:47,048 - DEBUG - ag_ui_adk.adk_agent - Yielding event: TextMessageContentEvent
2026-01-22 11:44:47,048 - DEBUG - ag_ui_adk.endpoint - HTTP Response: data: {"type":"TEXT_MESSAGE_CONTENT","messageId":"89156c75-ce3e-42a4-b35b-f89b9c2aa537","delta":"alignment"}


2026-01-22 11:44:47,048 - DEBUG - ag_ui_adk.adk_agent - Waiting for event from queue (thread 3cdee6da-c833-4872-bcfe-fa9459f0dd24, queue size: 23)
2026-01-22 11:44:47,048 - DEBUG - ag_ui_adk.adk_agent - Got event #161 from queue: TextMessageContentEvent (thread 3cdee6da-c833-4872-bcfe-fa9459f0dd24)
2026-01-22 11:44:47,048 - DEBUG - ag_ui_adk.adk_agent - Streaming event #161: TextMessageContentEvent (thread 3cdee6da-c833-4872-bcfe-fa9459f0dd24)
2026-01-22 11:44:47,048 - DEBUG - ag_ui_adk.adk_agent - Yielding event: TextMessageContentEvent
2026-01-22 11:44:47,048 - DEBUG - ag_ui_adk.endpoint - HTTP Response: data: {"type":"TEXT_MESSAGE_CONTENT","messageId":"89156c75-ce3e-42a4-b35b-f89b9c2aa537","delta":"\":"}


2026-01-22 11:44:47,048 - DEBUG - ag_ui_adk.adk_agent - Waiting for event from queue (thread 3cdee6da-c833-4872-bcfe-fa9459f0dd24, queue size: 22)
2026-01-22 11:44:47,048 - DEBUG - ag_ui_adk.adk_agent - Got event #162 from queue: TextMessageContentEvent (thread 3cdee6da-c833-4872-bcfe-fa9459f0dd24)
2026-01-22 11:44:47,048 - DEBUG - ag_ui_adk.adk_agent - Streaming event #162: TextMessageContentEvent (thread 3cdee6da-c833-4872-bcfe-fa9459f0dd24)
2026-01-22 11:44:47,048 - DEBUG - ag_ui_adk.adk_agent - Yielding event: TextMessageContentEvent
2026-01-22 11:44:47,048 - DEBUG - ag_ui_adk.endpoint - HTTP Response: data: {"type":"TEXT_MESSAGE_CONTENT","messageId":"89156c75-ce3e-42a4-b35b-f89b9c2aa537","delta":" \""}


2026-01-22 11:44:47,048 - DEBUG - ag_ui_adk.adk_agent - Waiting for event from queue (thread 3cdee6da-c833-4872-bcfe-fa9459f0dd24, queue size: 21)
2026-01-22 11:44:47,048 - DEBUG - ag_ui_adk.adk_agent - Got event #163 from queue: TextMessageContentEvent (thread 3cdee6da-c833-4872-bcfe-fa9459f0dd24)
2026-01-22 11:44:47,048 - DEBUG - ag_ui_adk.adk_agent - Streaming event #163: TextMessageContentEvent (thread 3cdee6da-c833-4872-bcfe-fa9459f0dd24)
2026-01-22 11:44:47,048 - DEBUG - ag_ui_adk.adk_agent - Yielding event: TextMessageContentEvent
2026-01-22 11:44:47,048 - DEBUG - ag_ui_adk.endpoint - HTTP Response: data: {"type":"TEXT_MESSAGE_CONTENT","messageId":"89156c75-ce3e-42a4-b35b-f89b9c2aa537","delta":"center"}


2026-01-22 11:44:47,048 - DEBUG - ag_ui_adk.adk_agent - Waiting for event from queue (thread 3cdee6da-c833-4872-bcfe-fa9459f0dd24, queue size: 20)
2026-01-22 11:44:47,048 - DEBUG - ag_ui_adk.adk_agent - Got event #164 from queue: TextMessageContentEvent (thread 3cdee6da-c833-4872-bcfe-fa9459f0dd24)
2026-01-22 11:44:47,048 - DEBUG - ag_ui_adk.adk_agent - Streaming event #164: TextMessageContentEvent (thread 3cdee6da-c833-4872-bcfe-fa9459f0dd24)
2026-01-22 11:44:47,048 - DEBUG - ag_ui_adk.adk_agent - Yielding event: TextMessageContentEvent
2026-01-22 11:44:47,048 - DEBUG - ag_ui_adk.endpoint - HTTP Response: data: {"type":"TEXT_MESSAGE_CONTENT","messageId":"89156c75-ce3e-42a4-b35b-f89b9c2aa537","delta":"\"\n"}


2026-01-22 11:44:47,048 - DEBUG - ag_ui_adk.adk_agent - Waiting for event from queue (thread 3cdee6da-c833-4872-bcfe-fa9459f0dd24, queue size: 19)
2026-01-22 11:44:47,048 - DEBUG - ag_ui_adk.adk_agent - Got event #165 from queue: TextMessageContentEvent (thread 3cdee6da-c833-4872-bcfe-fa9459f0dd24)
2026-01-22 11:44:47,048 - DEBUG - ag_ui_adk.adk_agent - Streaming event #165: TextMessageContentEvent (thread 3cdee6da-c833-4872-bcfe-fa9459f0dd24)
2026-01-22 11:44:47,048 - DEBUG - ag_ui_adk.adk_agent - Yielding event: TextMessageContentEvent
2026-01-22 11:44:47,048 - DEBUG - ag_ui_adk.endpoint - HTTP Response: data: {"type":"TEXT_MESSAGE_CONTENT","messageId":"89156c75-ce3e-42a4-b35b-f89b9c2aa537","delta":"           "}


2026-01-22 11:44:47,048 - DEBUG - ag_ui_adk.adk_agent - Waiting for event from queue (thread 3cdee6da-c833-4872-bcfe-fa9459f0dd24, queue size: 18)
2026-01-22 11:44:47,048 - DEBUG - ag_ui_adk.adk_agent - Got event #166 from queue: TextMessageContentEvent (thread 3cdee6da-c833-4872-bcfe-fa9459f0dd24)
2026-01-22 11:44:47,048 - DEBUG - ag_ui_adk.adk_agent - Streaming event #166: TextMessageContentEvent (thread 3cdee6da-c833-4872-bcfe-fa9459f0dd24)
2026-01-22 11:44:47,048 - DEBUG - ag_ui_adk.adk_agent - Yielding event: TextMessageContentEvent
2026-01-22 11:44:47,048 - DEBUG - ag_ui_adk.endpoint - HTTP Response: data: {"type":"TEXT_MESSAGE_CONTENT","messageId":"89156c75-ce3e-42a4-b35b-f89b9c2aa537","delta":" }\n"}


2026-01-22 11:44:47,048 - DEBUG - ag_ui_adk.adk_agent - Waiting for event from queue (thread 3cdee6da-c833-4872-bcfe-fa9459f0dd24, queue size: 17)
2026-01-22 11:44:47,048 - DEBUG - ag_ui_adk.adk_agent - Got event #167 from queue: TextMessageContentEvent (thread 3cdee6da-c833-4872-bcfe-fa9459f0dd24)
2026-01-22 11:44:47,048 - DEBUG - ag_ui_adk.adk_agent - Streaming event #167: TextMessageContentEvent (thread 3cdee6da-c833-4872-bcfe-fa9459f0dd24)
2026-01-22 11:44:47,048 - DEBUG - ag_ui_adk.adk_agent - Yielding event: TextMessageContentEvent
2026-01-22 11:44:47,048 - DEBUG - ag_ui_adk.endpoint - HTTP Response: data: {"type":"TEXT_MESSAGE_CONTENT","messageId":"89156c75-ce3e-42a4-b35b-f89b9c2aa537","delta":"         "}


2026-01-22 11:44:47,049 - DEBUG - ag_ui_adk.adk_agent - Waiting for event from queue (thread 3cdee6da-c833-4872-bcfe-fa9459f0dd24, queue size: 16)
2026-01-22 11:44:47,049 - DEBUG - ag_ui_adk.adk_agent - Got event #168 from queue: TextMessageContentEvent (thread 3cdee6da-c833-4872-bcfe-fa9459f0dd24)
2026-01-22 11:44:47,049 - DEBUG - ag_ui_adk.adk_agent - Streaming event #168: TextMessageContentEvent (thread 3cdee6da-c833-4872-bcfe-fa9459f0dd24)
2026-01-22 11:44:47,049 - DEBUG - ag_ui_adk.adk_agent - Yielding event: TextMessageContentEvent
2026-01-22 11:44:47,049 - DEBUG - ag_ui_adk.endpoint - HTTP Response: data: {"type":"TEXT_MESSAGE_CONTENT","messageId":"89156c75-ce3e-42a4-b35b-f89b9c2aa537","delta":" }\n"}


2026-01-22 11:44:47,049 - DEBUG - ag_ui_adk.adk_agent - Waiting for event from queue (thread 3cdee6da-c833-4872-bcfe-fa9459f0dd24, queue size: 15)
2026-01-22 11:44:47,049 - DEBUG - ag_ui_adk.adk_agent - Got event #169 from queue: TextMessageContentEvent (thread 3cdee6da-c833-4872-bcfe-fa9459f0dd24)
2026-01-22 11:44:47,049 - DEBUG - ag_ui_adk.adk_agent - Streaming event #169: TextMessageContentEvent (thread 3cdee6da-c833-4872-bcfe-fa9459f0dd24)
2026-01-22 11:44:47,049 - DEBUG - ag_ui_adk.adk_agent - Yielding event: TextMessageContentEvent
2026-01-22 11:44:47,049 - DEBUG - ag_ui_adk.endpoint - HTTP Response: data: {"type":"TEXT_MESSAGE_CONTENT","messageId":"89156c75-ce3e-42a4-b35b-f89b9c2aa537","delta":"       "}


2026-01-22 11:44:47,049 - DEBUG - ag_ui_adk.adk_agent - Waiting for event from queue (thread 3cdee6da-c833-4872-bcfe-fa9459f0dd24, queue size: 14)
2026-01-22 11:44:47,049 - DEBUG - ag_ui_adk.adk_agent - Got event #170 from queue: TextMessageContentEvent (thread 3cdee6da-c833-4872-bcfe-fa9459f0dd24)
2026-01-22 11:44:47,049 - DEBUG - ag_ui_adk.adk_agent - Streaming event #170: TextMessageContentEvent (thread 3cdee6da-c833-4872-bcfe-fa9459f0dd24)
2026-01-22 11:44:47,049 - DEBUG - ag_ui_adk.adk_agent - Yielding event: TextMessageContentEvent
2026-01-22 11:44:47,049 - DEBUG - ag_ui_adk.endpoint - HTTP Response: data: {"type":"TEXT_MESSAGE_CONTENT","messageId":"89156c75-ce3e-42a4-b35b-f89b9c2aa537","delta":" },\n"}


2026-01-22 11:44:47,049 - DEBUG - ag_ui_adk.adk_agent - Waiting for event from queue (thread 3cdee6da-c833-4872-bcfe-fa9459f0dd24, queue size: 13)
2026-01-22 11:44:47,049 - DEBUG - ag_ui_adk.adk_agent - Got event #171 from queue: TextMessageContentEvent (thread 3cdee6da-c833-4872-bcfe-fa9459f0dd24)
2026-01-22 11:44:47,049 - DEBUG - ag_ui_adk.adk_agent - Streaming event #171: TextMessageContentEvent (thread 3cdee6da-c833-4872-bcfe-fa9459f0dd24)
2026-01-22 11:44:47,049 - DEBUG - ag_ui_adk.adk_agent - Yielding event: TextMessageContentEvent
2026-01-22 11:44:47,049 - DEBUG - ag_ui_adk.endpoint - HTTP Response: data: {"type":"TEXT_MESSAGE_CONTENT","messageId":"89156c75-ce3e-42a4-b35b-f89b9c2aa537","delta":"       "}


2026-01-22 11:44:47,049 - DEBUG - ag_ui_adk.adk_agent - Waiting for event from queue (thread 3cdee6da-c833-4872-bcfe-fa9459f0dd24, queue size: 12)
2026-01-22 11:44:47,049 - DEBUG - ag_ui_adk.adk_agent - Got event #172 from queue: TextMessageContentEvent (thread 3cdee6da-c833-4872-bcfe-fa9459f0dd24)
2026-01-22 11:44:47,049 - DEBUG - ag_ui_adk.adk_agent - Streaming event #172: TextMessageContentEvent (thread 3cdee6da-c833-4872-bcfe-fa9459f0dd24)
2026-01-22 11:44:47,049 - DEBUG - ag_ui_adk.adk_agent - Yielding event: TextMessageContentEvent
2026-01-22 11:44:47,049 - DEBUG - ag_ui_adk.endpoint - HTTP Response: data: {"type":"TEXT_MESSAGE_CONTENT","messageId":"89156c75-ce3e-42a4-b35b-f89b9c2aa537","delta":" {\n"}


2026-01-22 11:44:47,049 - DEBUG - ag_ui_adk.adk_agent - Waiting for event from queue (thread 3cdee6da-c833-4872-bcfe-fa9459f0dd24, queue size: 11)
2026-01-22 11:44:47,049 - DEBUG - ag_ui_adk.adk_agent - Got event #173 from queue: TextMessageContentEvent (thread 3cdee6da-c833-4872-bcfe-fa9459f0dd24)
2026-01-22 11:44:47,049 - DEBUG - ag_ui_adk.adk_agent - Streaming event #173: TextMessageContentEvent (thread 3cdee6da-c833-4872-bcfe-fa9459f0dd24)
2026-01-22 11:44:47,049 - DEBUG - ag_ui_adk.adk_agent - Yielding event: TextMessageContentEvent
2026-01-22 11:44:47,049 - DEBUG - ag_ui_adk.endpoint - HTTP Response: data: {"type":"TEXT_MESSAGE_CONTENT","messageId":"89156c75-ce3e-42a4-b35b-f89b9c2aa537","delta":"         "}


2026-01-22 11:44:47,049 - DEBUG - ag_ui_adk.adk_agent - Waiting for event from queue (thread 3cdee6da-c833-4872-bcfe-fa9459f0dd24, queue size: 10)
2026-01-22 11:44:47,049 - DEBUG - ag_ui_adk.adk_agent - Got event #174 from queue: TextMessageContentEvent (thread 3cdee6da-c833-4872-bcfe-fa9459f0dd24)
2026-01-22 11:44:47,049 - DEBUG - ag_ui_adk.adk_agent - Streaming event #174: TextMessageContentEvent (thread 3cdee6da-c833-4872-bcfe-fa9459f0dd24)
2026-01-22 11:44:47,049 - DEBUG - ag_ui_adk.adk_agent - Yielding event: TextMessageContentEvent
2026-01-22 11:44:47,049 - DEBUG - ag_ui_adk.endpoint - HTTP Response: data: {"type":"TEXT_MESSAGE_CONTENT","messageId":"89156c75-ce3e-42a4-b35b-f89b9c2aa537","delta":" \""}


2026-01-22 11:44:47,049 - DEBUG - ag_ui_adk.adk_agent - Waiting for event from queue (thread 3cdee6da-c833-4872-bcfe-fa9459f0dd24, queue size: 9)
2026-01-22 11:44:47,049 - DEBUG - ag_ui_adk.adk_agent - Got event #175 from queue: TextMessageContentEvent (thread 3cdee6da-c833-4872-bcfe-fa9459f0dd24)
2026-01-22 11:44:47,049 - DEBUG - ag_ui_adk.adk_agent - Streaming event #175: TextMessageContentEvent (thread 3cdee6da-c833-4872-bcfe-fa9459f0dd24)
2026-01-22 11:44:47,049 - DEBUG - ag_ui_adk.adk_agent - Yielding event: TextMessageContentEvent
2026-01-22 11:44:47,049 - DEBUG - ag_ui_adk.endpoint - HTTP Response: data: {"type":"TEXT_MESSAGE_CONTENT","messageId":"89156c75-ce3e-42a4-b35b-f89b9c2aa537","delta":"id"}


2026-01-22 11:44:47,049 - DEBUG - ag_ui_adk.adk_agent - Waiting for event from queue (thread 3cdee6da-c833-4872-bcfe-fa9459f0dd24, queue size: 8)
2026-01-22 11:44:47,049 - DEBUG - ag_ui_adk.adk_agent - Got event #176 from queue: TextMessageContentEvent (thread 3cdee6da-c833-4872-bcfe-fa9459f0dd24)
2026-01-22 11:44:47,049 - DEBUG - ag_ui_adk.adk_agent - Streaming event #176: TextMessageContentEvent (thread 3cdee6da-c833-4872-bcfe-fa9459f0dd24)
2026-01-22 11:44:47,049 - DEBUG - ag_ui_adk.adk_agent - Yielding event: TextMessageContentEvent
2026-01-22 11:44:47,049 - DEBUG - ag_ui_adk.endpoint - HTTP Response: data: {"type":"TEXT_MESSAGE_CONTENT","messageId":"89156c75-ce3e-42a4-b35b-f89b9c2aa537","delta":"\":"}


2026-01-22 11:44:47,049 - DEBUG - ag_ui_adk.adk_agent - Waiting for event from queue (thread 3cdee6da-c833-4872-bcfe-fa9459f0dd24, queue size: 7)
2026-01-22 11:44:47,049 - DEBUG - ag_ui_adk.adk_agent - Got event #177 from queue: TextMessageContentEvent (thread 3cdee6da-c833-4872-bcfe-fa9459f0dd24)
2026-01-22 11:44:47,049 - DEBUG - ag_ui_adk.adk_agent - Streaming event #177: TextMessageContentEvent (thread 3cdee6da-c833-4872-bcfe-fa9459f0dd24)
2026-01-22 11:44:47,049 - DEBUG - ag_ui_adk.adk_agent - Yielding event: TextMessageContentEvent
2026-01-22 11:44:47,049 - DEBUG - ag_ui_adk.endpoint - HTTP Response: data: {"type":"TEXT_MESSAGE_CONTENT","messageId":"89156c75-ce3e-42a4-b35b-f89b9c2aa537","delta":" \""}


2026-01-22 11:44:47,049 - DEBUG - ag_ui_adk.adk_agent - Waiting for event from queue (thread 3cdee6da-c833-4872-bcfe-fa9459f0dd24, queue size: 6)
2026-01-22 11:44:47,049 - DEBUG - ag_ui_adk.adk_agent - Got event #178 from queue: TextMessageContentEvent (thread 3cdee6da-c833-4872-bcfe-fa9459f0dd24)
2026-01-22 11:44:47,049 - DEBUG - ag_ui_adk.adk_agent - Streaming event #178: TextMessageContentEvent (thread 3cdee6da-c833-4872-bcfe-fa9459f0dd24)
2026-01-22 11:44:47,049 - DEBUG - ag_ui_adk.adk_agent - Yielding event: TextMessageContentEvent
2026-01-22 11:44:47,049 - DEBUG - ag_ui_adk.endpoint - HTTP Response: data: {"type":"TEXT_MESSAGE_CONTENT","messageId":"89156c75-ce3e-42a4-b35b-f89b9c2aa537","delta":"title"}


2026-01-22 11:44:47,049 - DEBUG - ag_ui_adk.adk_agent - Waiting for event from queue (thread 3cdee6da-c833-4872-bcfe-fa9459f0dd24, queue size: 5)
2026-01-22 11:44:47,049 - DEBUG - ag_ui_adk.adk_agent - Got event #179 from queue: TextMessageContentEvent (thread 3cdee6da-c833-4872-bcfe-fa9459f0dd24)
2026-01-22 11:44:47,049 - DEBUG - ag_ui_adk.adk_agent - Streaming event #179: TextMessageContentEvent (thread 3cdee6da-c833-4872-bcfe-fa9459f0dd24)
2026-01-22 11:44:47,049 - DEBUG - ag_ui_adk.adk_agent - Yielding event: TextMessageContentEvent
2026-01-22 11:44:47,049 - DEBUG - ag_ui_adk.endpoint - HTTP Response: data: {"type":"TEXT_MESSAGE_CONTENT","messageId":"89156c75-ce3e-42a4-b35b-f89b9c2aa537","delta":"\",\n"}


2026-01-22 11:44:47,049 - DEBUG - ag_ui_adk.adk_agent - Waiting for event from queue (thread 3cdee6da-c833-4872-bcfe-fa9459f0dd24, queue size: 4)
2026-01-22 11:44:47,049 - DEBUG - ag_ui_adk.adk_agent - Got event #180 from queue: TextMessageContentEvent (thread 3cdee6da-c833-4872-bcfe-fa9459f0dd24)
2026-01-22 11:44:47,049 - DEBUG - ag_ui_adk.adk_agent - Streaming event #180: TextMessageContentEvent (thread 3cdee6da-c833-4872-bcfe-fa9459f0dd24)
2026-01-22 11:44:47,049 - DEBUG - ag_ui_adk.adk_agent - Yielding event: TextMessageContentEvent
2026-01-22 11:44:47,049 - DEBUG - ag_ui_adk.endpoint - HTTP Response: data: {"type":"TEXT_MESSAGE_CONTENT","messageId":"89156c75-ce3e-42a4-b35b-f89b9c2aa537","delta":"         "}


2026-01-22 11:44:47,049 - DEBUG - ag_ui_adk.adk_agent - Waiting for event from queue (thread 3cdee6da-c833-4872-bcfe-fa9459f0dd24, queue size: 3)
2026-01-22 11:44:47,049 - DEBUG - ag_ui_adk.adk_agent - Got event #181 from queue: TextMessageContentEvent (thread 3cdee6da-c833-4872-bcfe-fa9459f0dd24)
2026-01-22 11:44:47,049 - DEBUG - ag_ui_adk.adk_agent - Streaming event #181: TextMessageContentEvent (thread 3cdee6da-c833-4872-bcfe-fa9459f0dd24)
2026-01-22 11:44:47,049 - DEBUG - ag_ui_adk.adk_agent - Yielding event: TextMessageContentEvent
2026-01-22 11:44:47,049 - DEBUG - ag_ui_adk.endpoint - HTTP Response: data: {"type":"TEXT_MESSAGE_CONTENT","messageId":"89156c75-ce3e-42a4-b35b-f89b9c2aa537","delta":" \""}


2026-01-22 11:44:47,049 - DEBUG - ag_ui_adk.adk_agent - Waiting for event from queue (thread 3cdee6da-c833-4872-bcfe-fa9459f0dd24, queue size: 2)
2026-01-22 11:44:47,049 - DEBUG - ag_ui_adk.adk_agent - Got event #182 from queue: TextMessageContentEvent (thread 3cdee6da-c833-4872-bcfe-fa9459f0dd24)
2026-01-22 11:44:47,049 - DEBUG - ag_ui_adk.adk_agent - Streaming event #182: TextMessageContentEvent (thread 3cdee6da-c833-4872-bcfe-fa9459f0dd24)
2026-01-22 11:44:47,049 - DEBUG - ag_ui_adk.adk_agent - Yielding event: TextMessageContentEvent
2026-01-22 11:44:47,049 - DEBUG - ag_ui_adk.endpoint - HTTP Response: data: {"type":"TEXT_MESSAGE_CONTENT","messageId":"89156c75-ce3e-42a4-b35b-f89b9c2aa537","delta":"component"}


2026-01-22 11:44:47,049 - DEBUG - ag_ui_adk.adk_agent - Waiting for event from queue (thread 3cdee6da-c833-4872-bcfe-fa9459f0dd24, queue size: 1)
2026-01-22 11:44:47,049 - DEBUG - ag_ui_adk.adk_agent - Got event #183 from queue: TextMessageContentEvent (thread 3cdee6da-c833-4872-bcfe-fa9459f0dd24)
2026-01-22 11:44:47,050 - DEBUG - ag_ui_adk.adk_agent - Streaming event #183: TextMessageContentEvent (thread 3cdee6da-c833-4872-bcfe-fa9459f0dd24)
2026-01-22 11:44:47,050 - DEBUG - ag_ui_adk.adk_agent - Yielding event: TextMessageContentEvent
2026-01-22 11:44:47,050 - DEBUG - ag_ui_adk.endpoint - HTTP Response: data: {"type":"TEXT_MESSAGE_CONTENT","messageId":"89156c75-ce3e-42a4-b35b-f89b9c2aa537","delta":"\":"}


2026-01-22 11:44:47,050 - DEBUG - ag_ui_adk.adk_agent - Waiting for event from queue (thread 3cdee6da-c833-4872-bcfe-fa9459f0dd24, queue size: 0)
2026-01-22 11:44:47,051 - DEBUG - ag_ui_adk.adk_agent - Emitting event to queue: TextMessageContentEvent (thread 3cdee6da-c833-4872-bcfe-fa9459f0dd24, queue size before: 0)
2026-01-22 11:44:47,051 - DEBUG - ag_ui_adk.adk_agent - Event queued: TextMessageContentEvent (thread 3cdee6da-c833-4872-bcfe-fa9459f0dd24, queue size after: 1)
2026-01-22 11:44:47,051 - DEBUG - ag_ui_adk.adk_agent - Emitting event to queue: TextMessageContentEvent (thread 3cdee6da-c833-4872-bcfe-fa9459f0dd24, queue size before: 1)
2026-01-22 11:44:47,051 - DEBUG - ag_ui_adk.adk_agent - Event queued: TextMessageContentEvent (thread 3cdee6da-c833-4872-bcfe-fa9459f0dd24, queue size after: 2)
2026-01-22 11:44:47,052 - DEBUG - ag_ui_adk.adk_agent - Emitting event to queue: TextMessageContentEvent (thread 3cdee6da-c833-4872-bcfe-fa9459f0dd24, queue size before: 2)
2026-01-22 11:44:47,052 - DEBUG - ag_ui_adk.adk_agent - Event queued: TextMessageContentEvent (thread 3cdee6da-c833-4872-bcfe-fa9459f0dd24, queue size after: 3)
2026-01-22 11:44:47,053 - DEBUG - ag_ui_adk.adk_agent - Emitting event to queue: TextMessageContentEvent (thread 3cdee6da-c833-4872-bcfe-fa9459f0dd24, queue size before: 3)
2026-01-22 11:44:47,054 - DEBUG - ag_ui_adk.adk_agent - Event queued: TextMessageContentEvent (thread 3cdee6da-c833-4872-bcfe-fa9459f0dd24, queue size after: 4)
2026-01-22 11:44:47,055 - DEBUG - ag_ui_adk.adk_agent - Emitting event to queue: TextMessageContentEvent (thread 3cdee6da-c833-4872-bcfe-fa9459f0dd24, queue size before: 4)
2026-01-22 11:44:47,055 - DEBUG - ag_ui_adk.adk_agent - Event queued: TextMessageContentEvent (thread 3cdee6da-c833-4872-bcfe-fa9459f0dd24, queue size after: 5)
2026-01-22 11:44:47,055 - DEBUG - ag_ui_adk.adk_agent - Got event #184 from queue: TextMessageContentEvent (thread 3cdee6da-c833-4872-bcfe-fa9459f0dd24)
2026-01-22 11:44:47,055 - DEBUG - ag_ui_adk.adk_agent - Streaming event #184: TextMessageContentEvent (thread 3cdee6da-c833-4872-bcfe-fa9459f0dd24)
2026-01-22 11:44:47,055 - DEBUG - ag_ui_adk.adk_agent - Yielding event: TextMessageContentEvent
2026-01-22 11:44:47,055 - DEBUG - ag_ui_adk.endpoint - HTTP Response: data: {"type":"TEXT_MESSAGE_CONTENT","messageId":"89156c75-ce3e-42a4-b35b-f89b9c2aa537","delta":" {\n"}


2026-01-22 11:44:47,055 - DEBUG - ag_ui_adk.adk_agent - Waiting for event from queue (thread 3cdee6da-c833-4872-bcfe-fa9459f0dd24, queue size: 4)
2026-01-22 11:44:47,055 - DEBUG - ag_ui_adk.adk_agent - Got event #185 from queue: TextMessageContentEvent (thread 3cdee6da-c833-4872-bcfe-fa9459f0dd24)
2026-01-22 11:44:47,055 - DEBUG - ag_ui_adk.adk_agent - Streaming event #185: TextMessageContentEvent (thread 3cdee6da-c833-4872-bcfe-fa9459f0dd24)
2026-01-22 11:44:47,055 - DEBUG - ag_ui_adk.adk_agent - Yielding event: TextMessageContentEvent
2026-01-22 11:44:47,055 - DEBUG - ag_ui_adk.endpoint - HTTP Response: data: {"type":"TEXT_MESSAGE_CONTENT","messageId":"89156c75-ce3e-42a4-b35b-f89b9c2aa537","delta":"           "}


2026-01-22 11:44:47,055 - DEBUG - ag_ui_adk.adk_agent - Waiting for event from queue (thread 3cdee6da-c833-4872-bcfe-fa9459f0dd24, queue size: 3)
2026-01-22 11:44:47,055 - DEBUG - ag_ui_adk.adk_agent - Got event #186 from queue: TextMessageContentEvent (thread 3cdee6da-c833-4872-bcfe-fa9459f0dd24)
2026-01-22 11:44:47,055 - DEBUG - ag_ui_adk.adk_agent - Streaming event #186: TextMessageContentEvent (thread 3cdee6da-c833-4872-bcfe-fa9459f0dd24)
2026-01-22 11:44:47,055 - DEBUG - ag_ui_adk.adk_agent - Yielding event: TextMessageContentEvent
2026-01-22 11:44:47,055 - DEBUG - ag_ui_adk.endpoint - HTTP Response: data: {"type":"TEXT_MESSAGE_CONTENT","messageId":"89156c75-ce3e-42a4-b35b-f89b9c2aa537","delta":" \""}


2026-01-22 11:44:47,055 - DEBUG - ag_ui_adk.adk_agent - Waiting for event from queue (thread 3cdee6da-c833-4872-bcfe-fa9459f0dd24, queue size: 2)
2026-01-22 11:44:47,055 - DEBUG - ag_ui_adk.adk_agent - Got event #187 from queue: TextMessageContentEvent (thread 3cdee6da-c833-4872-bcfe-fa9459f0dd24)
2026-01-22 11:44:47,055 - DEBUG - ag_ui_adk.adk_agent - Streaming event #187: TextMessageContentEvent (thread 3cdee6da-c833-4872-bcfe-fa9459f0dd24)
2026-01-22 11:44:47,055 - DEBUG - ag_ui_adk.adk_agent - Yielding event: TextMessageContentEvent
2026-01-22 11:44:47,055 - DEBUG - ag_ui_adk.endpoint - HTTP Response: data: {"type":"TEXT_MESSAGE_CONTENT","messageId":"89156c75-ce3e-42a4-b35b-f89b9c2aa537","delta":"Text"}


2026-01-22 11:44:47,055 - DEBUG - ag_ui_adk.adk_agent - Waiting for event from queue (thread 3cdee6da-c833-4872-bcfe-fa9459f0dd24, queue size: 1)
2026-01-22 11:44:47,055 - DEBUG - ag_ui_adk.adk_agent - Got event #188 from queue: TextMessageContentEvent (thread 3cdee6da-c833-4872-bcfe-fa9459f0dd24)
2026-01-22 11:44:47,055 - DEBUG - ag_ui_adk.adk_agent - Streaming event #188: TextMessageContentEvent (thread 3cdee6da-c833-4872-bcfe-fa9459f0dd24)
2026-01-22 11:44:47,055 - DEBUG - ag_ui_adk.adk_agent - Yielding event: TextMessageContentEvent
2026-01-22 11:44:47,055 - DEBUG - ag_ui_adk.endpoint - HTTP Response: data: {"type":"TEXT_MESSAGE_CONTENT","messageId":"89156c75-ce3e-42a4-b35b-f89b9c2aa537","delta":"\":"}


2026-01-22 11:44:47,055 - DEBUG - ag_ui_adk.adk_agent - Waiting for event from queue (thread 3cdee6da-c833-4872-bcfe-fa9459f0dd24, queue size: 0)
2026-01-22 11:44:47,088 - DEBUG - ag_ui_adk.adk_agent - Emitting event to queue: TextMessageContentEvent (thread 3cdee6da-c833-4872-bcfe-fa9459f0dd24, queue size before: 0)
2026-01-22 11:44:47,088 - DEBUG - ag_ui_adk.adk_agent - Event queued: TextMessageContentEvent (thread 3cdee6da-c833-4872-bcfe-fa9459f0dd24, queue size after: 1)
2026-01-22 11:44:47,089 - DEBUG - ag_ui_adk.adk_agent - Emitting event to queue: TextMessageContentEvent (thread 3cdee6da-c833-4872-bcfe-fa9459f0dd24, queue size before: 1)
2026-01-22 11:44:47,089 - DEBUG - ag_ui_adk.adk_agent - Event queued: TextMessageContentEvent (thread 3cdee6da-c833-4872-bcfe-fa9459f0dd24, queue size after: 2)
2026-01-22 11:44:47,089 - DEBUG - ag_ui_adk.adk_agent - Emitting event to queue: TextMessageContentEvent (thread 3cdee6da-c833-4872-bcfe-fa9459f0dd24, queue size before: 2)
2026-01-22 11:44:47,089 - DEBUG - ag_ui_adk.adk_agent - Event queued: TextMessageContentEvent (thread 3cdee6da-c833-4872-bcfe-fa9459f0dd24, queue size after: 3)
2026-01-22 11:44:47,090 - DEBUG - ag_ui_adk.adk_agent - Emitting event to queue: TextMessageContentEvent (thread 3cdee6da-c833-4872-bcfe-fa9459f0dd24, queue size before: 3)
2026-01-22 11:44:47,090 - DEBUG - ag_ui_adk.adk_agent - Event queued: TextMessageContentEvent (thread 3cdee6da-c833-4872-bcfe-fa9459f0dd24, queue size after: 4)
2026-01-22 11:44:47,090 - DEBUG - ag_ui_adk.adk_agent - Got event #189 from queue: TextMessageContentEvent (thread 3cdee6da-c833-4872-bcfe-fa9459f0dd24)
2026-01-22 11:44:47,090 - DEBUG - ag_ui_adk.adk_agent - Streaming event #189: TextMessageContentEvent (thread 3cdee6da-c833-4872-bcfe-fa9459f0dd24)
2026-01-22 11:44:47,090 - DEBUG - ag_ui_adk.adk_agent - Yielding event: TextMessageContentEvent
2026-01-22 11:44:47,090 - DEBUG - ag_ui_adk.endpoint - HTTP Response: data: {"type":"TEXT_MESSAGE_CONTENT","messageId":"89156c75-ce3e-42a4-b35b-f89b9c2aa537","delta":" {\n"}


2026-01-22 11:44:47,090 - DEBUG - ag_ui_adk.adk_agent - Waiting for event from queue (thread 3cdee6da-c833-4872-bcfe-fa9459f0dd24, queue size: 3)
2026-01-22 11:44:47,090 - DEBUG - ag_ui_adk.adk_agent - Got event #190 from queue: TextMessageContentEvent (thread 3cdee6da-c833-4872-bcfe-fa9459f0dd24)
2026-01-22 11:44:47,090 - DEBUG - ag_ui_adk.adk_agent - Streaming event #190: TextMessageContentEvent (thread 3cdee6da-c833-4872-bcfe-fa9459f0dd24)
2026-01-22 11:44:47,090 - DEBUG - ag_ui_adk.adk_agent - Yielding event: TextMessageContentEvent
2026-01-22 11:44:47,090 - DEBUG - ag_ui_adk.endpoint - HTTP Response: data: {"type":"TEXT_MESSAGE_CONTENT","messageId":"89156c75-ce3e-42a4-b35b-f89b9c2aa537","delta":"             "}


2026-01-22 11:44:47,090 - DEBUG - ag_ui_adk.adk_agent - Waiting for event from queue (thread 3cdee6da-c833-4872-bcfe-fa9459f0dd24, queue size: 2)
2026-01-22 11:44:47,090 - DEBUG - ag_ui_adk.adk_agent - Got event #191 from queue: TextMessageContentEvent (thread 3cdee6da-c833-4872-bcfe-fa9459f0dd24)
2026-01-22 11:44:47,090 - DEBUG - ag_ui_adk.adk_agent - Streaming event #191: TextMessageContentEvent (thread 3cdee6da-c833-4872-bcfe-fa9459f0dd24)
2026-01-22 11:44:47,090 - DEBUG - ag_ui_adk.adk_agent - Yielding event: TextMessageContentEvent
2026-01-22 11:44:47,090 - DEBUG - ag_ui_adk.endpoint - HTTP Response: data: {"type":"TEXT_MESSAGE_CONTENT","messageId":"89156c75-ce3e-42a4-b35b-f89b9c2aa537","delta":" \""}


2026-01-22 11:44:47,090 - DEBUG - ag_ui_adk.adk_agent - Waiting for event from queue (thread 3cdee6da-c833-4872-bcfe-fa9459f0dd24, queue size: 1)
2026-01-22 11:44:47,090 - DEBUG - ag_ui_adk.adk_agent - Got event #192 from queue: TextMessageContentEvent (thread 3cdee6da-c833-4872-bcfe-fa9459f0dd24)
2026-01-22 11:44:47,090 - DEBUG - ag_ui_adk.adk_agent - Streaming event #192: TextMessageContentEvent (thread 3cdee6da-c833-4872-bcfe-fa9459f0dd24)
2026-01-22 11:44:47,090 - DEBUG - ag_ui_adk.adk_agent - Yielding event: TextMessageContentEvent
2026-01-22 11:44:47,090 - DEBUG - ag_ui_adk.endpoint - HTTP Response: data: {"type":"TEXT_MESSAGE_CONTENT","messageId":"89156c75-ce3e-42a4-b35b-f89b9c2aa537","delta":"text"}


2026-01-22 11:44:47,090 - DEBUG - ag_ui_adk.adk_agent - Waiting for event from queue (thread 3cdee6da-c833-4872-bcfe-fa9459f0dd24, queue size: 0)
2026-01-22 11:44:47,091 - DEBUG - ag_ui_adk.adk_agent - Emitting event to queue: TextMessageContentEvent (thread 3cdee6da-c833-4872-bcfe-fa9459f0dd24, queue size before: 0)
2026-01-22 11:44:47,091 - DEBUG - ag_ui_adk.adk_agent - Event queued: TextMessageContentEvent (thread 3cdee6da-c833-4872-bcfe-fa9459f0dd24, queue size after: 1)
2026-01-22 11:44:47,091 - DEBUG - ag_ui_adk.adk_agent - Emitting event to queue: TextMessageContentEvent (thread 3cdee6da-c833-4872-bcfe-fa9459f0dd24, queue size before: 1)
2026-01-22 11:44:47,091 - DEBUG - ag_ui_adk.adk_agent - Event queued: TextMessageContentEvent (thread 3cdee6da-c833-4872-bcfe-fa9459f0dd24, queue size after: 2)
2026-01-22 11:44:47,092 - DEBUG - ag_ui_adk.adk_agent - Emitting event to queue: TextMessageContentEvent (thread 3cdee6da-c833-4872-bcfe-fa9459f0dd24, queue size before: 2)
2026-01-22 11:44:47,092 - DEBUG - ag_ui_adk.adk_agent - Event queued: TextMessageContentEvent (thread 3cdee6da-c833-4872-bcfe-fa9459f0dd24, queue size after: 3)
2026-01-22 11:44:47,092 - DEBUG - ag_ui_adk.adk_agent - Emitting event to queue: TextMessageContentEvent (thread 3cdee6da-c833-4872-bcfe-fa9459f0dd24, queue size before: 3)
2026-01-22 11:44:47,092 - DEBUG - ag_ui_adk.adk_agent - Event queued: TextMessageContentEvent (thread 3cdee6da-c833-4872-bcfe-fa9459f0dd24, queue size after: 4)
2026-01-22 11:44:47,092 - DEBUG - ag_ui_adk.adk_agent - Got event #193 from queue: TextMessageContentEvent (thread 3cdee6da-c833-4872-bcfe-fa9459f0dd24)
2026-01-22 11:44:47,092 - DEBUG - ag_ui_adk.adk_agent - Streaming event #193: TextMessageContentEvent (thread 3cdee6da-c833-4872-bcfe-fa9459f0dd24)
2026-01-22 11:44:47,092 - DEBUG - ag_ui_adk.adk_agent - Yielding event: TextMessageContentEvent
2026-01-22 11:44:47,092 - DEBUG - ag_ui_adk.endpoint - HTTP Response: data: {"type":"TEXT_MESSAGE_CONTENT","messageId":"89156c75-ce3e-42a4-b35b-f89b9c2aa537","delta":"\":"}


2026-01-22 11:44:47,092 - DEBUG - ag_ui_adk.adk_agent - Waiting for event from queue (thread 3cdee6da-c833-4872-bcfe-fa9459f0dd24, queue size: 3)
2026-01-22 11:44:47,092 - DEBUG - ag_ui_adk.adk_agent - Got event #194 from queue: TextMessageContentEvent (thread 3cdee6da-c833-4872-bcfe-fa9459f0dd24)
2026-01-22 11:44:47,092 - DEBUG - ag_ui_adk.adk_agent - Streaming event #194: TextMessageContentEvent (thread 3cdee6da-c833-4872-bcfe-fa9459f0dd24)
2026-01-22 11:44:47,092 - DEBUG - ag_ui_adk.adk_agent - Yielding event: TextMessageContentEvent
2026-01-22 11:44:47,092 - DEBUG - ag_ui_adk.endpoint - HTTP Response: data: {"type":"TEXT_MESSAGE_CONTENT","messageId":"89156c75-ce3e-42a4-b35b-f89b9c2aa537","delta":" {\n"}


2026-01-22 11:44:47,092 - DEBUG - ag_ui_adk.adk_agent - Waiting for event from queue (thread 3cdee6da-c833-4872-bcfe-fa9459f0dd24, queue size: 2)
2026-01-22 11:44:47,093 - DEBUG - ag_ui_adk.adk_agent - Got event #195 from queue: TextMessageContentEvent (thread 3cdee6da-c833-4872-bcfe-fa9459f0dd24)
2026-01-22 11:44:47,093 - DEBUG - ag_ui_adk.adk_agent - Streaming event #195: TextMessageContentEvent (thread 3cdee6da-c833-4872-bcfe-fa9459f0dd24)
2026-01-22 11:44:47,093 - DEBUG - ag_ui_adk.adk_agent - Yielding event: TextMessageContentEvent
2026-01-22 11:44:47,093 - DEBUG - ag_ui_adk.endpoint - HTTP Response: data: {"type":"TEXT_MESSAGE_CONTENT","messageId":"89156c75-ce3e-42a4-b35b-f89b9c2aa537","delta":"               "}


2026-01-22 11:44:47,093 - DEBUG - ag_ui_adk.adk_agent - Waiting for event from queue (thread 3cdee6da-c833-4872-bcfe-fa9459f0dd24, queue size: 1)
2026-01-22 11:44:47,093 - DEBUG - ag_ui_adk.adk_agent - Got event #196 from queue: TextMessageContentEvent (thread 3cdee6da-c833-4872-bcfe-fa9459f0dd24)
2026-01-22 11:44:47,093 - DEBUG - ag_ui_adk.adk_agent - Streaming event #196: TextMessageContentEvent (thread 3cdee6da-c833-4872-bcfe-fa9459f0dd24)
2026-01-22 11:44:47,093 - DEBUG - ag_ui_adk.adk_agent - Yielding event: TextMessageContentEvent
2026-01-22 11:44:47,093 - DEBUG - ag_ui_adk.endpoint - HTTP Response: data: {"type":"TEXT_MESSAGE_CONTENT","messageId":"89156c75-ce3e-42a4-b35b-f89b9c2aa537","delta":" \""}


2026-01-22 11:44:47,093 - DEBUG - ag_ui_adk.adk_agent - Waiting for event from queue (thread 3cdee6da-c833-4872-bcfe-fa9459f0dd24, queue size: 0)
2026-01-22 11:44:47,152 - DEBUG - ag_ui_adk.adk_agent - Emitting event to queue: TextMessageContentEvent (thread 3cdee6da-c833-4872-bcfe-fa9459f0dd24, queue size before: 0)
2026-01-22 11:44:47,153 - DEBUG - ag_ui_adk.adk_agent - Event queued: TextMessageContentEvent (thread 3cdee6da-c833-4872-bcfe-fa9459f0dd24, queue size after: 1)
2026-01-22 11:44:47,153 - DEBUG - ag_ui_adk.adk_agent - Emitting event to queue: TextMessageContentEvent (thread 3cdee6da-c833-4872-bcfe-fa9459f0dd24, queue size before: 1)
2026-01-22 11:44:47,153 - DEBUG - ag_ui_adk.adk_agent - Event queued: TextMessageContentEvent (thread 3cdee6da-c833-4872-bcfe-fa9459f0dd24, queue size after: 2)
2026-01-22 11:44:47,154 - DEBUG - ag_ui_adk.adk_agent - Emitting event to queue: TextMessageContentEvent (thread 3cdee6da-c833-4872-bcfe-fa9459f0dd24, queue size before: 2)
2026-01-22 11:44:47,154 - DEBUG - ag_ui_adk.adk_agent - Event queued: TextMessageContentEvent (thread 3cdee6da-c833-4872-bcfe-fa9459f0dd24, queue size after: 3)
2026-01-22 11:44:47,154 - DEBUG - ag_ui_adk.adk_agent - Emitting event to queue: TextMessageContentEvent (thread 3cdee6da-c833-4872-bcfe-fa9459f0dd24, queue size before: 3)
2026-01-22 11:44:47,154 - DEBUG - ag_ui_adk.adk_agent - Event queued: TextMessageContentEvent (thread 3cdee6da-c833-4872-bcfe-fa9459f0dd24, queue size after: 4)
2026-01-22 11:44:47,154 - DEBUG - ag_ui_adk.adk_agent - Got event #197 from queue: TextMessageContentEvent (thread 3cdee6da-c833-4872-bcfe-fa9459f0dd24)
2026-01-22 11:44:47,154 - DEBUG - ag_ui_adk.adk_agent - Streaming event #197: TextMessageContentEvent (thread 3cdee6da-c833-4872-bcfe-fa9459f0dd24)
2026-01-22 11:44:47,155 - DEBUG - ag_ui_adk.adk_agent - Yielding event: TextMessageContentEvent
2026-01-22 11:44:47,155 - DEBUG - ag_ui_adk.endpoint - HTTP Response: data: {"type":"TEXT_MESSAGE_CONTENT","messageId":"89156c75-ce3e-42a4-b35b-f89b9c2aa537","delta":"literal"}


2026-01-22 11:44:47,155 - DEBUG - ag_ui_adk.adk_agent - Waiting for event from queue (thread 3cdee6da-c833-4872-bcfe-fa9459f0dd24, queue size: 3)
2026-01-22 11:44:47,155 - DEBUG - ag_ui_adk.adk_agent - Got event #198 from queue: TextMessageContentEvent (thread 3cdee6da-c833-4872-bcfe-fa9459f0dd24)
2026-01-22 11:44:47,155 - DEBUG - ag_ui_adk.adk_agent - Streaming event #198: TextMessageContentEvent (thread 3cdee6da-c833-4872-bcfe-fa9459f0dd24)
2026-01-22 11:44:47,155 - DEBUG - ag_ui_adk.adk_agent - Yielding event: TextMessageContentEvent
2026-01-22 11:44:47,155 - DEBUG - ag_ui_adk.endpoint - HTTP Response: data: {"type":"TEXT_MESSAGE_CONTENT","messageId":"89156c75-ce3e-42a4-b35b-f89b9c2aa537","delta":"String"}


2026-01-22 11:44:47,155 - DEBUG - ag_ui_adk.adk_agent - Waiting for event from queue (thread 3cdee6da-c833-4872-bcfe-fa9459f0dd24, queue size: 2)
2026-01-22 11:44:47,155 - DEBUG - ag_ui_adk.adk_agent - Got event #199 from queue: TextMessageContentEvent (thread 3cdee6da-c833-4872-bcfe-fa9459f0dd24)
2026-01-22 11:44:47,155 - DEBUG - ag_ui_adk.adk_agent - Streaming event #199: TextMessageContentEvent (thread 3cdee6da-c833-4872-bcfe-fa9459f0dd24)
2026-01-22 11:44:47,155 - DEBUG - ag_ui_adk.adk_agent - Yielding event: TextMessageContentEvent
2026-01-22 11:44:47,155 - DEBUG - ag_ui_adk.endpoint - HTTP Response: data: {"type":"TEXT_MESSAGE_CONTENT","messageId":"89156c75-ce3e-42a4-b35b-f89b9c2aa537","delta":"\":"}


2026-01-22 11:44:47,155 - DEBUG - ag_ui_adk.adk_agent - Waiting for event from queue (thread 3cdee6da-c833-4872-bcfe-fa9459f0dd24, queue size: 1)
2026-01-22 11:44:47,155 - DEBUG - ag_ui_adk.adk_agent - Got event #200 from queue: TextMessageContentEvent (thread 3cdee6da-c833-4872-bcfe-fa9459f0dd24)
2026-01-22 11:44:47,155 - DEBUG - ag_ui_adk.adk_agent - Streaming event #200: TextMessageContentEvent (thread 3cdee6da-c833-4872-bcfe-fa9459f0dd24)
2026-01-22 11:44:47,155 - DEBUG - ag_ui_adk.adk_agent - Yielding event: TextMessageContentEvent
2026-01-22 11:44:47,155 - DEBUG - ag_ui_adk.endpoint - HTTP Response: data: {"type":"TEXT_MESSAGE_CONTENT","messageId":"89156c75-ce3e-42a4-b35b-f89b9c2aa537","delta":" \""}


2026-01-22 11:44:47,155 - DEBUG - ag_ui_adk.adk_agent - Waiting for event from queue (thread 3cdee6da-c833-4872-bcfe-fa9459f0dd24, queue size: 0)
2026-01-22 11:44:47,218 - DEBUG - ag_ui_adk.adk_agent - Emitting event to queue: TextMessageContentEvent (thread 3cdee6da-c833-4872-bcfe-fa9459f0dd24, queue size before: 0)
2026-01-22 11:44:47,218 - DEBUG - ag_ui_adk.adk_agent - Event queued: TextMessageContentEvent (thread 3cdee6da-c833-4872-bcfe-fa9459f0dd24, queue size after: 1)
2026-01-22 11:44:47,218 - DEBUG - ag_ui_adk.adk_agent - Emitting event to queue: TextMessageContentEvent (thread 3cdee6da-c833-4872-bcfe-fa9459f0dd24, queue size before: 1)
2026-01-22 11:44:47,218 - DEBUG - ag_ui_adk.adk_agent - Event queued: TextMessageContentEvent (thread 3cdee6da-c833-4872-bcfe-fa9459f0dd24, queue size after: 2)
2026-01-22 11:44:47,219 - DEBUG - ag_ui_adk.adk_agent - Emitting event to queue: TextMessageContentEvent (thread 3cdee6da-c833-4872-bcfe-fa9459f0dd24, queue size before: 2)
2026-01-22 11:44:47,219 - DEBUG - ag_ui_adk.adk_agent - Event queued: TextMessageContentEvent (thread 3cdee6da-c833-4872-bcfe-fa9459f0dd24, queue size after: 3)
2026-01-22 11:44:47,220 - DEBUG - ag_ui_adk.adk_agent - Emitting event to queue: TextMessageContentEvent (thread 3cdee6da-c833-4872-bcfe-fa9459f0dd24, queue size before: 3)
2026-01-22 11:44:47,220 - DEBUG - ag_ui_adk.adk_agent - Event queued: TextMessageContentEvent (thread 3cdee6da-c833-4872-bcfe-fa9459f0dd24, queue size after: 4)
2026-01-22 11:44:47,220 - DEBUG - ag_ui_adk.adk_agent - Got event #201 from queue: TextMessageContentEvent (thread 3cdee6da-c833-4872-bcfe-fa9459f0dd24)
2026-01-22 11:44:47,220 - DEBUG - ag_ui_adk.adk_agent - Streaming event #201: TextMessageContentEvent (thread 3cdee6da-c833-4872-bcfe-fa9459f0dd24)
2026-01-22 11:44:47,220 - DEBUG - ag_ui_adk.adk_agent - Yielding event: TextMessageContentEvent
2026-01-22 11:44:47,220 - DEBUG - ag_ui_adk.endpoint - HTTP Response: data: {"type":"TEXT_MESSAGE_CONTENT","messageId":"89156c75-ce3e-42a4-b35b-f89b9c2aa537","delta":"Greeting"}


2026-01-22 11:44:47,220 - DEBUG - ag_ui_adk.adk_agent - Waiting for event from queue (thread 3cdee6da-c833-4872-bcfe-fa9459f0dd24, queue size: 3)
2026-01-22 11:44:47,220 - DEBUG - ag_ui_adk.adk_agent - Got event #202 from queue: TextMessageContentEvent (thread 3cdee6da-c833-4872-bcfe-fa9459f0dd24)
2026-01-22 11:44:47,220 - DEBUG - ag_ui_adk.adk_agent - Streaming event #202: TextMessageContentEvent (thread 3cdee6da-c833-4872-bcfe-fa9459f0dd24)
2026-01-22 11:44:47,220 - DEBUG - ag_ui_adk.adk_agent - Yielding event: TextMessageContentEvent
2026-01-22 11:44:47,220 - DEBUG - ag_ui_adk.endpoint - HTTP Response: data: {"type":"TEXT_MESSAGE_CONTENT","messageId":"89156c75-ce3e-42a4-b35b-f89b9c2aa537","delta":" Card"}


2026-01-22 11:44:47,220 - DEBUG - ag_ui_adk.adk_agent - Waiting for event from queue (thread 3cdee6da-c833-4872-bcfe-fa9459f0dd24, queue size: 2)
2026-01-22 11:44:47,220 - DEBUG - ag_ui_adk.adk_agent - Got event #203 from queue: TextMessageContentEvent (thread 3cdee6da-c833-4872-bcfe-fa9459f0dd24)
2026-01-22 11:44:47,220 - DEBUG - ag_ui_adk.adk_agent - Streaming event #203: TextMessageContentEvent (thread 3cdee6da-c833-4872-bcfe-fa9459f0dd24)
2026-01-22 11:44:47,220 - DEBUG - ag_ui_adk.adk_agent - Yielding event: TextMessageContentEvent
2026-01-22 11:44:47,220 - DEBUG - ag_ui_adk.endpoint - HTTP Response: data: {"type":"TEXT_MESSAGE_CONTENT","messageId":"89156c75-ce3e-42a4-b35b-f89b9c2aa537","delta":"\"\n"}


2026-01-22 11:44:47,220 - DEBUG - ag_ui_adk.adk_agent - Waiting for event from queue (thread 3cdee6da-c833-4872-bcfe-fa9459f0dd24, queue size: 1)
2026-01-22 11:44:47,220 - DEBUG - ag_ui_adk.adk_agent - Got event #204 from queue: TextMessageContentEvent (thread 3cdee6da-c833-4872-bcfe-fa9459f0dd24)
2026-01-22 11:44:47,220 - DEBUG - ag_ui_adk.adk_agent - Streaming event #204: TextMessageContentEvent (thread 3cdee6da-c833-4872-bcfe-fa9459f0dd24)
2026-01-22 11:44:47,220 - DEBUG - ag_ui_adk.adk_agent - Yielding event: TextMessageContentEvent
2026-01-22 11:44:47,220 - DEBUG - ag_ui_adk.endpoint - HTTP Response: data: {"type":"TEXT_MESSAGE_CONTENT","messageId":"89156c75-ce3e-42a4-b35b-f89b9c2aa537","delta":"             "}


2026-01-22 11:44:47,220 - DEBUG - ag_ui_adk.adk_agent - Waiting for event from queue (thread 3cdee6da-c833-4872-bcfe-fa9459f0dd24, queue size: 0)
2026-01-22 11:44:47,236 - DEBUG - ag_ui_adk.adk_agent - Emitting event to queue: TextMessageContentEvent (thread 3cdee6da-c833-4872-bcfe-fa9459f0dd24, queue size before: 0)
2026-01-22 11:44:47,236 - DEBUG - ag_ui_adk.adk_agent - Event queued: TextMessageContentEvent (thread 3cdee6da-c833-4872-bcfe-fa9459f0dd24, queue size after: 1)
2026-01-22 11:44:47,237 - DEBUG - ag_ui_adk.adk_agent - Emitting event to queue: TextMessageContentEvent (thread 3cdee6da-c833-4872-bcfe-fa9459f0dd24, queue size before: 1)
2026-01-22 11:44:47,237 - DEBUG - ag_ui_adk.adk_agent - Event queued: TextMessageContentEvent (thread 3cdee6da-c833-4872-bcfe-fa9459f0dd24, queue size after: 2)
2026-01-22 11:44:47,237 - DEBUG - ag_ui_adk.adk_agent - Emitting event to queue: TextMessageContentEvent (thread 3cdee6da-c833-4872-bcfe-fa9459f0dd24, queue size before: 2)
2026-01-22 11:44:47,237 - DEBUG - ag_ui_adk.adk_agent - Event queued: TextMessageContentEvent (thread 3cdee6da-c833-4872-bcfe-fa9459f0dd24, queue size after: 3)
2026-01-22 11:44:47,237 - DEBUG - ag_ui_adk.adk_agent - Emitting event to queue: TextMessageContentEvent (thread 3cdee6da-c833-4872-bcfe-fa9459f0dd24, queue size before: 3)
2026-01-22 11:44:47,238 - DEBUG - ag_ui_adk.adk_agent - Event queued: TextMessageContentEvent (thread 3cdee6da-c833-4872-bcfe-fa9459f0dd24, queue size after: 4)
2026-01-22 11:44:47,238 - DEBUG - ag_ui_adk.adk_agent - Got event #205 from queue: TextMessageContentEvent (thread 3cdee6da-c833-4872-bcfe-fa9459f0dd24)
2026-01-22 11:44:47,238 - DEBUG - ag_ui_adk.adk_agent - Streaming event #205: TextMessageContentEvent (thread 3cdee6da-c833-4872-bcfe-fa9459f0dd24)
2026-01-22 11:44:47,238 - DEBUG - ag_ui_adk.adk_agent - Yielding event: TextMessageContentEvent
2026-01-22 11:44:47,238 - DEBUG - ag_ui_adk.endpoint - HTTP Response: data: {"type":"TEXT_MESSAGE_CONTENT","messageId":"89156c75-ce3e-42a4-b35b-f89b9c2aa537","delta":" },\n"}


2026-01-22 11:44:47,238 - DEBUG - ag_ui_adk.adk_agent - Waiting for event from queue (thread 3cdee6da-c833-4872-bcfe-fa9459f0dd24, queue size: 3)
2026-01-22 11:44:47,238 - DEBUG - ag_ui_adk.adk_agent - Got event #206 from queue: TextMessageContentEvent (thread 3cdee6da-c833-4872-bcfe-fa9459f0dd24)
2026-01-22 11:44:47,238 - DEBUG - ag_ui_adk.adk_agent - Streaming event #206: TextMessageContentEvent (thread 3cdee6da-c833-4872-bcfe-fa9459f0dd24)
2026-01-22 11:44:47,238 - DEBUG - ag_ui_adk.adk_agent - Yielding event: TextMessageContentEvent
2026-01-22 11:44:47,238 - DEBUG - ag_ui_adk.endpoint - HTTP Response: data: {"type":"TEXT_MESSAGE_CONTENT","messageId":"89156c75-ce3e-42a4-b35b-f89b9c2aa537","delta":"             "}


2026-01-22 11:44:47,238 - DEBUG - ag_ui_adk.adk_agent - Waiting for event from queue (thread 3cdee6da-c833-4872-bcfe-fa9459f0dd24, queue size: 2)
2026-01-22 11:44:47,238 - DEBUG - ag_ui_adk.adk_agent - Got event #207 from queue: TextMessageContentEvent (thread 3cdee6da-c833-4872-bcfe-fa9459f0dd24)
2026-01-22 11:44:47,238 - DEBUG - ag_ui_adk.adk_agent - Streaming event #207: TextMessageContentEvent (thread 3cdee6da-c833-4872-bcfe-fa9459f0dd24)
2026-01-22 11:44:47,238 - DEBUG - ag_ui_adk.adk_agent - Yielding event: TextMessageContentEvent
2026-01-22 11:44:47,238 - DEBUG - ag_ui_adk.endpoint - HTTP Response: data: {"type":"TEXT_MESSAGE_CONTENT","messageId":"89156c75-ce3e-42a4-b35b-f89b9c2aa537","delta":" \""}


2026-01-22 11:44:47,238 - DEBUG - ag_ui_adk.adk_agent - Waiting for event from queue (thread 3cdee6da-c833-4872-bcfe-fa9459f0dd24, queue size: 1)
2026-01-22 11:44:47,238 - DEBUG - ag_ui_adk.adk_agent - Got event #208 from queue: TextMessageContentEvent (thread 3cdee6da-c833-4872-bcfe-fa9459f0dd24)
2026-01-22 11:44:47,238 - DEBUG - ag_ui_adk.adk_agent - Streaming event #208: TextMessageContentEvent (thread 3cdee6da-c833-4872-bcfe-fa9459f0dd24)
2026-01-22 11:44:47,238 - DEBUG - ag_ui_adk.adk_agent - Yielding event: TextMessageContentEvent
2026-01-22 11:44:47,238 - DEBUG - ag_ui_adk.endpoint - HTTP Response: data: {"type":"TEXT_MESSAGE_CONTENT","messageId":"89156c75-ce3e-42a4-b35b-f89b9c2aa537","delta":"usage"}


2026-01-22 11:44:47,238 - DEBUG - ag_ui_adk.adk_agent - Waiting for event from queue (thread 3cdee6da-c833-4872-bcfe-fa9459f0dd24, queue size: 0)
2026-01-22 11:44:47,297 - DEBUG - ag_ui_adk.adk_agent - Emitting event to queue: TextMessageContentEvent (thread 3cdee6da-c833-4872-bcfe-fa9459f0dd24, queue size before: 0)
2026-01-22 11:44:47,297 - DEBUG - ag_ui_adk.adk_agent - Event queued: TextMessageContentEvent (thread 3cdee6da-c833-4872-bcfe-fa9459f0dd24, queue size after: 1)
2026-01-22 11:44:47,298 - DEBUG - ag_ui_adk.adk_agent - Emitting event to queue: TextMessageContentEvent (thread 3cdee6da-c833-4872-bcfe-fa9459f0dd24, queue size before: 1)
2026-01-22 11:44:47,298 - DEBUG - ag_ui_adk.adk_agent - Event queued: TextMessageContentEvent (thread 3cdee6da-c833-4872-bcfe-fa9459f0dd24, queue size after: 2)
2026-01-22 11:44:47,298 - DEBUG - ag_ui_adk.adk_agent - Got event #209 from queue: TextMessageContentEvent (thread 3cdee6da-c833-4872-bcfe-fa9459f0dd24)
2026-01-22 11:44:47,298 - DEBUG - ag_ui_adk.adk_agent - Streaming event #209: TextMessageContentEvent (thread 3cdee6da-c833-4872-bcfe-fa9459f0dd24)
2026-01-22 11:44:47,298 - DEBUG - ag_ui_adk.adk_agent - Yielding event: TextMessageContentEvent
2026-01-22 11:44:47,298 - DEBUG - ag_ui_adk.endpoint - HTTP Response: data: {"type":"TEXT_MESSAGE_CONTENT","messageId":"89156c75-ce3e-42a4-b35b-f89b9c2aa537","delta":"Hint"}


2026-01-22 11:44:47,298 - DEBUG - ag_ui_adk.adk_agent - Waiting for event from queue (thread 3cdee6da-c833-4872-bcfe-fa9459f0dd24, queue size: 1)
2026-01-22 11:44:47,298 - DEBUG - ag_ui_adk.adk_agent - Got event #210 from queue: TextMessageContentEvent (thread 3cdee6da-c833-4872-bcfe-fa9459f0dd24)
2026-01-22 11:44:47,298 - DEBUG - ag_ui_adk.adk_agent - Streaming event #210: TextMessageContentEvent (thread 3cdee6da-c833-4872-bcfe-fa9459f0dd24)
2026-01-22 11:44:47,298 - DEBUG - ag_ui_adk.adk_agent - Yielding event: TextMessageContentEvent
2026-01-22 11:44:47,298 - DEBUG - ag_ui_adk.endpoint - HTTP Response: data: {"type":"TEXT_MESSAGE_CONTENT","messageId":"89156c75-ce3e-42a4-b35b-f89b9c2aa537","delta":"\":"}


2026-01-22 11:44:47,298 - DEBUG - ag_ui_adk.adk_agent - Waiting for event from queue (thread 3cdee6da-c833-4872-bcfe-fa9459f0dd24, queue size: 0)
2026-01-22 11:44:47,367 - DEBUG - ag_ui_adk.adk_agent - Emitting event to queue: TextMessageContentEvent (thread 3cdee6da-c833-4872-bcfe-fa9459f0dd24, queue size before: 0)
2026-01-22 11:44:47,367 - DEBUG - ag_ui_adk.adk_agent - Event queued: TextMessageContentEvent (thread 3cdee6da-c833-4872-bcfe-fa9459f0dd24, queue size after: 1)
2026-01-22 11:44:47,368 - DEBUG - ag_ui_adk.adk_agent - Emitting event to queue: TextMessageContentEvent (thread 3cdee6da-c833-4872-bcfe-fa9459f0dd24, queue size before: 1)
2026-01-22 11:44:47,368 - DEBUG - ag_ui_adk.adk_agent - Event queued: TextMessageContentEvent (thread 3cdee6da-c833-4872-bcfe-fa9459f0dd24, queue size after: 2)
2026-01-22 11:44:47,368 - DEBUG - ag_ui_adk.adk_agent - Emitting event to queue: TextMessageContentEvent (thread 3cdee6da-c833-4872-bcfe-fa9459f0dd24, queue size before: 2)
2026-01-22 11:44:47,368 - DEBUG - ag_ui_adk.adk_agent - Event queued: TextMessageContentEvent (thread 3cdee6da-c833-4872-bcfe-fa9459f0dd24, queue size after: 3)
2026-01-22 11:44:47,369 - DEBUG - ag_ui_adk.adk_agent - Emitting event to queue: TextMessageContentEvent (thread 3cdee6da-c833-4872-bcfe-fa9459f0dd24, queue size before: 3)
2026-01-22 11:44:47,369 - DEBUG - ag_ui_adk.adk_agent - Event queued: TextMessageContentEvent (thread 3cdee6da-c833-4872-bcfe-fa9459f0dd24, queue size after: 4)
2026-01-22 11:44:47,369 - DEBUG - ag_ui_adk.adk_agent - Got event #211 from queue: TextMessageContentEvent (thread 3cdee6da-c833-4872-bcfe-fa9459f0dd24)
2026-01-22 11:44:47,369 - DEBUG - ag_ui_adk.adk_agent - Streaming event #211: TextMessageContentEvent (thread 3cdee6da-c833-4872-bcfe-fa9459f0dd24)
2026-01-22 11:44:47,369 - DEBUG - ag_ui_adk.adk_agent - Yielding event: TextMessageContentEvent
2026-01-22 11:44:47,369 - DEBUG - ag_ui_adk.endpoint - HTTP Response: data: {"type":"TEXT_MESSAGE_CONTENT","messageId":"89156c75-ce3e-42a4-b35b-f89b9c2aa537","delta":" \""}


2026-01-22 11:44:47,369 - DEBUG - ag_ui_adk.adk_agent - Waiting for event from queue (thread 3cdee6da-c833-4872-bcfe-fa9459f0dd24, queue size: 3)
2026-01-22 11:44:47,369 - DEBUG - ag_ui_adk.adk_agent - Got event #212 from queue: TextMessageContentEvent (thread 3cdee6da-c833-4872-bcfe-fa9459f0dd24)
2026-01-22 11:44:47,369 - DEBUG - ag_ui_adk.adk_agent - Streaming event #212: TextMessageContentEvent (thread 3cdee6da-c833-4872-bcfe-fa9459f0dd24)
2026-01-22 11:44:47,369 - DEBUG - ag_ui_adk.adk_agent - Yielding event: TextMessageContentEvent
2026-01-22 11:44:47,369 - DEBUG - ag_ui_adk.endpoint - HTTP Response: data: {"type":"TEXT_MESSAGE_CONTENT","messageId":"89156c75-ce3e-42a4-b35b-f89b9c2aa537","delta":"h"}


2026-01-22 11:44:47,369 - DEBUG - ag_ui_adk.adk_agent - Waiting for event from queue (thread 3cdee6da-c833-4872-bcfe-fa9459f0dd24, queue size: 2)
2026-01-22 11:44:47,369 - DEBUG - ag_ui_adk.adk_agent - Got event #213 from queue: TextMessageContentEvent (thread 3cdee6da-c833-4872-bcfe-fa9459f0dd24)
2026-01-22 11:44:47,369 - DEBUG - ag_ui_adk.adk_agent - Streaming event #213: TextMessageContentEvent (thread 3cdee6da-c833-4872-bcfe-fa9459f0dd24)
2026-01-22 11:44:47,369 - DEBUG - ag_ui_adk.adk_agent - Yielding event: TextMessageContentEvent
2026-01-22 11:44:47,369 - DEBUG - ag_ui_adk.endpoint - HTTP Response: data: {"type":"TEXT_MESSAGE_CONTENT","messageId":"89156c75-ce3e-42a4-b35b-f89b9c2aa537","delta":"2"}


2026-01-22 11:44:47,369 - DEBUG - ag_ui_adk.adk_agent - Waiting for event from queue (thread 3cdee6da-c833-4872-bcfe-fa9459f0dd24, queue size: 1)
2026-01-22 11:44:47,369 - DEBUG - ag_ui_adk.adk_agent - Got event #214 from queue: TextMessageContentEvent (thread 3cdee6da-c833-4872-bcfe-fa9459f0dd24)
2026-01-22 11:44:47,369 - DEBUG - ag_ui_adk.adk_agent - Streaming event #214: TextMessageContentEvent (thread 3cdee6da-c833-4872-bcfe-fa9459f0dd24)
2026-01-22 11:44:47,369 - DEBUG - ag_ui_adk.adk_agent - Yielding event: TextMessageContentEvent
2026-01-22 11:44:47,369 - DEBUG - ag_ui_adk.endpoint - HTTP Response: data: {"type":"TEXT_MESSAGE_CONTENT","messageId":"89156c75-ce3e-42a4-b35b-f89b9c2aa537","delta":"\"\n"}


2026-01-22 11:44:47,369 - DEBUG - ag_ui_adk.adk_agent - Waiting for event from queue (thread 3cdee6da-c833-4872-bcfe-fa9459f0dd24, queue size: 0)
2026-01-22 11:44:47,416 - DEBUG - ag_ui_adk.adk_agent - Emitting event to queue: TextMessageContentEvent (thread 3cdee6da-c833-4872-bcfe-fa9459f0dd24, queue size before: 0)
2026-01-22 11:44:47,416 - DEBUG - ag_ui_adk.adk_agent - Event queued: TextMessageContentEvent (thread 3cdee6da-c833-4872-bcfe-fa9459f0dd24, queue size after: 1)
2026-01-22 11:44:47,416 - DEBUG - ag_ui_adk.adk_agent - Emitting event to queue: TextMessageContentEvent (thread 3cdee6da-c833-4872-bcfe-fa9459f0dd24, queue size before: 1)
2026-01-22 11:44:47,416 - DEBUG - ag_ui_adk.adk_agent - Event queued: TextMessageContentEvent (thread 3cdee6da-c833-4872-bcfe-fa9459f0dd24, queue size after: 2)
2026-01-22 11:44:47,417 - DEBUG - ag_ui_adk.adk_agent - Emitting event to queue: TextMessageContentEvent (thread 3cdee6da-c833-4872-bcfe-fa9459f0dd24, queue size before: 2)
2026-01-22 11:44:47,417 - DEBUG - ag_ui_adk.adk_agent - Event queued: TextMessageContentEvent (thread 3cdee6da-c833-4872-bcfe-fa9459f0dd24, queue size after: 3)
2026-01-22 11:44:47,417 - DEBUG - ag_ui_adk.adk_agent - Emitting event to queue: TextMessageContentEvent (thread 3cdee6da-c833-4872-bcfe-fa9459f0dd24, queue size before: 3)
2026-01-22 11:44:47,417 - DEBUG - ag_ui_adk.adk_agent - Event queued: TextMessageContentEvent (thread 3cdee6da-c833-4872-bcfe-fa9459f0dd24, queue size after: 4)
2026-01-22 11:44:47,417 - DEBUG - ag_ui_adk.adk_agent - Got event #215 from queue: TextMessageContentEvent (thread 3cdee6da-c833-4872-bcfe-fa9459f0dd24)
2026-01-22 11:44:47,417 - DEBUG - ag_ui_adk.adk_agent - Streaming event #215: TextMessageContentEvent (thread 3cdee6da-c833-4872-bcfe-fa9459f0dd24)
2026-01-22 11:44:47,417 - DEBUG - ag_ui_adk.adk_agent - Yielding event: TextMessageContentEvent
2026-01-22 11:44:47,417 - DEBUG - ag_ui_adk.endpoint - HTTP Response: data: {"type":"TEXT_MESSAGE_CONTENT","messageId":"89156c75-ce3e-42a4-b35b-f89b9c2aa537","delta":"           "}


2026-01-22 11:44:47,418 - DEBUG - ag_ui_adk.adk_agent - Waiting for event from queue (thread 3cdee6da-c833-4872-bcfe-fa9459f0dd24, queue size: 3)
2026-01-22 11:44:47,418 - DEBUG - ag_ui_adk.adk_agent - Got event #216 from queue: TextMessageContentEvent (thread 3cdee6da-c833-4872-bcfe-fa9459f0dd24)
2026-01-22 11:44:47,418 - DEBUG - ag_ui_adk.adk_agent - Streaming event #216: TextMessageContentEvent (thread 3cdee6da-c833-4872-bcfe-fa9459f0dd24)
2026-01-22 11:44:47,418 - DEBUG - ag_ui_adk.adk_agent - Yielding event: TextMessageContentEvent
2026-01-22 11:44:47,418 - DEBUG - ag_ui_adk.endpoint - HTTP Response: data: {"type":"TEXT_MESSAGE_CONTENT","messageId":"89156c75-ce3e-42a4-b35b-f89b9c2aa537","delta":" }\n"}


2026-01-22 11:44:47,418 - DEBUG - ag_ui_adk.adk_agent - Waiting for event from queue (thread 3cdee6da-c833-4872-bcfe-fa9459f0dd24, queue size: 2)
2026-01-22 11:44:47,418 - DEBUG - ag_ui_adk.adk_agent - Got event #217 from queue: TextMessageContentEvent (thread 3cdee6da-c833-4872-bcfe-fa9459f0dd24)
2026-01-22 11:44:47,418 - DEBUG - ag_ui_adk.adk_agent - Streaming event #217: TextMessageContentEvent (thread 3cdee6da-c833-4872-bcfe-fa9459f0dd24)
2026-01-22 11:44:47,418 - DEBUG - ag_ui_adk.adk_agent - Yielding event: TextMessageContentEvent
2026-01-22 11:44:47,418 - DEBUG - ag_ui_adk.endpoint - HTTP Response: data: {"type":"TEXT_MESSAGE_CONTENT","messageId":"89156c75-ce3e-42a4-b35b-f89b9c2aa537","delta":"         "}


2026-01-22 11:44:47,418 - DEBUG - ag_ui_adk.adk_agent - Waiting for event from queue (thread 3cdee6da-c833-4872-bcfe-fa9459f0dd24, queue size: 1)
2026-01-22 11:44:47,418 - DEBUG - ag_ui_adk.adk_agent - Got event #218 from queue: TextMessageContentEvent (thread 3cdee6da-c833-4872-bcfe-fa9459f0dd24)
2026-01-22 11:44:47,418 - DEBUG - ag_ui_adk.adk_agent - Streaming event #218: TextMessageContentEvent (thread 3cdee6da-c833-4872-bcfe-fa9459f0dd24)
2026-01-22 11:44:47,418 - DEBUG - ag_ui_adk.adk_agent - Yielding event: TextMessageContentEvent
2026-01-22 11:44:47,418 - DEBUG - ag_ui_adk.endpoint - HTTP Response: data: {"type":"TEXT_MESSAGE_CONTENT","messageId":"89156c75-ce3e-42a4-b35b-f89b9c2aa537","delta":" }\n"}


2026-01-22 11:44:47,418 - DEBUG - ag_ui_adk.adk_agent - Waiting for event from queue (thread 3cdee6da-c833-4872-bcfe-fa9459f0dd24, queue size: 0)
2026-01-22 11:44:47,418 - DEBUG - ag_ui_adk.adk_agent - Emitting event to queue: TextMessageContentEvent (thread 3cdee6da-c833-4872-bcfe-fa9459f0dd24, queue size before: 0)
2026-01-22 11:44:47,418 - DEBUG - ag_ui_adk.adk_agent - Event queued: TextMessageContentEvent (thread 3cdee6da-c833-4872-bcfe-fa9459f0dd24, queue size after: 1)
2026-01-22 11:44:47,419 - DEBUG - ag_ui_adk.adk_agent - Emitting event to queue: TextMessageContentEvent (thread 3cdee6da-c833-4872-bcfe-fa9459f0dd24, queue size before: 1)
2026-01-22 11:44:47,419 - DEBUG - ag_ui_adk.adk_agent - Event queued: TextMessageContentEvent (thread 3cdee6da-c833-4872-bcfe-fa9459f0dd24, queue size after: 2)
2026-01-22 11:44:47,420 - DEBUG - ag_ui_adk.adk_agent - Emitting event to queue: TextMessageContentEvent (thread 3cdee6da-c833-4872-bcfe-fa9459f0dd24, queue size before: 2)
2026-01-22 11:44:47,420 - DEBUG - ag_ui_adk.adk_agent - Event queued: TextMessageContentEvent (thread 3cdee6da-c833-4872-bcfe-fa9459f0dd24, queue size after: 3)
2026-01-22 11:44:47,420 - DEBUG - ag_ui_adk.adk_agent - Emitting event to queue: TextMessageContentEvent (thread 3cdee6da-c833-4872-bcfe-fa9459f0dd24, queue size before: 3)
2026-01-22 11:44:47,420 - DEBUG - ag_ui_adk.adk_agent - Event queued: TextMessageContentEvent (thread 3cdee6da-c833-4872-bcfe-fa9459f0dd24, queue size after: 4)
2026-01-22 11:44:47,420 - DEBUG - ag_ui_adk.adk_agent - Got event #219 from queue: TextMessageContentEvent (thread 3cdee6da-c833-4872-bcfe-fa9459f0dd24)
2026-01-22 11:44:47,420 - DEBUG - ag_ui_adk.adk_agent - Streaming event #219: TextMessageContentEvent (thread 3cdee6da-c833-4872-bcfe-fa9459f0dd24)
2026-01-22 11:44:47,420 - DEBUG - ag_ui_adk.adk_agent - Yielding event: TextMessageContentEvent
2026-01-22 11:44:47,420 - DEBUG - ag_ui_adk.endpoint - HTTP Response: data: {"type":"TEXT_MESSAGE_CONTENT","messageId":"89156c75-ce3e-42a4-b35b-f89b9c2aa537","delta":"       "}


2026-01-22 11:44:47,420 - DEBUG - ag_ui_adk.adk_agent - Waiting for event from queue (thread 3cdee6da-c833-4872-bcfe-fa9459f0dd24, queue size: 3)
2026-01-22 11:44:47,420 - DEBUG - ag_ui_adk.adk_agent - Got event #220 from queue: TextMessageContentEvent (thread 3cdee6da-c833-4872-bcfe-fa9459f0dd24)
2026-01-22 11:44:47,420 - DEBUG - ag_ui_adk.adk_agent - Streaming event #220: TextMessageContentEvent (thread 3cdee6da-c833-4872-bcfe-fa9459f0dd24)
2026-01-22 11:44:47,420 - DEBUG - ag_ui_adk.adk_agent - Yielding event: TextMessageContentEvent
2026-01-22 11:44:47,420 - DEBUG - ag_ui_adk.endpoint - HTTP Response: data: {"type":"TEXT_MESSAGE_CONTENT","messageId":"89156c75-ce3e-42a4-b35b-f89b9c2aa537","delta":" },\n"}


2026-01-22 11:44:47,420 - DEBUG - ag_ui_adk.adk_agent - Waiting for event from queue (thread 3cdee6da-c833-4872-bcfe-fa9459f0dd24, queue size: 2)
2026-01-22 11:44:47,420 - DEBUG - ag_ui_adk.adk_agent - Got event #221 from queue: TextMessageContentEvent (thread 3cdee6da-c833-4872-bcfe-fa9459f0dd24)
2026-01-22 11:44:47,420 - DEBUG - ag_ui_adk.adk_agent - Streaming event #221: TextMessageContentEvent (thread 3cdee6da-c833-4872-bcfe-fa9459f0dd24)
2026-01-22 11:44:47,420 - DEBUG - ag_ui_adk.adk_agent - Yielding event: TextMessageContentEvent
2026-01-22 11:44:47,420 - DEBUG - ag_ui_adk.endpoint - HTTP Response: data: {"type":"TEXT_MESSAGE_CONTENT","messageId":"89156c75-ce3e-42a4-b35b-f89b9c2aa537","delta":"       "}


2026-01-22 11:44:47,420 - DEBUG - ag_ui_adk.adk_agent - Waiting for event from queue (thread 3cdee6da-c833-4872-bcfe-fa9459f0dd24, queue size: 1)
2026-01-22 11:44:47,420 - DEBUG - ag_ui_adk.adk_agent - Got event #222 from queue: TextMessageContentEvent (thread 3cdee6da-c833-4872-bcfe-fa9459f0dd24)
2026-01-22 11:44:47,420 - DEBUG - ag_ui_adk.adk_agent - Streaming event #222: TextMessageContentEvent (thread 3cdee6da-c833-4872-bcfe-fa9459f0dd24)
2026-01-22 11:44:47,420 - DEBUG - ag_ui_adk.adk_agent - Yielding event: TextMessageContentEvent
2026-01-22 11:44:47,420 - DEBUG - ag_ui_adk.endpoint - HTTP Response: data: {"type":"TEXT_MESSAGE_CONTENT","messageId":"89156c75-ce3e-42a4-b35b-f89b9c2aa537","delta":" {\n"}


2026-01-22 11:44:47,420 - DEBUG - ag_ui_adk.adk_agent - Waiting for event from queue (thread 3cdee6da-c833-4872-bcfe-fa9459f0dd24, queue size: 0)
2026-01-22 11:44:47,487 - DEBUG - ag_ui_adk.adk_agent - Emitting event to queue: TextMessageContentEvent (thread 3cdee6da-c833-4872-bcfe-fa9459f0dd24, queue size before: 0)
2026-01-22 11:44:47,487 - DEBUG - ag_ui_adk.adk_agent - Event queued: TextMessageContentEvent (thread 3cdee6da-c833-4872-bcfe-fa9459f0dd24, queue size after: 1)
2026-01-22 11:44:47,488 - DEBUG - ag_ui_adk.adk_agent - Emitting event to queue: TextMessageContentEvent (thread 3cdee6da-c833-4872-bcfe-fa9459f0dd24, queue size before: 1)
2026-01-22 11:44:47,488 - DEBUG - ag_ui_adk.adk_agent - Event queued: TextMessageContentEvent (thread 3cdee6da-c833-4872-bcfe-fa9459f0dd24, queue size after: 2)
2026-01-22 11:44:47,488 - DEBUG - ag_ui_adk.adk_agent - Emitting event to queue: TextMessageContentEvent (thread 3cdee6da-c833-4872-bcfe-fa9459f0dd24, queue size before: 2)
2026-01-22 11:44:47,488 - DEBUG - ag_ui_adk.adk_agent - Event queued: TextMessageContentEvent (thread 3cdee6da-c833-4872-bcfe-fa9459f0dd24, queue size after: 3)
2026-01-22 11:44:47,488 - DEBUG - ag_ui_adk.adk_agent - Emitting event to queue: TextMessageContentEvent (thread 3cdee6da-c833-4872-bcfe-fa9459f0dd24, queue size before: 3)
2026-01-22 11:44:47,489 - DEBUG - ag_ui_adk.adk_agent - Event queued: TextMessageContentEvent (thread 3cdee6da-c833-4872-bcfe-fa9459f0dd24, queue size after: 4)
2026-01-22 11:44:47,489 - DEBUG - ag_ui_adk.adk_agent - Got event #223 from queue: TextMessageContentEvent (thread 3cdee6da-c833-4872-bcfe-fa9459f0dd24)
2026-01-22 11:44:47,489 - DEBUG - ag_ui_adk.adk_agent - Streaming event #223: TextMessageContentEvent (thread 3cdee6da-c833-4872-bcfe-fa9459f0dd24)
2026-01-22 11:44:47,489 - DEBUG - ag_ui_adk.adk_agent - Yielding event: TextMessageContentEvent
2026-01-22 11:44:47,489 - DEBUG - ag_ui_adk.endpoint - HTTP Response: data: {"type":"TEXT_MESSAGE_CONTENT","messageId":"89156c75-ce3e-42a4-b35b-f89b9c2aa537","delta":"         "}


2026-01-22 11:44:47,489 - DEBUG - ag_ui_adk.adk_agent - Waiting for event from queue (thread 3cdee6da-c833-4872-bcfe-fa9459f0dd24, queue size: 3)
2026-01-22 11:44:47,489 - DEBUG - ag_ui_adk.adk_agent - Got event #224 from queue: TextMessageContentEvent (thread 3cdee6da-c833-4872-bcfe-fa9459f0dd24)
2026-01-22 11:44:47,489 - DEBUG - ag_ui_adk.adk_agent - Streaming event #224: TextMessageContentEvent (thread 3cdee6da-c833-4872-bcfe-fa9459f0dd24)
2026-01-22 11:44:47,489 - DEBUG - ag_ui_adk.adk_agent - Yielding event: TextMessageContentEvent
2026-01-22 11:44:47,489 - DEBUG - ag_ui_adk.endpoint - HTTP Response: data: {"type":"TEXT_MESSAGE_CONTENT","messageId":"89156c75-ce3e-42a4-b35b-f89b9c2aa537","delta":" \""}


2026-01-22 11:44:47,489 - DEBUG - ag_ui_adk.adk_agent - Waiting for event from queue (thread 3cdee6da-c833-4872-bcfe-fa9459f0dd24, queue size: 2)
2026-01-22 11:44:47,489 - DEBUG - ag_ui_adk.adk_agent - Got event #225 from queue: TextMessageContentEvent (thread 3cdee6da-c833-4872-bcfe-fa9459f0dd24)
2026-01-22 11:44:47,489 - DEBUG - ag_ui_adk.adk_agent - Streaming event #225: TextMessageContentEvent (thread 3cdee6da-c833-4872-bcfe-fa9459f0dd24)
2026-01-22 11:44:47,489 - DEBUG - ag_ui_adk.adk_agent - Yielding event: TextMessageContentEvent
2026-01-22 11:44:47,489 - DEBUG - ag_ui_adk.endpoint - HTTP Response: data: {"type":"TEXT_MESSAGE_CONTENT","messageId":"89156c75-ce3e-42a4-b35b-f89b9c2aa537","delta":"id"}


2026-01-22 11:44:47,489 - DEBUG - ag_ui_adk.adk_agent - Waiting for event from queue (thread 3cdee6da-c833-4872-bcfe-fa9459f0dd24, queue size: 1)
2026-01-22 11:44:47,489 - DEBUG - ag_ui_adk.adk_agent - Got event #226 from queue: TextMessageContentEvent (thread 3cdee6da-c833-4872-bcfe-fa9459f0dd24)
2026-01-22 11:44:47,489 - DEBUG - ag_ui_adk.adk_agent - Streaming event #226: TextMessageContentEvent (thread 3cdee6da-c833-4872-bcfe-fa9459f0dd24)
2026-01-22 11:44:47,489 - DEBUG - ag_ui_adk.adk_agent - Yielding event: TextMessageContentEvent
2026-01-22 11:44:47,489 - DEBUG - ag_ui_adk.endpoint - HTTP Response: data: {"type":"TEXT_MESSAGE_CONTENT","messageId":"89156c75-ce3e-42a4-b35b-f89b9c2aa537","delta":"\":"}


2026-01-22 11:44:47,489 - DEBUG - ag_ui_adk.adk_agent - Waiting for event from queue (thread 3cdee6da-c833-4872-bcfe-fa9459f0dd24, queue size: 0)
2026-01-22 11:44:47,547 - DEBUG - ag_ui_adk.adk_agent - Emitting event to queue: TextMessageContentEvent (thread 3cdee6da-c833-4872-bcfe-fa9459f0dd24, queue size before: 0)
2026-01-22 11:44:47,547 - DEBUG - ag_ui_adk.adk_agent - Event queued: TextMessageContentEvent (thread 3cdee6da-c833-4872-bcfe-fa9459f0dd24, queue size after: 1)
2026-01-22 11:44:47,548 - DEBUG - ag_ui_adk.adk_agent - Emitting event to queue: TextMessageContentEvent (thread 3cdee6da-c833-4872-bcfe-fa9459f0dd24, queue size before: 1)
2026-01-22 11:44:47,548 - DEBUG - ag_ui_adk.adk_agent - Event queued: TextMessageContentEvent (thread 3cdee6da-c833-4872-bcfe-fa9459f0dd24, queue size after: 2)
2026-01-22 11:44:47,548 - DEBUG - ag_ui_adk.adk_agent - Emitting event to queue: TextMessageContentEvent (thread 3cdee6da-c833-4872-bcfe-fa9459f0dd24, queue size before: 2)
2026-01-22 11:44:47,548 - DEBUG - ag_ui_adk.adk_agent - Event queued: TextMessageContentEvent (thread 3cdee6da-c833-4872-bcfe-fa9459f0dd24, queue size after: 3)
2026-01-22 11:44:47,549 - DEBUG - ag_ui_adk.adk_agent - Emitting event to queue: TextMessageContentEvent (thread 3cdee6da-c833-4872-bcfe-fa9459f0dd24, queue size before: 3)
2026-01-22 11:44:47,549 - DEBUG - ag_ui_adk.adk_agent - Event queued: TextMessageContentEvent (thread 3cdee6da-c833-4872-bcfe-fa9459f0dd24, queue size after: 4)
2026-01-22 11:44:47,549 - DEBUG - ag_ui_adk.adk_agent - Got event #227 from queue: TextMessageContentEvent (thread 3cdee6da-c833-4872-bcfe-fa9459f0dd24)
2026-01-22 11:44:47,549 - DEBUG - ag_ui_adk.adk_agent - Streaming event #227: TextMessageContentEvent (thread 3cdee6da-c833-4872-bcfe-fa9459f0dd24)
2026-01-22 11:44:47,549 - DEBUG - ag_ui_adk.adk_agent - Yielding event: TextMessageContentEvent
2026-01-22 11:44:47,549 - DEBUG - ag_ui_adk.endpoint - HTTP Response: data: {"type":"TEXT_MESSAGE_CONTENT","messageId":"89156c75-ce3e-42a4-b35b-f89b9c2aa537","delta":" \""}


2026-01-22 11:44:47,549 - DEBUG - ag_ui_adk.adk_agent - Waiting for event from queue (thread 3cdee6da-c833-4872-bcfe-fa9459f0dd24, queue size: 3)
2026-01-22 11:44:47,549 - DEBUG - ag_ui_adk.adk_agent - Got event #228 from queue: TextMessageContentEvent (thread 3cdee6da-c833-4872-bcfe-fa9459f0dd24)
2026-01-22 11:44:47,549 - DEBUG - ag_ui_adk.adk_agent - Streaming event #228: TextMessageContentEvent (thread 3cdee6da-c833-4872-bcfe-fa9459f0dd24)
2026-01-22 11:44:47,549 - DEBUG - ag_ui_adk.adk_agent - Yielding event: TextMessageContentEvent
2026-01-22 11:44:47,549 - DEBUG - ag_ui_adk.endpoint - HTTP Response: data: {"type":"TEXT_MESSAGE_CONTENT","messageId":"89156c75-ce3e-42a4-b35b-f89b9c2aa537","delta":"g"}


2026-01-22 11:44:47,549 - DEBUG - ag_ui_adk.adk_agent - Waiting for event from queue (thread 3cdee6da-c833-4872-bcfe-fa9459f0dd24, queue size: 2)
2026-01-22 11:44:47,549 - DEBUG - ag_ui_adk.adk_agent - Got event #229 from queue: TextMessageContentEvent (thread 3cdee6da-c833-4872-bcfe-fa9459f0dd24)
2026-01-22 11:44:47,549 - DEBUG - ag_ui_adk.adk_agent - Streaming event #229: TextMessageContentEvent (thread 3cdee6da-c833-4872-bcfe-fa9459f0dd24)
2026-01-22 11:44:47,549 - DEBUG - ag_ui_adk.adk_agent - Yielding event: TextMessageContentEvent
2026-01-22 11:44:47,549 - DEBUG - ag_ui_adk.endpoint - HTTP Response: data: {"type":"TEXT_MESSAGE_CONTENT","messageId":"89156c75-ce3e-42a4-b35b-f89b9c2aa537","delta":"reeting"}


2026-01-22 11:44:47,549 - DEBUG - ag_ui_adk.adk_agent - Waiting for event from queue (thread 3cdee6da-c833-4872-bcfe-fa9459f0dd24, queue size: 1)
2026-01-22 11:44:47,549 - DEBUG - ag_ui_adk.adk_agent - Got event #230 from queue: TextMessageContentEvent (thread 3cdee6da-c833-4872-bcfe-fa9459f0dd24)
2026-01-22 11:44:47,549 - DEBUG - ag_ui_adk.adk_agent - Streaming event #230: TextMessageContentEvent (thread 3cdee6da-c833-4872-bcfe-fa9459f0dd24)
2026-01-22 11:44:47,549 - DEBUG - ag_ui_adk.adk_agent - Yielding event: TextMessageContentEvent
2026-01-22 11:44:47,549 - DEBUG - ag_ui_adk.endpoint - HTTP Response: data: {"type":"TEXT_MESSAGE_CONTENT","messageId":"89156c75-ce3e-42a4-b35b-f89b9c2aa537","delta":"\",\n"}


2026-01-22 11:44:47,549 - DEBUG - ag_ui_adk.adk_agent - Waiting for event from queue (thread 3cdee6da-c833-4872-bcfe-fa9459f0dd24, queue size: 0)
2026-01-22 11:44:47,606 - DEBUG - ag_ui_adk.adk_agent - Emitting event to queue: TextMessageContentEvent (thread 3cdee6da-c833-4872-bcfe-fa9459f0dd24, queue size before: 0)
2026-01-22 11:44:47,606 - DEBUG - ag_ui_adk.adk_agent - Event queued: TextMessageContentEvent (thread 3cdee6da-c833-4872-bcfe-fa9459f0dd24, queue size after: 1)
2026-01-22 11:44:47,607 - DEBUG - ag_ui_adk.adk_agent - Emitting event to queue: TextMessageContentEvent (thread 3cdee6da-c833-4872-bcfe-fa9459f0dd24, queue size before: 1)
2026-01-22 11:44:47,607 - DEBUG - ag_ui_adk.adk_agent - Event queued: TextMessageContentEvent (thread 3cdee6da-c833-4872-bcfe-fa9459f0dd24, queue size after: 2)
2026-01-22 11:44:47,607 - DEBUG - ag_ui_adk.adk_agent - Emitting event to queue: TextMessageContentEvent (thread 3cdee6da-c833-4872-bcfe-fa9459f0dd24, queue size before: 2)
2026-01-22 11:44:47,607 - DEBUG - ag_ui_adk.adk_agent - Event queued: TextMessageContentEvent (thread 3cdee6da-c833-4872-bcfe-fa9459f0dd24, queue size after: 3)
2026-01-22 11:44:47,608 - DEBUG - ag_ui_adk.adk_agent - Emitting event to queue: TextMessageContentEvent (thread 3cdee6da-c833-4872-bcfe-fa9459f0dd24, queue size before: 3)
2026-01-22 11:44:47,608 - DEBUG - ag_ui_adk.adk_agent - Event queued: TextMessageContentEvent (thread 3cdee6da-c833-4872-bcfe-fa9459f0dd24, queue size after: 4)
2026-01-22 11:44:47,608 - DEBUG - ag_ui_adk.adk_agent - Got event #231 from queue: TextMessageContentEvent (thread 3cdee6da-c833-4872-bcfe-fa9459f0dd24)
2026-01-22 11:44:47,608 - DEBUG - ag_ui_adk.adk_agent - Streaming event #231: TextMessageContentEvent (thread 3cdee6da-c833-4872-bcfe-fa9459f0dd24)
2026-01-22 11:44:47,608 - DEBUG - ag_ui_adk.adk_agent - Yielding event: TextMessageContentEvent
2026-01-22 11:44:47,608 - DEBUG - ag_ui_adk.endpoint - HTTP Response: data: {"type":"TEXT_MESSAGE_CONTENT","messageId":"89156c75-ce3e-42a4-b35b-f89b9c2aa537","delta":"         "}


2026-01-22 11:44:47,608 - DEBUG - ag_ui_adk.adk_agent - Waiting for event from queue (thread 3cdee6da-c833-4872-bcfe-fa9459f0dd24, queue size: 3)
2026-01-22 11:44:47,608 - DEBUG - ag_ui_adk.adk_agent - Got event #232 from queue: TextMessageContentEvent (thread 3cdee6da-c833-4872-bcfe-fa9459f0dd24)
2026-01-22 11:44:47,608 - DEBUG - ag_ui_adk.adk_agent - Streaming event #232: TextMessageContentEvent (thread 3cdee6da-c833-4872-bcfe-fa9459f0dd24)
2026-01-22 11:44:47,608 - DEBUG - ag_ui_adk.adk_agent - Yielding event: TextMessageContentEvent
2026-01-22 11:44:47,608 - DEBUG - ag_ui_adk.endpoint - HTTP Response: data: {"type":"TEXT_MESSAGE_CONTENT","messageId":"89156c75-ce3e-42a4-b35b-f89b9c2aa537","delta":" \""}


2026-01-22 11:44:47,608 - DEBUG - ag_ui_adk.adk_agent - Waiting for event from queue (thread 3cdee6da-c833-4872-bcfe-fa9459f0dd24, queue size: 2)
2026-01-22 11:44:47,608 - DEBUG - ag_ui_adk.adk_agent - Got event #233 from queue: TextMessageContentEvent (thread 3cdee6da-c833-4872-bcfe-fa9459f0dd24)
2026-01-22 11:44:47,608 - DEBUG - ag_ui_adk.adk_agent - Streaming event #233: TextMessageContentEvent (thread 3cdee6da-c833-4872-bcfe-fa9459f0dd24)
2026-01-22 11:44:47,608 - DEBUG - ag_ui_adk.adk_agent - Yielding event: TextMessageContentEvent
2026-01-22 11:44:47,608 - DEBUG - ag_ui_adk.endpoint - HTTP Response: data: {"type":"TEXT_MESSAGE_CONTENT","messageId":"89156c75-ce3e-42a4-b35b-f89b9c2aa537","delta":"component"}


2026-01-22 11:44:47,608 - DEBUG - ag_ui_adk.adk_agent - Waiting for event from queue (thread 3cdee6da-c833-4872-bcfe-fa9459f0dd24, queue size: 1)
2026-01-22 11:44:47,608 - DEBUG - ag_ui_adk.adk_agent - Got event #234 from queue: TextMessageContentEvent (thread 3cdee6da-c833-4872-bcfe-fa9459f0dd24)
2026-01-22 11:44:47,608 - DEBUG - ag_ui_adk.adk_agent - Streaming event #234: TextMessageContentEvent (thread 3cdee6da-c833-4872-bcfe-fa9459f0dd24)
2026-01-22 11:44:47,608 - DEBUG - ag_ui_adk.adk_agent - Yielding event: TextMessageContentEvent
2026-01-22 11:44:47,608 - DEBUG - ag_ui_adk.endpoint - HTTP Response: data: {"type":"TEXT_MESSAGE_CONTENT","messageId":"89156c75-ce3e-42a4-b35b-f89b9c2aa537","delta":"\":"}


2026-01-22 11:44:47,608 - DEBUG - ag_ui_adk.adk_agent - Waiting for event from queue (thread 3cdee6da-c833-4872-bcfe-fa9459f0dd24, queue size: 0)
2026-01-22 11:44:47,654 - DEBUG - ag_ui_adk.adk_agent - Emitting event to queue: TextMessageContentEvent (thread 3cdee6da-c833-4872-bcfe-fa9459f0dd24, queue size before: 0)
2026-01-22 11:44:47,654 - DEBUG - ag_ui_adk.adk_agent - Event queued: TextMessageContentEvent (thread 3cdee6da-c833-4872-bcfe-fa9459f0dd24, queue size after: 1)
2026-01-22 11:44:47,654 - DEBUG - ag_ui_adk.adk_agent - Emitting event to queue: TextMessageContentEvent (thread 3cdee6da-c833-4872-bcfe-fa9459f0dd24, queue size before: 1)
2026-01-22 11:44:47,654 - DEBUG - ag_ui_adk.adk_agent - Event queued: TextMessageContentEvent (thread 3cdee6da-c833-4872-bcfe-fa9459f0dd24, queue size after: 2)
2026-01-22 11:44:47,655 - DEBUG - ag_ui_adk.adk_agent - Emitting event to queue: TextMessageContentEvent (thread 3cdee6da-c833-4872-bcfe-fa9459f0dd24, queue size before: 2)
2026-01-22 11:44:47,655 - DEBUG - ag_ui_adk.adk_agent - Event queued: TextMessageContentEvent (thread 3cdee6da-c833-4872-bcfe-fa9459f0dd24, queue size after: 3)
2026-01-22 11:44:47,655 - DEBUG - ag_ui_adk.adk_agent - Got event #235 from queue: TextMessageContentEvent (thread 3cdee6da-c833-4872-bcfe-fa9459f0dd24)
2026-01-22 11:44:47,655 - DEBUG - ag_ui_adk.adk_agent - Streaming event #235: TextMessageContentEvent (thread 3cdee6da-c833-4872-bcfe-fa9459f0dd24)
2026-01-22 11:44:47,655 - DEBUG - ag_ui_adk.adk_agent - Yielding event: TextMessageContentEvent
2026-01-22 11:44:47,655 - DEBUG - ag_ui_adk.endpoint - HTTP Response: data: {"type":"TEXT_MESSAGE_CONTENT","messageId":"89156c75-ce3e-42a4-b35b-f89b9c2aa537","delta":" {\n"}


2026-01-22 11:44:47,655 - DEBUG - ag_ui_adk.adk_agent - Waiting for event from queue (thread 3cdee6da-c833-4872-bcfe-fa9459f0dd24, queue size: 2)
2026-01-22 11:44:47,655 - DEBUG - ag_ui_adk.adk_agent - Got event #236 from queue: TextMessageContentEvent (thread 3cdee6da-c833-4872-bcfe-fa9459f0dd24)
2026-01-22 11:44:47,655 - DEBUG - ag_ui_adk.adk_agent - Streaming event #236: TextMessageContentEvent (thread 3cdee6da-c833-4872-bcfe-fa9459f0dd24)
2026-01-22 11:44:47,655 - DEBUG - ag_ui_adk.adk_agent - Yielding event: TextMessageContentEvent
2026-01-22 11:44:47,655 - DEBUG - ag_ui_adk.endpoint - HTTP Response: data: {"type":"TEXT_MESSAGE_CONTENT","messageId":"89156c75-ce3e-42a4-b35b-f89b9c2aa537","delta":"           "}


2026-01-22 11:44:47,655 - DEBUG - ag_ui_adk.adk_agent - Waiting for event from queue (thread 3cdee6da-c833-4872-bcfe-fa9459f0dd24, queue size: 1)
2026-01-22 11:44:47,655 - DEBUG - ag_ui_adk.adk_agent - Got event #237 from queue: TextMessageContentEvent (thread 3cdee6da-c833-4872-bcfe-fa9459f0dd24)
2026-01-22 11:44:47,655 - DEBUG - ag_ui_adk.adk_agent - Streaming event #237: TextMessageContentEvent (thread 3cdee6da-c833-4872-bcfe-fa9459f0dd24)
2026-01-22 11:44:47,655 - DEBUG - ag_ui_adk.adk_agent - Yielding event: TextMessageContentEvent
2026-01-22 11:44:47,655 - DEBUG - ag_ui_adk.endpoint - HTTP Response: data: {"type":"TEXT_MESSAGE_CONTENT","messageId":"89156c75-ce3e-42a4-b35b-f89b9c2aa537","delta":" \""}


2026-01-22 11:44:47,655 - DEBUG - ag_ui_adk.adk_agent - Waiting for event from queue (thread 3cdee6da-c833-4872-bcfe-fa9459f0dd24, queue size: 0)
2026-01-22 11:44:47,656 - DEBUG - ag_ui_adk.adk_agent - Emitting event to queue: TextMessageContentEvent (thread 3cdee6da-c833-4872-bcfe-fa9459f0dd24, queue size before: 0)
2026-01-22 11:44:47,656 - DEBUG - ag_ui_adk.adk_agent - Event queued: TextMessageContentEvent (thread 3cdee6da-c833-4872-bcfe-fa9459f0dd24, queue size after: 1)
2026-01-22 11:44:47,656 - DEBUG - ag_ui_adk.adk_agent - Emitting event to queue: TextMessageContentEvent (thread 3cdee6da-c833-4872-bcfe-fa9459f0dd24, queue size before: 1)
2026-01-22 11:44:47,657 - DEBUG - ag_ui_adk.adk_agent - Event queued: TextMessageContentEvent (thread 3cdee6da-c833-4872-bcfe-fa9459f0dd24, queue size after: 2)
2026-01-22 11:44:47,657 - DEBUG - ag_ui_adk.adk_agent - Emitting event to queue: TextMessageContentEvent (thread 3cdee6da-c833-4872-bcfe-fa9459f0dd24, queue size before: 2)
2026-01-22 11:44:47,657 - DEBUG - ag_ui_adk.adk_agent - Event queued: TextMessageContentEvent (thread 3cdee6da-c833-4872-bcfe-fa9459f0dd24, queue size after: 3)
2026-01-22 11:44:47,657 - DEBUG - ag_ui_adk.adk_agent - Emitting event to queue: TextMessageContentEvent (thread 3cdee6da-c833-4872-bcfe-fa9459f0dd24, queue size before: 3)
2026-01-22 11:44:47,657 - DEBUG - ag_ui_adk.adk_agent - Event queued: TextMessageContentEvent (thread 3cdee6da-c833-4872-bcfe-fa9459f0dd24, queue size after: 4)
2026-01-22 11:44:47,658 - DEBUG - ag_ui_adk.adk_agent - Emitting event to queue: TextMessageContentEvent (thread 3cdee6da-c833-4872-bcfe-fa9459f0dd24, queue size before: 4)
2026-01-22 11:44:47,658 - DEBUG - ag_ui_adk.adk_agent - Event queued: TextMessageContentEvent (thread 3cdee6da-c833-4872-bcfe-fa9459f0dd24, queue size after: 5)
2026-01-22 11:44:47,658 - DEBUG - ag_ui_adk.adk_agent - Got event #238 from queue: TextMessageContentEvent (thread 3cdee6da-c833-4872-bcfe-fa9459f0dd24)
2026-01-22 11:44:47,658 - DEBUG - ag_ui_adk.adk_agent - Streaming event #238: TextMessageContentEvent (thread 3cdee6da-c833-4872-bcfe-fa9459f0dd24)
2026-01-22 11:44:47,658 - DEBUG - ag_ui_adk.adk_agent - Yielding event: TextMessageContentEvent
2026-01-22 11:44:47,658 - DEBUG - ag_ui_adk.endpoint - HTTP Response: data: {"type":"TEXT_MESSAGE_CONTENT","messageId":"89156c75-ce3e-42a4-b35b-f89b9c2aa537","delta":"Text"}


2026-01-22 11:44:47,658 - DEBUG - ag_ui_adk.adk_agent - Waiting for event from queue (thread 3cdee6da-c833-4872-bcfe-fa9459f0dd24, queue size: 4)
2026-01-22 11:44:47,658 - DEBUG - ag_ui_adk.adk_agent - Got event #239 from queue: TextMessageContentEvent (thread 3cdee6da-c833-4872-bcfe-fa9459f0dd24)
2026-01-22 11:44:47,658 - DEBUG - ag_ui_adk.adk_agent - Streaming event #239: TextMessageContentEvent (thread 3cdee6da-c833-4872-bcfe-fa9459f0dd24)
2026-01-22 11:44:47,658 - DEBUG - ag_ui_adk.adk_agent - Yielding event: TextMessageContentEvent
2026-01-22 11:44:47,658 - DEBUG - ag_ui_adk.endpoint - HTTP Response: data: {"type":"TEXT_MESSAGE_CONTENT","messageId":"89156c75-ce3e-42a4-b35b-f89b9c2aa537","delta":"\":"}


2026-01-22 11:44:47,658 - DEBUG - ag_ui_adk.adk_agent - Waiting for event from queue (thread 3cdee6da-c833-4872-bcfe-fa9459f0dd24, queue size: 3)
2026-01-22 11:44:47,658 - DEBUG - ag_ui_adk.adk_agent - Got event #240 from queue: TextMessageContentEvent (thread 3cdee6da-c833-4872-bcfe-fa9459f0dd24)
2026-01-22 11:44:47,658 - DEBUG - ag_ui_adk.adk_agent - Streaming event #240: TextMessageContentEvent (thread 3cdee6da-c833-4872-bcfe-fa9459f0dd24)
2026-01-22 11:44:47,658 - DEBUG - ag_ui_adk.adk_agent - Yielding event: TextMessageContentEvent
2026-01-22 11:44:47,658 - DEBUG - ag_ui_adk.endpoint - HTTP Response: data: {"type":"TEXT_MESSAGE_CONTENT","messageId":"89156c75-ce3e-42a4-b35b-f89b9c2aa537","delta":" {\n"}


2026-01-22 11:44:47,658 - DEBUG - ag_ui_adk.adk_agent - Waiting for event from queue (thread 3cdee6da-c833-4872-bcfe-fa9459f0dd24, queue size: 2)
2026-01-22 11:44:47,658 - DEBUG - ag_ui_adk.adk_agent - Got event #241 from queue: TextMessageContentEvent (thread 3cdee6da-c833-4872-bcfe-fa9459f0dd24)
2026-01-22 11:44:47,658 - DEBUG - ag_ui_adk.adk_agent - Streaming event #241: TextMessageContentEvent (thread 3cdee6da-c833-4872-bcfe-fa9459f0dd24)
2026-01-22 11:44:47,658 - DEBUG - ag_ui_adk.adk_agent - Yielding event: TextMessageContentEvent
2026-01-22 11:44:47,658 - DEBUG - ag_ui_adk.endpoint - HTTP Response: data: {"type":"TEXT_MESSAGE_CONTENT","messageId":"89156c75-ce3e-42a4-b35b-f89b9c2aa537","delta":"             "}


2026-01-22 11:44:47,658 - DEBUG - ag_ui_adk.adk_agent - Waiting for event from queue (thread 3cdee6da-c833-4872-bcfe-fa9459f0dd24, queue size: 1)
2026-01-22 11:44:47,658 - DEBUG - ag_ui_adk.adk_agent - Got event #242 from queue: TextMessageContentEvent (thread 3cdee6da-c833-4872-bcfe-fa9459f0dd24)
2026-01-22 11:44:47,658 - DEBUG - ag_ui_adk.adk_agent - Streaming event #242: TextMessageContentEvent (thread 3cdee6da-c833-4872-bcfe-fa9459f0dd24)
2026-01-22 11:44:47,658 - DEBUG - ag_ui_adk.adk_agent - Yielding event: TextMessageContentEvent
2026-01-22 11:44:47,658 - DEBUG - ag_ui_adk.endpoint - HTTP Response: data: {"type":"TEXT_MESSAGE_CONTENT","messageId":"89156c75-ce3e-42a4-b35b-f89b9c2aa537","delta":" \""}


2026-01-22 11:44:47,658 - DEBUG - ag_ui_adk.adk_agent - Waiting for event from queue (thread 3cdee6da-c833-4872-bcfe-fa9459f0dd24, queue size: 0)
2026-01-22 11:44:47,717 - DEBUG - ag_ui_adk.adk_agent - Emitting event to queue: TextMessageContentEvent (thread 3cdee6da-c833-4872-bcfe-fa9459f0dd24, queue size before: 0)
2026-01-22 11:44:47,717 - DEBUG - ag_ui_adk.adk_agent - Event queued: TextMessageContentEvent (thread 3cdee6da-c833-4872-bcfe-fa9459f0dd24, queue size after: 1)
2026-01-22 11:44:47,718 - DEBUG - ag_ui_adk.adk_agent - Emitting event to queue: TextMessageContentEvent (thread 3cdee6da-c833-4872-bcfe-fa9459f0dd24, queue size before: 1)
2026-01-22 11:44:47,718 - DEBUG - ag_ui_adk.adk_agent - Event queued: TextMessageContentEvent (thread 3cdee6da-c833-4872-bcfe-fa9459f0dd24, queue size after: 2)
2026-01-22 11:44:47,718 - DEBUG - ag_ui_adk.adk_agent - Emitting event to queue: TextMessageContentEvent (thread 3cdee6da-c833-4872-bcfe-fa9459f0dd24, queue size before: 2)
2026-01-22 11:44:47,718 - DEBUG - ag_ui_adk.adk_agent - Event queued: TextMessageContentEvent (thread 3cdee6da-c833-4872-bcfe-fa9459f0dd24, queue size after: 3)
2026-01-22 11:44:47,719 - DEBUG - ag_ui_adk.adk_agent - Emitting event to queue: TextMessageContentEvent (thread 3cdee6da-c833-4872-bcfe-fa9459f0dd24, queue size before: 3)
2026-01-22 11:44:47,719 - DEBUG - ag_ui_adk.adk_agent - Event queued: TextMessageContentEvent (thread 3cdee6da-c833-4872-bcfe-fa9459f0dd24, queue size after: 4)
2026-01-22 11:44:47,719 - DEBUG - ag_ui_adk.adk_agent - Got event #243 from queue: TextMessageContentEvent (thread 3cdee6da-c833-4872-bcfe-fa9459f0dd24)
2026-01-22 11:44:47,719 - DEBUG - ag_ui_adk.adk_agent - Streaming event #243: TextMessageContentEvent (thread 3cdee6da-c833-4872-bcfe-fa9459f0dd24)
2026-01-22 11:44:47,719 - DEBUG - ag_ui_adk.adk_agent - Yielding event: TextMessageContentEvent
2026-01-22 11:44:47,719 - DEBUG - ag_ui_adk.endpoint - HTTP Response: data: {"type":"TEXT_MESSAGE_CONTENT","messageId":"89156c75-ce3e-42a4-b35b-f89b9c2aa537","delta":"text"}


2026-01-22 11:44:47,719 - DEBUG - ag_ui_adk.adk_agent - Waiting for event from queue (thread 3cdee6da-c833-4872-bcfe-fa9459f0dd24, queue size: 3)
2026-01-22 11:44:47,719 - DEBUG - ag_ui_adk.adk_agent - Got event #244 from queue: TextMessageContentEvent (thread 3cdee6da-c833-4872-bcfe-fa9459f0dd24)
2026-01-22 11:44:47,719 - DEBUG - ag_ui_adk.adk_agent - Streaming event #244: TextMessageContentEvent (thread 3cdee6da-c833-4872-bcfe-fa9459f0dd24)
2026-01-22 11:44:47,719 - DEBUG - ag_ui_adk.adk_agent - Yielding event: TextMessageContentEvent
2026-01-22 11:44:47,719 - DEBUG - ag_ui_adk.endpoint - HTTP Response: data: {"type":"TEXT_MESSAGE_CONTENT","messageId":"89156c75-ce3e-42a4-b35b-f89b9c2aa537","delta":"\":"}


2026-01-22 11:44:47,719 - DEBUG - ag_ui_adk.adk_agent - Waiting for event from queue (thread 3cdee6da-c833-4872-bcfe-fa9459f0dd24, queue size: 2)
2026-01-22 11:44:47,720 - DEBUG - ag_ui_adk.adk_agent - Got event #245 from queue: TextMessageContentEvent (thread 3cdee6da-c833-4872-bcfe-fa9459f0dd24)
2026-01-22 11:44:47,720 - DEBUG - ag_ui_adk.adk_agent - Streaming event #245: TextMessageContentEvent (thread 3cdee6da-c833-4872-bcfe-fa9459f0dd24)
2026-01-22 11:44:47,720 - DEBUG - ag_ui_adk.adk_agent - Yielding event: TextMessageContentEvent
2026-01-22 11:44:47,720 - DEBUG - ag_ui_adk.endpoint - HTTP Response: data: {"type":"TEXT_MESSAGE_CONTENT","messageId":"89156c75-ce3e-42a4-b35b-f89b9c2aa537","delta":" {\n"}


2026-01-22 11:44:47,720 - DEBUG - ag_ui_adk.adk_agent - Waiting for event from queue (thread 3cdee6da-c833-4872-bcfe-fa9459f0dd24, queue size: 1)
2026-01-22 11:44:47,720 - DEBUG - ag_ui_adk.adk_agent - Got event #246 from queue: TextMessageContentEvent (thread 3cdee6da-c833-4872-bcfe-fa9459f0dd24)
2026-01-22 11:44:47,720 - DEBUG - ag_ui_adk.adk_agent - Streaming event #246: TextMessageContentEvent (thread 3cdee6da-c833-4872-bcfe-fa9459f0dd24)
2026-01-22 11:44:47,720 - DEBUG - ag_ui_adk.adk_agent - Yielding event: TextMessageContentEvent
2026-01-22 11:44:47,720 - DEBUG - ag_ui_adk.endpoint - HTTP Response: data: {"type":"TEXT_MESSAGE_CONTENT","messageId":"89156c75-ce3e-42a4-b35b-f89b9c2aa537","delta":"               "}


2026-01-22 11:44:47,720 - DEBUG - ag_ui_adk.adk_agent - Waiting for event from queue (thread 3cdee6da-c833-4872-bcfe-fa9459f0dd24, queue size: 0)
2026-01-22 11:44:47,782 - DEBUG - ag_ui_adk.adk_agent - Emitting event to queue: TextMessageContentEvent (thread 3cdee6da-c833-4872-bcfe-fa9459f0dd24, queue size before: 0)
2026-01-22 11:44:47,783 - DEBUG - ag_ui_adk.adk_agent - Event queued: TextMessageContentEvent (thread 3cdee6da-c833-4872-bcfe-fa9459f0dd24, queue size after: 1)
2026-01-22 11:44:47,783 - DEBUG - ag_ui_adk.adk_agent - Emitting event to queue: TextMessageContentEvent (thread 3cdee6da-c833-4872-bcfe-fa9459f0dd24, queue size before: 1)
2026-01-22 11:44:47,783 - DEBUG - ag_ui_adk.adk_agent - Event queued: TextMessageContentEvent (thread 3cdee6da-c833-4872-bcfe-fa9459f0dd24, queue size after: 2)
2026-01-22 11:44:47,784 - DEBUG - ag_ui_adk.adk_agent - Emitting event to queue: TextMessageContentEvent (thread 3cdee6da-c833-4872-bcfe-fa9459f0dd24, queue size before: 2)
2026-01-22 11:44:47,784 - DEBUG - ag_ui_adk.adk_agent - Event queued: TextMessageContentEvent (thread 3cdee6da-c833-4872-bcfe-fa9459f0dd24, queue size after: 3)
2026-01-22 11:44:47,784 - DEBUG - ag_ui_adk.adk_agent - Emitting event to queue: TextMessageContentEvent (thread 3cdee6da-c833-4872-bcfe-fa9459f0dd24, queue size before: 3)
2026-01-22 11:44:47,784 - DEBUG - ag_ui_adk.adk_agent - Event queued: TextMessageContentEvent (thread 3cdee6da-c833-4872-bcfe-fa9459f0dd24, queue size after: 4)
2026-01-22 11:44:47,784 - DEBUG - ag_ui_adk.adk_agent - Got event #247 from queue: TextMessageContentEvent (thread 3cdee6da-c833-4872-bcfe-fa9459f0dd24)
2026-01-22 11:44:47,784 - DEBUG - ag_ui_adk.adk_agent - Streaming event #247: TextMessageContentEvent (thread 3cdee6da-c833-4872-bcfe-fa9459f0dd24)
2026-01-22 11:44:47,784 - DEBUG - ag_ui_adk.adk_agent - Yielding event: TextMessageContentEvent
2026-01-22 11:44:47,784 - DEBUG - ag_ui_adk.endpoint - HTTP Response: data: {"type":"TEXT_MESSAGE_CONTENT","messageId":"89156c75-ce3e-42a4-b35b-f89b9c2aa537","delta":" \""}


2026-01-22 11:44:47,784 - DEBUG - ag_ui_adk.adk_agent - Waiting for event from queue (thread 3cdee6da-c833-4872-bcfe-fa9459f0dd24, queue size: 3)
2026-01-22 11:44:47,784 - DEBUG - ag_ui_adk.adk_agent - Got event #248 from queue: TextMessageContentEvent (thread 3cdee6da-c833-4872-bcfe-fa9459f0dd24)
2026-01-22 11:44:47,784 - DEBUG - ag_ui_adk.adk_agent - Streaming event #248: TextMessageContentEvent (thread 3cdee6da-c833-4872-bcfe-fa9459f0dd24)
2026-01-22 11:44:47,784 - DEBUG - ag_ui_adk.adk_agent - Yielding event: TextMessageContentEvent
2026-01-22 11:44:47,784 - DEBUG - ag_ui_adk.endpoint - HTTP Response: data: {"type":"TEXT_MESSAGE_CONTENT","messageId":"89156c75-ce3e-42a4-b35b-f89b9c2aa537","delta":"literal"}


2026-01-22 11:44:47,784 - DEBUG - ag_ui_adk.adk_agent - Waiting for event from queue (thread 3cdee6da-c833-4872-bcfe-fa9459f0dd24, queue size: 2)
2026-01-22 11:44:47,784 - DEBUG - ag_ui_adk.adk_agent - Got event #249 from queue: TextMessageContentEvent (thread 3cdee6da-c833-4872-bcfe-fa9459f0dd24)
2026-01-22 11:44:47,784 - DEBUG - ag_ui_adk.adk_agent - Streaming event #249: TextMessageContentEvent (thread 3cdee6da-c833-4872-bcfe-fa9459f0dd24)
2026-01-22 11:44:47,784 - DEBUG - ag_ui_adk.adk_agent - Yielding event: TextMessageContentEvent
2026-01-22 11:44:47,784 - DEBUG - ag_ui_adk.endpoint - HTTP Response: data: {"type":"TEXT_MESSAGE_CONTENT","messageId":"89156c75-ce3e-42a4-b35b-f89b9c2aa537","delta":"String"}


2026-01-22 11:44:47,784 - DEBUG - ag_ui_adk.adk_agent - Waiting for event from queue (thread 3cdee6da-c833-4872-bcfe-fa9459f0dd24, queue size: 1)
2026-01-22 11:44:47,784 - DEBUG - ag_ui_adk.adk_agent - Got event #250 from queue: TextMessageContentEvent (thread 3cdee6da-c833-4872-bcfe-fa9459f0dd24)
2026-01-22 11:44:47,784 - DEBUG - ag_ui_adk.adk_agent - Streaming event #250: TextMessageContentEvent (thread 3cdee6da-c833-4872-bcfe-fa9459f0dd24)
2026-01-22 11:44:47,784 - DEBUG - ag_ui_adk.adk_agent - Yielding event: TextMessageContentEvent
2026-01-22 11:44:47,784 - DEBUG - ag_ui_adk.endpoint - HTTP Response: data: {"type":"TEXT_MESSAGE_CONTENT","messageId":"89156c75-ce3e-42a4-b35b-f89b9c2aa537","delta":"\":"}


2026-01-22 11:44:47,784 - DEBUG - ag_ui_adk.adk_agent - Waiting for event from queue (thread 3cdee6da-c833-4872-bcfe-fa9459f0dd24, queue size: 0)
2026-01-22 11:44:47,838 - DEBUG - ag_ui_adk.adk_agent - Emitting event to queue: TextMessageContentEvent (thread 3cdee6da-c833-4872-bcfe-fa9459f0dd24, queue size before: 0)
2026-01-22 11:44:47,838 - DEBUG - ag_ui_adk.adk_agent - Event queued: TextMessageContentEvent (thread 3cdee6da-c833-4872-bcfe-fa9459f0dd24, queue size after: 1)
2026-01-22 11:44:47,839 - DEBUG - ag_ui_adk.adk_agent - Emitting event to queue: TextMessageContentEvent (thread 3cdee6da-c833-4872-bcfe-fa9459f0dd24, queue size before: 1)
2026-01-22 11:44:47,839 - DEBUG - ag_ui_adk.adk_agent - Event queued: TextMessageContentEvent (thread 3cdee6da-c833-4872-bcfe-fa9459f0dd24, queue size after: 2)
2026-01-22 11:44:47,839 - DEBUG - ag_ui_adk.adk_agent - Emitting event to queue: TextMessageContentEvent (thread 3cdee6da-c833-4872-bcfe-fa9459f0dd24, queue size before: 2)
2026-01-22 11:44:47,839 - DEBUG - ag_ui_adk.adk_agent - Event queued: TextMessageContentEvent (thread 3cdee6da-c833-4872-bcfe-fa9459f0dd24, queue size after: 3)
2026-01-22 11:44:47,840 - DEBUG - ag_ui_adk.adk_agent - Emitting event to queue: TextMessageContentEvent (thread 3cdee6da-c833-4872-bcfe-fa9459f0dd24, queue size before: 3)
2026-01-22 11:44:47,840 - DEBUG - ag_ui_adk.adk_agent - Event queued: TextMessageContentEvent (thread 3cdee6da-c833-4872-bcfe-fa9459f0dd24, queue size after: 4)
2026-01-22 11:44:47,840 - DEBUG - ag_ui_adk.adk_agent - Got event #251 from queue: TextMessageContentEvent (thread 3cdee6da-c833-4872-bcfe-fa9459f0dd24)
2026-01-22 11:44:47,840 - DEBUG - ag_ui_adk.adk_agent - Streaming event #251: TextMessageContentEvent (thread 3cdee6da-c833-4872-bcfe-fa9459f0dd24)
2026-01-22 11:44:47,840 - DEBUG - ag_ui_adk.adk_agent - Yielding event: TextMessageContentEvent
2026-01-22 11:44:47,840 - DEBUG - ag_ui_adk.endpoint - HTTP Response: data: {"type":"TEXT_MESSAGE_CONTENT","messageId":"89156c75-ce3e-42a4-b35b-f89b9c2aa537","delta":" \""}


2026-01-22 11:44:47,840 - DEBUG - ag_ui_adk.adk_agent - Waiting for event from queue (thread 3cdee6da-c833-4872-bcfe-fa9459f0dd24, queue size: 3)
2026-01-22 11:44:47,840 - DEBUG - ag_ui_adk.adk_agent - Got event #252 from queue: TextMessageContentEvent (thread 3cdee6da-c833-4872-bcfe-fa9459f0dd24)
2026-01-22 11:44:47,840 - DEBUG - ag_ui_adk.adk_agent - Streaming event #252: TextMessageContentEvent (thread 3cdee6da-c833-4872-bcfe-fa9459f0dd24)
2026-01-22 11:44:47,840 - DEBUG - ag_ui_adk.adk_agent - Yielding event: TextMessageContentEvent
2026-01-22 11:44:47,840 - DEBUG - ag_ui_adk.endpoint - HTTP Response: data: {"type":"TEXT_MESSAGE_CONTENT","messageId":"89156c75-ce3e-42a4-b35b-f89b9c2aa537","delta":"Hello"}


2026-01-22 11:44:47,840 - DEBUG - ag_ui_adk.adk_agent - Waiting for event from queue (thread 3cdee6da-c833-4872-bcfe-fa9459f0dd24, queue size: 2)
2026-01-22 11:44:47,840 - DEBUG - ag_ui_adk.adk_agent - Got event #253 from queue: TextMessageContentEvent (thread 3cdee6da-c833-4872-bcfe-fa9459f0dd24)
2026-01-22 11:44:47,840 - DEBUG - ag_ui_adk.adk_agent - Streaming event #253: TextMessageContentEvent (thread 3cdee6da-c833-4872-bcfe-fa9459f0dd24)
2026-01-22 11:44:47,840 - DEBUG - ag_ui_adk.adk_agent - Yielding event: TextMessageContentEvent
2026-01-22 11:44:47,840 - DEBUG - ag_ui_adk.endpoint - HTTP Response: data: {"type":"TEXT_MESSAGE_CONTENT","messageId":"89156c75-ce3e-42a4-b35b-f89b9c2aa537","delta":"!"}


2026-01-22 11:44:47,840 - DEBUG - ag_ui_adk.adk_agent - Waiting for event from queue (thread 3cdee6da-c833-4872-bcfe-fa9459f0dd24, queue size: 1)
2026-01-22 11:44:47,840 - DEBUG - ag_ui_adk.adk_agent - Got event #254 from queue: TextMessageContentEvent (thread 3cdee6da-c833-4872-bcfe-fa9459f0dd24)
2026-01-22 11:44:47,840 - DEBUG - ag_ui_adk.adk_agent - Streaming event #254: TextMessageContentEvent (thread 3cdee6da-c833-4872-bcfe-fa9459f0dd24)
2026-01-22 11:44:47,840 - DEBUG - ag_ui_adk.adk_agent - Yielding event: TextMessageContentEvent
2026-01-22 11:44:47,840 - DEBUG - ag_ui_adk.endpoint - HTTP Response: data: {"type":"TEXT_MESSAGE_CONTENT","messageId":"89156c75-ce3e-42a4-b35b-f89b9c2aa537","delta":" W"}


2026-01-22 11:44:47,840 - DEBUG - ag_ui_adk.adk_agent - Waiting for event from queue (thread 3cdee6da-c833-4872-bcfe-fa9459f0dd24, queue size: 0)
2026-01-22 11:44:47,884 - DEBUG - ag_ui_adk.adk_agent - Emitting event to queue: TextMessageContentEvent (thread 3cdee6da-c833-4872-bcfe-fa9459f0dd24, queue size before: 0)
2026-01-22 11:44:47,884 - DEBUG - ag_ui_adk.adk_agent - Event queued: TextMessageContentEvent (thread 3cdee6da-c833-4872-bcfe-fa9459f0dd24, queue size after: 1)
2026-01-22 11:44:47,884 - DEBUG - ag_ui_adk.adk_agent - Emitting event to queue: TextMessageContentEvent (thread 3cdee6da-c833-4872-bcfe-fa9459f0dd24, queue size before: 1)
2026-01-22 11:44:47,884 - DEBUG - ag_ui_adk.adk_agent - Event queued: TextMessageContentEvent (thread 3cdee6da-c833-4872-bcfe-fa9459f0dd24, queue size after: 2)
2026-01-22 11:44:47,885 - DEBUG - ag_ui_adk.adk_agent - Emitting event to queue: TextMessageContentEvent (thread 3cdee6da-c833-4872-bcfe-fa9459f0dd24, queue size before: 2)
2026-01-22 11:44:47,885 - DEBUG - ag_ui_adk.adk_agent - Event queued: TextMessageContentEvent (thread 3cdee6da-c833-4872-bcfe-fa9459f0dd24, queue size after: 3)
2026-01-22 11:44:47,885 - DEBUG - ag_ui_adk.adk_agent - Emitting event to queue: TextMessageContentEvent (thread 3cdee6da-c833-4872-bcfe-fa9459f0dd24, queue size before: 3)
2026-01-22 11:44:47,885 - DEBUG - ag_ui_adk.adk_agent - Event queued: TextMessageContentEvent (thread 3cdee6da-c833-4872-bcfe-fa9459f0dd24, queue size after: 4)
2026-01-22 11:44:47,885 - DEBUG - ag_ui_adk.adk_agent - Got event #255 from queue: TextMessageContentEvent (thread 3cdee6da-c833-4872-bcfe-fa9459f0dd24)
2026-01-22 11:44:47,885 - DEBUG - ag_ui_adk.adk_agent - Streaming event #255: TextMessageContentEvent (thread 3cdee6da-c833-4872-bcfe-fa9459f0dd24)
2026-01-22 11:44:47,885 - DEBUG - ag_ui_adk.adk_agent - Yielding event: TextMessageContentEvent
2026-01-22 11:44:47,885 - DEBUG - ag_ui_adk.endpoint - HTTP Response: data: {"type":"TEXT_MESSAGE_CONTENT","messageId":"89156c75-ce3e-42a4-b35b-f89b9c2aa537","delta":"ishing"}


2026-01-22 11:44:47,885 - DEBUG - ag_ui_adk.adk_agent - Waiting for event from queue (thread 3cdee6da-c833-4872-bcfe-fa9459f0dd24, queue size: 3)
2026-01-22 11:44:47,885 - DEBUG - ag_ui_adk.adk_agent - Got event #256 from queue: TextMessageContentEvent (thread 3cdee6da-c833-4872-bcfe-fa9459f0dd24)
2026-01-22 11:44:47,885 - DEBUG - ag_ui_adk.adk_agent - Streaming event #256: TextMessageContentEvent (thread 3cdee6da-c833-4872-bcfe-fa9459f0dd24)
2026-01-22 11:44:47,885 - DEBUG - ag_ui_adk.adk_agent - Yielding event: TextMessageContentEvent
2026-01-22 11:44:47,885 - DEBUG - ag_ui_adk.endpoint - HTTP Response: data: {"type":"TEXT_MESSAGE_CONTENT","messageId":"89156c75-ce3e-42a4-b35b-f89b9c2aa537","delta":" you"}


2026-01-22 11:44:47,885 - DEBUG - ag_ui_adk.adk_agent - Waiting for event from queue (thread 3cdee6da-c833-4872-bcfe-fa9459f0dd24, queue size: 2)
2026-01-22 11:44:47,886 - DEBUG - ag_ui_adk.adk_agent - Got event #257 from queue: TextMessageContentEvent (thread 3cdee6da-c833-4872-bcfe-fa9459f0dd24)
2026-01-22 11:44:47,886 - DEBUG - ag_ui_adk.adk_agent - Streaming event #257: TextMessageContentEvent (thread 3cdee6da-c833-4872-bcfe-fa9459f0dd24)
2026-01-22 11:44:47,886 - DEBUG - ag_ui_adk.adk_agent - Yielding event: TextMessageContentEvent
2026-01-22 11:44:47,886 - DEBUG - ag_ui_adk.endpoint - HTTP Response: data: {"type":"TEXT_MESSAGE_CONTENT","messageId":"89156c75-ce3e-42a4-b35b-f89b9c2aa537","delta":" a"}


2026-01-22 11:44:47,886 - DEBUG - ag_ui_adk.adk_agent - Waiting for event from queue (thread 3cdee6da-c833-4872-bcfe-fa9459f0dd24, queue size: 1)
2026-01-22 11:44:47,886 - DEBUG - ag_ui_adk.adk_agent - Got event #258 from queue: TextMessageContentEvent (thread 3cdee6da-c833-4872-bcfe-fa9459f0dd24)
2026-01-22 11:44:47,886 - DEBUG - ag_ui_adk.adk_agent - Streaming event #258: TextMessageContentEvent (thread 3cdee6da-c833-4872-bcfe-fa9459f0dd24)
2026-01-22 11:44:47,886 - DEBUG - ag_ui_adk.adk_agent - Yielding event: TextMessageContentEvent
2026-01-22 11:44:47,886 - DEBUG - ag_ui_adk.endpoint - HTTP Response: data: {"type":"TEXT_MESSAGE_CONTENT","messageId":"89156c75-ce3e-42a4-b35b-f89b9c2aa537","delta":" wonderful"}


2026-01-22 11:44:47,886 - DEBUG - ag_ui_adk.adk_agent - Waiting for event from queue (thread 3cdee6da-c833-4872-bcfe-fa9459f0dd24, queue size: 0)
2026-01-22 11:44:47,886 - DEBUG - ag_ui_adk.adk_agent - Emitting event to queue: TextMessageContentEvent (thread 3cdee6da-c833-4872-bcfe-fa9459f0dd24, queue size before: 0)
2026-01-22 11:44:47,887 - DEBUG - ag_ui_adk.adk_agent - Event queued: TextMessageContentEvent (thread 3cdee6da-c833-4872-bcfe-fa9459f0dd24, queue size after: 1)
2026-01-22 11:44:47,887 - DEBUG - ag_ui_adk.adk_agent - Emitting event to queue: TextMessageContentEvent (thread 3cdee6da-c833-4872-bcfe-fa9459f0dd24, queue size before: 1)
2026-01-22 11:44:47,887 - DEBUG - ag_ui_adk.adk_agent - Event queued: TextMessageContentEvent (thread 3cdee6da-c833-4872-bcfe-fa9459f0dd24, queue size after: 2)
2026-01-22 11:44:47,888 - DEBUG - ag_ui_adk.adk_agent - Emitting event to queue: TextMessageContentEvent (thread 3cdee6da-c833-4872-bcfe-fa9459f0dd24, queue size before: 2)
2026-01-22 11:44:47,888 - DEBUG - ag_ui_adk.adk_agent - Event queued: TextMessageContentEvent (thread 3cdee6da-c833-4872-bcfe-fa9459f0dd24, queue size after: 3)
2026-01-22 11:44:47,888 - DEBUG - ag_ui_adk.adk_agent - Got event #259 from queue: TextMessageContentEvent (thread 3cdee6da-c833-4872-bcfe-fa9459f0dd24)
2026-01-22 11:44:47,888 - DEBUG - ag_ui_adk.adk_agent - Streaming event #259: TextMessageContentEvent (thread 3cdee6da-c833-4872-bcfe-fa9459f0dd24)
2026-01-22 11:44:47,888 - DEBUG - ag_ui_adk.adk_agent - Yielding event: TextMessageContentEvent
2026-01-22 11:44:47,888 - DEBUG - ag_ui_adk.endpoint - HTTP Response: data: {"type":"TEXT_MESSAGE_CONTENT","messageId":"89156c75-ce3e-42a4-b35b-f89b9c2aa537","delta":" day"}


2026-01-22 11:44:47,888 - DEBUG - ag_ui_adk.adk_agent - Waiting for event from queue (thread 3cdee6da-c833-4872-bcfe-fa9459f0dd24, queue size: 2)
2026-01-22 11:44:47,888 - DEBUG - ag_ui_adk.adk_agent - Got event #260 from queue: TextMessageContentEvent (thread 3cdee6da-c833-4872-bcfe-fa9459f0dd24)
2026-01-22 11:44:47,888 - DEBUG - ag_ui_adk.adk_agent - Streaming event #260: TextMessageContentEvent (thread 3cdee6da-c833-4872-bcfe-fa9459f0dd24)
2026-01-22 11:44:47,888 - DEBUG - ag_ui_adk.adk_agent - Yielding event: TextMessageContentEvent
2026-01-22 11:44:47,888 - DEBUG - ag_ui_adk.endpoint - HTTP Response: data: {"type":"TEXT_MESSAGE_CONTENT","messageId":"89156c75-ce3e-42a4-b35b-f89b9c2aa537","delta":"!\"\n"}


2026-01-22 11:44:47,888 - DEBUG - ag_ui_adk.adk_agent - Waiting for event from queue (thread 3cdee6da-c833-4872-bcfe-fa9459f0dd24, queue size: 1)
2026-01-22 11:44:47,888 - DEBUG - ag_ui_adk.adk_agent - Got event #261 from queue: TextMessageContentEvent (thread 3cdee6da-c833-4872-bcfe-fa9459f0dd24)
2026-01-22 11:44:47,888 - DEBUG - ag_ui_adk.adk_agent - Streaming event #261: TextMessageContentEvent (thread 3cdee6da-c833-4872-bcfe-fa9459f0dd24)
2026-01-22 11:44:47,888 - DEBUG - ag_ui_adk.adk_agent - Yielding event: TextMessageContentEvent
2026-01-22 11:44:47,888 - DEBUG - ag_ui_adk.endpoint - HTTP Response: data: {"type":"TEXT_MESSAGE_CONTENT","messageId":"89156c75-ce3e-42a4-b35b-f89b9c2aa537","delta":"             "}


2026-01-22 11:44:47,888 - DEBUG - ag_ui_adk.adk_agent - Waiting for event from queue (thread 3cdee6da-c833-4872-bcfe-fa9459f0dd24, queue size: 0)
2026-01-22 11:44:47,941 - DEBUG - ag_ui_adk.adk_agent - Emitting event to queue: TextMessageContentEvent (thread 3cdee6da-c833-4872-bcfe-fa9459f0dd24, queue size before: 0)
2026-01-22 11:44:47,942 - DEBUG - ag_ui_adk.adk_agent - Event queued: TextMessageContentEvent (thread 3cdee6da-c833-4872-bcfe-fa9459f0dd24, queue size after: 1)
2026-01-22 11:44:47,942 - DEBUG - ag_ui_adk.adk_agent - Got event #262 from queue: TextMessageContentEvent (thread 3cdee6da-c833-4872-bcfe-fa9459f0dd24)
2026-01-22 11:44:47,942 - DEBUG - ag_ui_adk.adk_agent - Streaming event #262: TextMessageContentEvent (thread 3cdee6da-c833-4872-bcfe-fa9459f0dd24)
2026-01-22 11:44:47,942 - DEBUG - ag_ui_adk.adk_agent - Yielding event: TextMessageContentEvent
2026-01-22 11:44:47,942 - DEBUG - ag_ui_adk.endpoint - HTTP Response: data: {"type":"TEXT_MESSAGE_CONTENT","messageId":"89156c75-ce3e-42a4-b35b-f89b9c2aa537","delta":" },\n"}


2026-01-22 11:44:47,942 - DEBUG - ag_ui_adk.adk_agent - Waiting for event from queue (thread 3cdee6da-c833-4872-bcfe-fa9459f0dd24, queue size: 0)
2026-01-22 11:44:47,972 - DEBUG - ag_ui_adk.adk_agent - Emitting event to queue: TextMessageContentEvent (thread 3cdee6da-c833-4872-bcfe-fa9459f0dd24, queue size before: 0)
2026-01-22 11:44:47,972 - DEBUG - ag_ui_adk.adk_agent - Event queued: TextMessageContentEvent (thread 3cdee6da-c833-4872-bcfe-fa9459f0dd24, queue size after: 1)
2026-01-22 11:44:47,972 - DEBUG - ag_ui_adk.adk_agent - Emitting event to queue: TextMessageContentEvent (thread 3cdee6da-c833-4872-bcfe-fa9459f0dd24, queue size before: 1)
2026-01-22 11:44:47,972 - DEBUG - ag_ui_adk.adk_agent - Event queued: TextMessageContentEvent (thread 3cdee6da-c833-4872-bcfe-fa9459f0dd24, queue size after: 2)
2026-01-22 11:44:47,973 - DEBUG - ag_ui_adk.adk_agent - Emitting event to queue: TextMessageContentEvent (thread 3cdee6da-c833-4872-bcfe-fa9459f0dd24, queue size before: 2)
2026-01-22 11:44:47,973 - DEBUG - ag_ui_adk.adk_agent - Event queued: TextMessageContentEvent (thread 3cdee6da-c833-4872-bcfe-fa9459f0dd24, queue size after: 3)
2026-01-22 11:44:47,973 - DEBUG - ag_ui_adk.adk_agent - Emitting event to queue: TextMessageContentEvent (thread 3cdee6da-c833-4872-bcfe-fa9459f0dd24, queue size before: 3)
2026-01-22 11:44:47,973 - DEBUG - ag_ui_adk.adk_agent - Event queued: TextMessageContentEvent (thread 3cdee6da-c833-4872-bcfe-fa9459f0dd24, queue size after: 4)
2026-01-22 11:44:47,974 - DEBUG - ag_ui_adk.adk_agent - Emitting event to queue: TextMessageContentEvent (thread 3cdee6da-c833-4872-bcfe-fa9459f0dd24, queue size before: 4)
2026-01-22 11:44:47,974 - DEBUG - ag_ui_adk.adk_agent - Event queued: TextMessageContentEvent (thread 3cdee6da-c833-4872-bcfe-fa9459f0dd24, queue size after: 5)
2026-01-22 11:44:47,974 - DEBUG - ag_ui_adk.adk_agent - Emitting event to queue: TextMessageContentEvent (thread 3cdee6da-c833-4872-bcfe-fa9459f0dd24, queue size before: 5)
2026-01-22 11:44:47,974 - DEBUG - ag_ui_adk.adk_agent - Event queued: TextMessageContentEvent (thread 3cdee6da-c833-4872-bcfe-fa9459f0dd24, queue size after: 6)
2026-01-22 11:44:47,974 - DEBUG - ag_ui_adk.adk_agent - Got event #263 from queue: TextMessageContentEvent (thread 3cdee6da-c833-4872-bcfe-fa9459f0dd24)
2026-01-22 11:44:47,974 - DEBUG - ag_ui_adk.adk_agent - Streaming event #263: TextMessageContentEvent (thread 3cdee6da-c833-4872-bcfe-fa9459f0dd24)
2026-01-22 11:44:47,974 - DEBUG - ag_ui_adk.adk_agent - Yielding event: TextMessageContentEvent
2026-01-22 11:44:47,974 - DEBUG - ag_ui_adk.endpoint - HTTP Response: data: {"type":"TEXT_MESSAGE_CONTENT","messageId":"89156c75-ce3e-42a4-b35b-f89b9c2aa537","delta":"             "}


2026-01-22 11:44:47,974 - DEBUG - ag_ui_adk.adk_agent - Waiting for event from queue (thread 3cdee6da-c833-4872-bcfe-fa9459f0dd24, queue size: 5)
2026-01-22 11:44:47,974 - DEBUG - ag_ui_adk.adk_agent - Got event #264 from queue: TextMessageContentEvent (thread 3cdee6da-c833-4872-bcfe-fa9459f0dd24)
2026-01-22 11:44:47,974 - DEBUG - ag_ui_adk.adk_agent - Streaming event #264: TextMessageContentEvent (thread 3cdee6da-c833-4872-bcfe-fa9459f0dd24)
2026-01-22 11:44:47,974 - DEBUG - ag_ui_adk.adk_agent - Yielding event: TextMessageContentEvent
2026-01-22 11:44:47,974 - DEBUG - ag_ui_adk.endpoint - HTTP Response: data: {"type":"TEXT_MESSAGE_CONTENT","messageId":"89156c75-ce3e-42a4-b35b-f89b9c2aa537","delta":" \""}


2026-01-22 11:44:47,974 - DEBUG - ag_ui_adk.adk_agent - Waiting for event from queue (thread 3cdee6da-c833-4872-bcfe-fa9459f0dd24, queue size: 4)
2026-01-22 11:44:47,974 - DEBUG - ag_ui_adk.adk_agent - Got event #265 from queue: TextMessageContentEvent (thread 3cdee6da-c833-4872-bcfe-fa9459f0dd24)
2026-01-22 11:44:47,974 - DEBUG - ag_ui_adk.adk_agent - Streaming event #265: TextMessageContentEvent (thread 3cdee6da-c833-4872-bcfe-fa9459f0dd24)
2026-01-22 11:44:47,974 - DEBUG - ag_ui_adk.adk_agent - Yielding event: TextMessageContentEvent
2026-01-22 11:44:47,974 - DEBUG - ag_ui_adk.endpoint - HTTP Response: data: {"type":"TEXT_MESSAGE_CONTENT","messageId":"89156c75-ce3e-42a4-b35b-f89b9c2aa537","delta":"usage"}


2026-01-22 11:44:47,974 - DEBUG - ag_ui_adk.adk_agent - Waiting for event from queue (thread 3cdee6da-c833-4872-bcfe-fa9459f0dd24, queue size: 3)
2026-01-22 11:44:47,975 - DEBUG - ag_ui_adk.adk_agent - Got event #266 from queue: TextMessageContentEvent (thread 3cdee6da-c833-4872-bcfe-fa9459f0dd24)
2026-01-22 11:44:47,975 - DEBUG - ag_ui_adk.adk_agent - Streaming event #266: TextMessageContentEvent (thread 3cdee6da-c833-4872-bcfe-fa9459f0dd24)
2026-01-22 11:44:47,975 - DEBUG - ag_ui_adk.adk_agent - Yielding event: TextMessageContentEvent
2026-01-22 11:44:47,975 - DEBUG - ag_ui_adk.endpoint - HTTP Response: data: {"type":"TEXT_MESSAGE_CONTENT","messageId":"89156c75-ce3e-42a4-b35b-f89b9c2aa537","delta":"Hint"}


2026-01-22 11:44:47,975 - DEBUG - ag_ui_adk.adk_agent - Waiting for event from queue (thread 3cdee6da-c833-4872-bcfe-fa9459f0dd24, queue size: 2)
2026-01-22 11:44:47,975 - DEBUG - ag_ui_adk.adk_agent - Got event #267 from queue: TextMessageContentEvent (thread 3cdee6da-c833-4872-bcfe-fa9459f0dd24)
2026-01-22 11:44:47,975 - DEBUG - ag_ui_adk.adk_agent - Streaming event #267: TextMessageContentEvent (thread 3cdee6da-c833-4872-bcfe-fa9459f0dd24)
2026-01-22 11:44:47,975 - DEBUG - ag_ui_adk.adk_agent - Yielding event: TextMessageContentEvent
2026-01-22 11:44:47,975 - DEBUG - ag_ui_adk.endpoint - HTTP Response: data: {"type":"TEXT_MESSAGE_CONTENT","messageId":"89156c75-ce3e-42a4-b35b-f89b9c2aa537","delta":"\":"}


2026-01-22 11:44:47,975 - DEBUG - ag_ui_adk.adk_agent - Waiting for event from queue (thread 3cdee6da-c833-4872-bcfe-fa9459f0dd24, queue size: 1)
2026-01-22 11:44:47,975 - DEBUG - ag_ui_adk.adk_agent - Got event #268 from queue: TextMessageContentEvent (thread 3cdee6da-c833-4872-bcfe-fa9459f0dd24)
2026-01-22 11:44:47,975 - DEBUG - ag_ui_adk.adk_agent - Streaming event #268: TextMessageContentEvent (thread 3cdee6da-c833-4872-bcfe-fa9459f0dd24)
2026-01-22 11:44:47,975 - DEBUG - ag_ui_adk.adk_agent - Yielding event: TextMessageContentEvent
2026-01-22 11:44:47,975 - DEBUG - ag_ui_adk.endpoint - HTTP Response: data: {"type":"TEXT_MESSAGE_CONTENT","messageId":"89156c75-ce3e-42a4-b35b-f89b9c2aa537","delta":" \""}


2026-01-22 11:44:47,975 - DEBUG - ag_ui_adk.adk_agent - Waiting for event from queue (thread 3cdee6da-c833-4872-bcfe-fa9459f0dd24, queue size: 0)
2026-01-22 11:44:48,026 - DEBUG - ag_ui_adk.adk_agent - Emitting event to queue: TextMessageContentEvent (thread 3cdee6da-c833-4872-bcfe-fa9459f0dd24, queue size before: 0)
2026-01-22 11:44:48,026 - DEBUG - ag_ui_adk.adk_agent - Event queued: TextMessageContentEvent (thread 3cdee6da-c833-4872-bcfe-fa9459f0dd24, queue size after: 1)
2026-01-22 11:44:48,027 - DEBUG - ag_ui_adk.adk_agent - Emitting event to queue: TextMessageContentEvent (thread 3cdee6da-c833-4872-bcfe-fa9459f0dd24, queue size before: 1)
2026-01-22 11:44:48,027 - DEBUG - ag_ui_adk.adk_agent - Event queued: TextMessageContentEvent (thread 3cdee6da-c833-4872-bcfe-fa9459f0dd24, queue size after: 2)
2026-01-22 11:44:48,028 - DEBUG - ag_ui_adk.adk_agent - Emitting event to queue: TextMessageContentEvent (thread 3cdee6da-c833-4872-bcfe-fa9459f0dd24, queue size before: 2)
2026-01-22 11:44:48,028 - DEBUG - ag_ui_adk.adk_agent - Event queued: TextMessageContentEvent (thread 3cdee6da-c833-4872-bcfe-fa9459f0dd24, queue size after: 3)
2026-01-22 11:44:48,030 - DEBUG - ag_ui_adk.adk_agent - Emitting event to queue: TextMessageContentEvent (thread 3cdee6da-c833-4872-bcfe-fa9459f0dd24, queue size before: 3)
2026-01-22 11:44:48,030 - DEBUG - ag_ui_adk.adk_agent - Event queued: TextMessageContentEvent (thread 3cdee6da-c833-4872-bcfe-fa9459f0dd24, queue size after: 4)
2026-01-22 11:44:48,030 - DEBUG - ag_ui_adk.adk_agent - Got event #269 from queue: TextMessageContentEvent (thread 3cdee6da-c833-4872-bcfe-fa9459f0dd24)
2026-01-22 11:44:48,030 - DEBUG - ag_ui_adk.adk_agent - Streaming event #269: TextMessageContentEvent (thread 3cdee6da-c833-4872-bcfe-fa9459f0dd24)
2026-01-22 11:44:48,030 - DEBUG - ag_ui_adk.adk_agent - Yielding event: TextMessageContentEvent
2026-01-22 11:44:48,030 - DEBUG - ag_ui_adk.endpoint - HTTP Response: data: {"type":"TEXT_MESSAGE_CONTENT","messageId":"89156c75-ce3e-42a4-b35b-f89b9c2aa537","delta":"body"}


2026-01-22 11:44:48,030 - DEBUG - ag_ui_adk.adk_agent - Waiting for event from queue (thread 3cdee6da-c833-4872-bcfe-fa9459f0dd24, queue size: 3)
2026-01-22 11:44:48,031 - DEBUG - ag_ui_adk.adk_agent - Got event #270 from queue: TextMessageContentEvent (thread 3cdee6da-c833-4872-bcfe-fa9459f0dd24)
2026-01-22 11:44:48,031 - DEBUG - ag_ui_adk.adk_agent - Streaming event #270: TextMessageContentEvent (thread 3cdee6da-c833-4872-bcfe-fa9459f0dd24)
2026-01-22 11:44:48,031 - DEBUG - ag_ui_adk.adk_agent - Yielding event: TextMessageContentEvent
2026-01-22 11:44:48,031 - DEBUG - ag_ui_adk.endpoint - HTTP Response: data: {"type":"TEXT_MESSAGE_CONTENT","messageId":"89156c75-ce3e-42a4-b35b-f89b9c2aa537","delta":"\"\n"}


2026-01-22 11:44:48,031 - DEBUG - ag_ui_adk.adk_agent - Waiting for event from queue (thread 3cdee6da-c833-4872-bcfe-fa9459f0dd24, queue size: 2)
2026-01-22 11:44:48,031 - DEBUG - ag_ui_adk.adk_agent - Got event #271 from queue: TextMessageContentEvent (thread 3cdee6da-c833-4872-bcfe-fa9459f0dd24)
2026-01-22 11:44:48,031 - DEBUG - ag_ui_adk.adk_agent - Streaming event #271: TextMessageContentEvent (thread 3cdee6da-c833-4872-bcfe-fa9459f0dd24)
2026-01-22 11:44:48,031 - DEBUG - ag_ui_adk.adk_agent - Yielding event: TextMessageContentEvent
2026-01-22 11:44:48,031 - DEBUG - ag_ui_adk.endpoint - HTTP Response: data: {"type":"TEXT_MESSAGE_CONTENT","messageId":"89156c75-ce3e-42a4-b35b-f89b9c2aa537","delta":"           "}


2026-01-22 11:44:48,031 - DEBUG - ag_ui_adk.adk_agent - Waiting for event from queue (thread 3cdee6da-c833-4872-bcfe-fa9459f0dd24, queue size: 1)
2026-01-22 11:44:48,031 - DEBUG - ag_ui_adk.adk_agent - Got event #272 from queue: TextMessageContentEvent (thread 3cdee6da-c833-4872-bcfe-fa9459f0dd24)
2026-01-22 11:44:48,031 - DEBUG - ag_ui_adk.adk_agent - Streaming event #272: TextMessageContentEvent (thread 3cdee6da-c833-4872-bcfe-fa9459f0dd24)
2026-01-22 11:44:48,031 - DEBUG - ag_ui_adk.adk_agent - Yielding event: TextMessageContentEvent
2026-01-22 11:44:48,031 - DEBUG - ag_ui_adk.endpoint - HTTP Response: data: {"type":"TEXT_MESSAGE_CONTENT","messageId":"89156c75-ce3e-42a4-b35b-f89b9c2aa537","delta":" }\n"}


2026-01-22 11:44:48,031 - DEBUG - ag_ui_adk.adk_agent - Waiting for event from queue (thread 3cdee6da-c833-4872-bcfe-fa9459f0dd24, queue size: 0)
2026-01-22 11:44:48,091 - DEBUG - ag_ui_adk.adk_agent - Emitting event to queue: TextMessageContentEvent (thread 3cdee6da-c833-4872-bcfe-fa9459f0dd24, queue size before: 0)
2026-01-22 11:44:48,091 - DEBUG - ag_ui_adk.adk_agent - Event queued: TextMessageContentEvent (thread 3cdee6da-c833-4872-bcfe-fa9459f0dd24, queue size after: 1)
2026-01-22 11:44:48,092 - DEBUG - ag_ui_adk.adk_agent - Emitting event to queue: TextMessageContentEvent (thread 3cdee6da-c833-4872-bcfe-fa9459f0dd24, queue size before: 1)
2026-01-22 11:44:48,092 - DEBUG - ag_ui_adk.adk_agent - Event queued: TextMessageContentEvent (thread 3cdee6da-c833-4872-bcfe-fa9459f0dd24, queue size after: 2)
2026-01-22 11:44:48,092 - DEBUG - ag_ui_adk.adk_agent - Emitting event to queue: TextMessageContentEvent (thread 3cdee6da-c833-4872-bcfe-fa9459f0dd24, queue size before: 2)
2026-01-22 11:44:48,092 - DEBUG - ag_ui_adk.adk_agent - Event queued: TextMessageContentEvent (thread 3cdee6da-c833-4872-bcfe-fa9459f0dd24, queue size after: 3)
2026-01-22 11:44:48,093 - DEBUG - ag_ui_adk.adk_agent - Got event #273 from queue: TextMessageContentEvent (thread 3cdee6da-c833-4872-bcfe-fa9459f0dd24)
2026-01-22 11:44:48,093 - DEBUG - ag_ui_adk.adk_agent - Streaming event #273: TextMessageContentEvent (thread 3cdee6da-c833-4872-bcfe-fa9459f0dd24)
2026-01-22 11:44:48,093 - DEBUG - ag_ui_adk.adk_agent - Yielding event: TextMessageContentEvent
2026-01-22 11:44:48,093 - DEBUG - ag_ui_adk.endpoint - HTTP Response: data: {"type":"TEXT_MESSAGE_CONTENT","messageId":"89156c75-ce3e-42a4-b35b-f89b9c2aa537","delta":"         "}


2026-01-22 11:44:48,093 - DEBUG - ag_ui_adk.adk_agent - Waiting for event from queue (thread 3cdee6da-c833-4872-bcfe-fa9459f0dd24, queue size: 2)
2026-01-22 11:44:48,093 - DEBUG - ag_ui_adk.adk_agent - Got event #274 from queue: TextMessageContentEvent (thread 3cdee6da-c833-4872-bcfe-fa9459f0dd24)
2026-01-22 11:44:48,093 - DEBUG - ag_ui_adk.adk_agent - Streaming event #274: TextMessageContentEvent (thread 3cdee6da-c833-4872-bcfe-fa9459f0dd24)
2026-01-22 11:44:48,093 - DEBUG - ag_ui_adk.adk_agent - Yielding event: TextMessageContentEvent
2026-01-22 11:44:48,093 - DEBUG - ag_ui_adk.endpoint - HTTP Response: data: {"type":"TEXT_MESSAGE_CONTENT","messageId":"89156c75-ce3e-42a4-b35b-f89b9c2aa537","delta":" }\n"}


2026-01-22 11:44:48,093 - DEBUG - ag_ui_adk.adk_agent - Waiting for event from queue (thread 3cdee6da-c833-4872-bcfe-fa9459f0dd24, queue size: 1)
2026-01-22 11:44:48,093 - DEBUG - ag_ui_adk.adk_agent - Got event #275 from queue: TextMessageContentEvent (thread 3cdee6da-c833-4872-bcfe-fa9459f0dd24)
2026-01-22 11:44:48,093 - DEBUG - ag_ui_adk.adk_agent - Streaming event #275: TextMessageContentEvent (thread 3cdee6da-c833-4872-bcfe-fa9459f0dd24)
2026-01-22 11:44:48,093 - DEBUG - ag_ui_adk.adk_agent - Yielding event: TextMessageContentEvent
2026-01-22 11:44:48,093 - DEBUG - ag_ui_adk.endpoint - HTTP Response: data: {"type":"TEXT_MESSAGE_CONTENT","messageId":"89156c75-ce3e-42a4-b35b-f89b9c2aa537","delta":"       "}


2026-01-22 11:44:48,093 - DEBUG - ag_ui_adk.adk_agent - Waiting for event from queue (thread 3cdee6da-c833-4872-bcfe-fa9459f0dd24, queue size: 0)
2026-01-22 11:44:48,093 - DEBUG - ag_ui_adk.adk_agent - Emitting event to queue: TextMessageContentEvent (thread 3cdee6da-c833-4872-bcfe-fa9459f0dd24, queue size before: 0)
2026-01-22 11:44:48,093 - DEBUG - ag_ui_adk.adk_agent - Event queued: TextMessageContentEvent (thread 3cdee6da-c833-4872-bcfe-fa9459f0dd24, queue size after: 1)
2026-01-22 11:44:48,094 - DEBUG - ag_ui_adk.adk_agent - Emitting event to queue: TextMessageContentEvent (thread 3cdee6da-c833-4872-bcfe-fa9459f0dd24, queue size before: 1)
2026-01-22 11:44:48,094 - DEBUG - ag_ui_adk.adk_agent - Event queued: TextMessageContentEvent (thread 3cdee6da-c833-4872-bcfe-fa9459f0dd24, queue size after: 2)
2026-01-22 11:44:48,095 - DEBUG - ag_ui_adk.adk_agent - Got event #276 from queue: TextMessageContentEvent (thread 3cdee6da-c833-4872-bcfe-fa9459f0dd24)
2026-01-22 11:44:48,095 - DEBUG - ag_ui_adk.adk_agent - Streaming event #276: TextMessageContentEvent (thread 3cdee6da-c833-4872-bcfe-fa9459f0dd24)
2026-01-22 11:44:48,095 - DEBUG - ag_ui_adk.adk_agent - Yielding event: TextMessageContentEvent
2026-01-22 11:44:48,095 - DEBUG - ag_ui_adk.endpoint - HTTP Response: data: {"type":"TEXT_MESSAGE_CONTENT","messageId":"89156c75-ce3e-42a4-b35b-f89b9c2aa537","delta":" }\n"}


2026-01-22 11:44:48,095 - DEBUG - ag_ui_adk.adk_agent - Waiting for event from queue (thread 3cdee6da-c833-4872-bcfe-fa9459f0dd24, queue size: 1)
2026-01-22 11:44:48,095 - DEBUG - ag_ui_adk.adk_agent - Got event #277 from queue: TextMessageContentEvent (thread 3cdee6da-c833-4872-bcfe-fa9459f0dd24)
2026-01-22 11:44:48,095 - DEBUG - ag_ui_adk.adk_agent - Streaming event #277: TextMessageContentEvent (thread 3cdee6da-c833-4872-bcfe-fa9459f0dd24)
2026-01-22 11:44:48,095 - DEBUG - ag_ui_adk.adk_agent - Yielding event: TextMessageContentEvent
2026-01-22 11:44:48,095 - DEBUG - ag_ui_adk.endpoint - HTTP Response: data: {"type":"TEXT_MESSAGE_CONTENT","messageId":"89156c75-ce3e-42a4-b35b-f89b9c2aa537","delta":"     "}


2026-01-22 11:44:48,095 - DEBUG - ag_ui_adk.adk_agent - Waiting for event from queue (thread 3cdee6da-c833-4872-bcfe-fa9459f0dd24, queue size: 0)
2026-01-22 11:44:49,095 - DEBUG - ag_ui_adk.adk_agent - Timeout #26 waiting for events (thread 3cdee6da-c833-4872-bcfe-fa9459f0dd24, task done: False, queue size: 0)
2026-01-22 11:44:49,095 - DEBUG - ag_ui_adk.adk_agent - Waiting for event from queue (thread 3cdee6da-c833-4872-bcfe-fa9459f0dd24, queue size: 0)
2026-01-22 11:44:49,105 - DEBUG - ag_ui_adk.adk_agent - Emitting event to queue: TextMessageContentEvent (thread 3cdee6da-c833-4872-bcfe-fa9459f0dd24, queue size before: 0)
2026-01-22 11:44:49,105 - DEBUG - ag_ui_adk.adk_agent - Event queued: TextMessageContentEvent (thread 3cdee6da-c833-4872-bcfe-fa9459f0dd24, queue size after: 1)
2026-01-22 11:44:49,106 - DEBUG - ag_ui_adk.adk_agent - Emitting event to queue: TextMessageContentEvent (thread 3cdee6da-c833-4872-bcfe-fa9459f0dd24, queue size before: 1)
2026-01-22 11:44:49,106 - DEBUG - ag_ui_adk.adk_agent - Event queued: TextMessageContentEvent (thread 3cdee6da-c833-4872-bcfe-fa9459f0dd24, queue size after: 2)
2026-01-22 11:44:49,106 - DEBUG - ag_ui_adk.adk_agent - Emitting event to queue: TextMessageContentEvent (thread 3cdee6da-c833-4872-bcfe-fa9459f0dd24, queue size before: 2)
2026-01-22 11:44:49,106 - DEBUG - ag_ui_adk.adk_agent - Event queued: TextMessageContentEvent (thread 3cdee6da-c833-4872-bcfe-fa9459f0dd24, queue size after: 3)
2026-01-22 11:44:49,107 - DEBUG - ag_ui_adk.adk_agent - Emitting event to queue: TextMessageContentEvent (thread 3cdee6da-c833-4872-bcfe-fa9459f0dd24, queue size before: 3)
2026-01-22 11:44:49,107 - DEBUG - ag_ui_adk.adk_agent - Event queued: TextMessageContentEvent (thread 3cdee6da-c833-4872-bcfe-fa9459f0dd24, queue size after: 4)
2026-01-22 11:44:49,108 - DEBUG - ag_ui_adk.adk_agent - Emitting event to queue: TextMessageContentEvent (thread 3cdee6da-c833-4872-bcfe-fa9459f0dd24, queue size before: 4)
2026-01-22 11:44:49,108 - DEBUG - ag_ui_adk.adk_agent - Event queued: TextMessageContentEvent (thread 3cdee6da-c833-4872-bcfe-fa9459f0dd24, queue size after: 5)
2026-01-22 11:44:49,108 - DEBUG - ag_ui_adk.adk_agent - Emitting event to queue: TextMessageContentEvent (thread 3cdee6da-c833-4872-bcfe-fa9459f0dd24, queue size before: 5)
2026-01-22 11:44:49,108 - DEBUG - ag_ui_adk.adk_agent - Event queued: TextMessageContentEvent (thread 3cdee6da-c833-4872-bcfe-fa9459f0dd24, queue size after: 6)
2026-01-22 11:44:49,109 - DEBUG - ag_ui_adk.adk_agent - Emitting event to queue: TextMessageContentEvent (thread 3cdee6da-c833-4872-bcfe-fa9459f0dd24, queue size before: 6)
2026-01-22 11:44:49,109 - DEBUG - ag_ui_adk.adk_agent - Event queued: TextMessageContentEvent (thread 3cdee6da-c833-4872-bcfe-fa9459f0dd24, queue size after: 7)
2026-01-22 11:44:49,109 - DEBUG - ag_ui_adk.adk_agent - Emitting event to queue: TextMessageContentEvent (thread 3cdee6da-c833-4872-bcfe-fa9459f0dd24, queue size before: 7)
2026-01-22 11:44:49,109 - DEBUG - ag_ui_adk.adk_agent - Event queued: TextMessageContentEvent (thread 3cdee6da-c833-4872-bcfe-fa9459f0dd24, queue size after: 8)
2026-01-22 11:44:49,110 - DEBUG - ag_ui_adk.adk_agent - Emitting event to queue: TextMessageContentEvent (thread 3cdee6da-c833-4872-bcfe-fa9459f0dd24, queue size before: 8)
2026-01-22 11:44:49,110 - DEBUG - ag_ui_adk.adk_agent - Event queued: TextMessageContentEvent (thread 3cdee6da-c833-4872-bcfe-fa9459f0dd24, queue size after: 9)
2026-01-22 11:44:49,111 - DEBUG - ag_ui_adk.adk_agent - Emitting event to queue: TextMessageContentEvent (thread 3cdee6da-c833-4872-bcfe-fa9459f0dd24, queue size before: 9)
2026-01-22 11:44:49,111 - DEBUG - ag_ui_adk.adk_agent - Event queued: TextMessageContentEvent (thread 3cdee6da-c833-4872-bcfe-fa9459f0dd24, queue size after: 10)
2026-01-22 11:44:49,111 - DEBUG - ag_ui_adk.adk_agent - Emitting event to queue: TextMessageContentEvent (thread 3cdee6da-c833-4872-bcfe-fa9459f0dd24, queue size before: 10)
2026-01-22 11:44:49,111 - DEBUG - ag_ui_adk.adk_agent - Event queued: TextMessageContentEvent (thread 3cdee6da-c833-4872-bcfe-fa9459f0dd24, queue size after: 11)
2026-01-22 11:44:49,112 - DEBUG - ag_ui_adk.adk_agent - Got event #278 from queue: TextMessageContentEvent (thread 3cdee6da-c833-4872-bcfe-fa9459f0dd24)
2026-01-22 11:44:49,112 - DEBUG - ag_ui_adk.adk_agent - Streaming event #278: TextMessageContentEvent (thread 3cdee6da-c833-4872-bcfe-fa9459f0dd24)
2026-01-22 11:44:49,112 - DEBUG - ag_ui_adk.adk_agent - Yielding event: TextMessageContentEvent
2026-01-22 11:44:49,112 - DEBUG - ag_ui_adk.endpoint - HTTP Response: data: {"type":"TEXT_MESSAGE_CONTENT","messageId":"89156c75-ce3e-42a4-b35b-f89b9c2aa537","delta":" ]\n"}


2026-01-22 11:44:49,112 - DEBUG - ag_ui_adk.adk_agent - Waiting for event from queue (thread 3cdee6da-c833-4872-bcfe-fa9459f0dd24, queue size: 10)
2026-01-22 11:44:49,112 - DEBUG - ag_ui_adk.adk_agent - Got event #279 from queue: TextMessageContentEvent (thread 3cdee6da-c833-4872-bcfe-fa9459f0dd24)
2026-01-22 11:44:49,112 - DEBUG - ag_ui_adk.adk_agent - Streaming event #279: TextMessageContentEvent (thread 3cdee6da-c833-4872-bcfe-fa9459f0dd24)
2026-01-22 11:44:49,112 - DEBUG - ag_ui_adk.adk_agent - Yielding event: TextMessageContentEvent
2026-01-22 11:44:49,112 - DEBUG - ag_ui_adk.endpoint - HTTP Response: data: {"type":"TEXT_MESSAGE_CONTENT","messageId":"89156c75-ce3e-42a4-b35b-f89b9c2aa537","delta":"   "}


2026-01-22 11:44:49,112 - DEBUG - ag_ui_adk.adk_agent - Waiting for event from queue (thread 3cdee6da-c833-4872-bcfe-fa9459f0dd24, queue size: 9)
2026-01-22 11:44:49,112 - DEBUG - ag_ui_adk.adk_agent - Got event #280 from queue: TextMessageContentEvent (thread 3cdee6da-c833-4872-bcfe-fa9459f0dd24)
2026-01-22 11:44:49,112 - DEBUG - ag_ui_adk.adk_agent - Streaming event #280: TextMessageContentEvent (thread 3cdee6da-c833-4872-bcfe-fa9459f0dd24)
2026-01-22 11:44:49,112 - DEBUG - ag_ui_adk.adk_agent - Yielding event: TextMessageContentEvent
2026-01-22 11:44:49,112 - DEBUG - ag_ui_adk.endpoint - HTTP Response: data: {"type":"TEXT_MESSAGE_CONTENT","messageId":"89156c75-ce3e-42a4-b35b-f89b9c2aa537","delta":" }\n"}


2026-01-22 11:44:49,112 - DEBUG - ag_ui_adk.adk_agent - Waiting for event from queue (thread 3cdee6da-c833-4872-bcfe-fa9459f0dd24, queue size: 8)
2026-01-22 11:44:49,112 - DEBUG - ag_ui_adk.adk_agent - Got event #281 from queue: TextMessageContentEvent (thread 3cdee6da-c833-4872-bcfe-fa9459f0dd24)
2026-01-22 11:44:49,112 - DEBUG - ag_ui_adk.adk_agent - Streaming event #281: TextMessageContentEvent (thread 3cdee6da-c833-4872-bcfe-fa9459f0dd24)
2026-01-22 11:44:49,112 - DEBUG - ag_ui_adk.adk_agent - Yielding event: TextMessageContentEvent
2026-01-22 11:44:49,112 - DEBUG - ag_ui_adk.endpoint - HTTP Response: data: {"type":"TEXT_MESSAGE_CONTENT","messageId":"89156c75-ce3e-42a4-b35b-f89b9c2aa537","delta":" "}


2026-01-22 11:44:49,112 - DEBUG - ag_ui_adk.adk_agent - Waiting for event from queue (thread 3cdee6da-c833-4872-bcfe-fa9459f0dd24, queue size: 7)
2026-01-22 11:44:49,112 - DEBUG - ag_ui_adk.adk_agent - Got event #282 from queue: TextMessageContentEvent (thread 3cdee6da-c833-4872-bcfe-fa9459f0dd24)
2026-01-22 11:44:49,112 - DEBUG - ag_ui_adk.adk_agent - Streaming event #282: TextMessageContentEvent (thread 3cdee6da-c833-4872-bcfe-fa9459f0dd24)
2026-01-22 11:44:49,112 - DEBUG - ag_ui_adk.adk_agent - Yielding event: TextMessageContentEvent
2026-01-22 11:44:49,112 - DEBUG - ag_ui_adk.endpoint - HTTP Response: data: {"type":"TEXT_MESSAGE_CONTENT","messageId":"89156c75-ce3e-42a4-b35b-f89b9c2aa537","delta":" },\n"}


2026-01-22 11:44:49,112 - DEBUG - ag_ui_adk.adk_agent - Waiting for event from queue (thread 3cdee6da-c833-4872-bcfe-fa9459f0dd24, queue size: 6)
2026-01-22 11:44:49,112 - DEBUG - ag_ui_adk.adk_agent - Got event #283 from queue: TextMessageContentEvent (thread 3cdee6da-c833-4872-bcfe-fa9459f0dd24)
2026-01-22 11:44:49,112 - DEBUG - ag_ui_adk.adk_agent - Streaming event #283: TextMessageContentEvent (thread 3cdee6da-c833-4872-bcfe-fa9459f0dd24)
2026-01-22 11:44:49,112 - DEBUG - ag_ui_adk.adk_agent - Yielding event: TextMessageContentEvent
2026-01-22 11:44:49,112 - DEBUG - ag_ui_adk.endpoint - HTTP Response: data: {"type":"TEXT_MESSAGE_CONTENT","messageId":"89156c75-ce3e-42a4-b35b-f89b9c2aa537","delta":" "}


2026-01-22 11:44:49,112 - DEBUG - ag_ui_adk.adk_agent - Waiting for event from queue (thread 3cdee6da-c833-4872-bcfe-fa9459f0dd24, queue size: 5)
2026-01-22 11:44:49,112 - DEBUG - ag_ui_adk.adk_agent - Got event #284 from queue: TextMessageContentEvent (thread 3cdee6da-c833-4872-bcfe-fa9459f0dd24)
2026-01-22 11:44:49,112 - DEBUG - ag_ui_adk.adk_agent - Streaming event #284: TextMessageContentEvent (thread 3cdee6da-c833-4872-bcfe-fa9459f0dd24)
2026-01-22 11:44:49,112 - DEBUG - ag_ui_adk.adk_agent - Yielding event: TextMessageContentEvent
2026-01-22 11:44:49,112 - DEBUG - ag_ui_adk.endpoint - HTTP Response: data: {"type":"TEXT_MESSAGE_CONTENT","messageId":"89156c75-ce3e-42a4-b35b-f89b9c2aa537","delta":" {\n"}


2026-01-22 11:44:49,112 - DEBUG - ag_ui_adk.adk_agent - Waiting for event from queue (thread 3cdee6da-c833-4872-bcfe-fa9459f0dd24, queue size: 4)
2026-01-22 11:44:49,112 - DEBUG - ag_ui_adk.adk_agent - Got event #285 from queue: TextMessageContentEvent (thread 3cdee6da-c833-4872-bcfe-fa9459f0dd24)
2026-01-22 11:44:49,112 - DEBUG - ag_ui_adk.adk_agent - Streaming event #285: TextMessageContentEvent (thread 3cdee6da-c833-4872-bcfe-fa9459f0dd24)
2026-01-22 11:44:49,112 - DEBUG - ag_ui_adk.adk_agent - Yielding event: TextMessageContentEvent
2026-01-22 11:44:49,112 - DEBUG - ag_ui_adk.endpoint - HTTP Response: data: {"type":"TEXT_MESSAGE_CONTENT","messageId":"89156c75-ce3e-42a4-b35b-f89b9c2aa537","delta":"   "}


2026-01-22 11:44:49,112 - DEBUG - ag_ui_adk.adk_agent - Waiting for event from queue (thread 3cdee6da-c833-4872-bcfe-fa9459f0dd24, queue size: 3)
2026-01-22 11:44:49,112 - DEBUG - ag_ui_adk.adk_agent - Got event #286 from queue: TextMessageContentEvent (thread 3cdee6da-c833-4872-bcfe-fa9459f0dd24)
2026-01-22 11:44:49,112 - DEBUG - ag_ui_adk.adk_agent - Streaming event #286: TextMessageContentEvent (thread 3cdee6da-c833-4872-bcfe-fa9459f0dd24)
2026-01-22 11:44:49,112 - DEBUG - ag_ui_adk.adk_agent - Yielding event: TextMessageContentEvent
2026-01-22 11:44:49,112 - DEBUG - ag_ui_adk.endpoint - HTTP Response: data: {"type":"TEXT_MESSAGE_CONTENT","messageId":"89156c75-ce3e-42a4-b35b-f89b9c2aa537","delta":" \""}


2026-01-22 11:44:49,112 - DEBUG - ag_ui_adk.adk_agent - Waiting for event from queue (thread 3cdee6da-c833-4872-bcfe-fa9459f0dd24, queue size: 2)
2026-01-22 11:44:49,112 - DEBUG - ag_ui_adk.adk_agent - Got event #287 from queue: TextMessageContentEvent (thread 3cdee6da-c833-4872-bcfe-fa9459f0dd24)
2026-01-22 11:44:49,112 - DEBUG - ag_ui_adk.adk_agent - Streaming event #287: TextMessageContentEvent (thread 3cdee6da-c833-4872-bcfe-fa9459f0dd24)
2026-01-22 11:44:49,112 - DEBUG - ag_ui_adk.adk_agent - Yielding event: TextMessageContentEvent
2026-01-22 11:44:49,112 - DEBUG - ag_ui_adk.endpoint - HTTP Response: data: {"type":"TEXT_MESSAGE_CONTENT","messageId":"89156c75-ce3e-42a4-b35b-f89b9c2aa537","delta":"data"}


2026-01-22 11:44:49,112 - DEBUG - ag_ui_adk.adk_agent - Waiting for event from queue (thread 3cdee6da-c833-4872-bcfe-fa9459f0dd24, queue size: 1)
2026-01-22 11:44:49,112 - DEBUG - ag_ui_adk.adk_agent - Got event #288 from queue: TextMessageContentEvent (thread 3cdee6da-c833-4872-bcfe-fa9459f0dd24)
2026-01-22 11:44:49,112 - DEBUG - ag_ui_adk.adk_agent - Streaming event #288: TextMessageContentEvent (thread 3cdee6da-c833-4872-bcfe-fa9459f0dd24)
2026-01-22 11:44:49,112 - DEBUG - ag_ui_adk.adk_agent - Yielding event: TextMessageContentEvent
2026-01-22 11:44:49,112 - DEBUG - ag_ui_adk.endpoint - HTTP Response: data: {"type":"TEXT_MESSAGE_CONTENT","messageId":"89156c75-ce3e-42a4-b35b-f89b9c2aa537","delta":"Model"}


2026-01-22 11:44:49,112 - DEBUG - ag_ui_adk.adk_agent - Waiting for event from queue (thread 3cdee6da-c833-4872-bcfe-fa9459f0dd24, queue size: 0)
2026-01-22 11:44:49,121 - DEBUG - ag_ui_adk.adk_agent - Emitting event to queue: TextMessageContentEvent (thread 3cdee6da-c833-4872-bcfe-fa9459f0dd24, queue size before: 0)
2026-01-22 11:44:49,123 - DEBUG - ag_ui_adk.adk_agent - Event queued: TextMessageContentEvent (thread 3cdee6da-c833-4872-bcfe-fa9459f0dd24, queue size after: 1)
2026-01-22 11:44:49,127 - DEBUG - ag_ui_adk.adk_agent - Emitting event to queue: TextMessageContentEvent (thread 3cdee6da-c833-4872-bcfe-fa9459f0dd24, queue size before: 1)
2026-01-22 11:44:49,127 - DEBUG - ag_ui_adk.adk_agent - Event queued: TextMessageContentEvent (thread 3cdee6da-c833-4872-bcfe-fa9459f0dd24, queue size after: 2)
2026-01-22 11:44:49,130 - DEBUG - ag_ui_adk.adk_agent - Emitting event to queue: TextMessageContentEvent (thread 3cdee6da-c833-4872-bcfe-fa9459f0dd24, queue size before: 2)
2026-01-22 11:44:49,130 - DEBUG - ag_ui_adk.adk_agent - Event queued: TextMessageContentEvent (thread 3cdee6da-c833-4872-bcfe-fa9459f0dd24, queue size after: 3)
2026-01-22 11:44:49,132 - DEBUG - ag_ui_adk.adk_agent - Emitting event to queue: TextMessageContentEvent (thread 3cdee6da-c833-4872-bcfe-fa9459f0dd24, queue size before: 3)
2026-01-22 11:44:49,132 - DEBUG - ag_ui_adk.adk_agent - Event queued: TextMessageContentEvent (thread 3cdee6da-c833-4872-bcfe-fa9459f0dd24, queue size after: 4)
2026-01-22 11:44:49,134 - DEBUG - ag_ui_adk.adk_agent - Emitting event to queue: TextMessageContentEvent (thread 3cdee6da-c833-4872-bcfe-fa9459f0dd24, queue size before: 4)
2026-01-22 11:44:49,134 - DEBUG - ag_ui_adk.adk_agent - Event queued: TextMessageContentEvent (thread 3cdee6da-c833-4872-bcfe-fa9459f0dd24, queue size after: 5)
2026-01-22 11:44:49,141 - DEBUG - ag_ui_adk.adk_agent - Emitting event to queue: TextMessageContentEvent (thread 3cdee6da-c833-4872-bcfe-fa9459f0dd24, queue size before: 5)
2026-01-22 11:44:49,141 - DEBUG - ag_ui_adk.adk_agent - Event queued: TextMessageContentEvent (thread 3cdee6da-c833-4872-bcfe-fa9459f0dd24, queue size after: 6)
2026-01-22 11:44:49,143 - DEBUG - ag_ui_adk.adk_agent - Emitting event to queue: TextMessageContentEvent (thread 3cdee6da-c833-4872-bcfe-fa9459f0dd24, queue size before: 6)
2026-01-22 11:44:49,144 - DEBUG - ag_ui_adk.adk_agent - Event queued: TextMessageContentEvent (thread 3cdee6da-c833-4872-bcfe-fa9459f0dd24, queue size after: 7)
2026-01-22 11:44:49,146 - DEBUG - ag_ui_adk.adk_agent - Emitting event to queue: TextMessageContentEvent (thread 3cdee6da-c833-4872-bcfe-fa9459f0dd24, queue size before: 7)
2026-01-22 11:44:49,146 - DEBUG - ag_ui_adk.adk_agent - Event queued: TextMessageContentEvent (thread 3cdee6da-c833-4872-bcfe-fa9459f0dd24, queue size after: 8)
2026-01-22 11:44:49,148 - DEBUG - ag_ui_adk.adk_agent - Emitting event to queue: TextMessageContentEvent (thread 3cdee6da-c833-4872-bcfe-fa9459f0dd24, queue size before: 8)
2026-01-22 11:44:49,148 - DEBUG - ag_ui_adk.adk_agent - Event queued: TextMessageContentEvent (thread 3cdee6da-c833-4872-bcfe-fa9459f0dd24, queue size after: 9)
2026-01-22 11:44:49,149 - DEBUG - ag_ui_adk.adk_agent - Emitting event to queue: TextMessageContentEvent (thread 3cdee6da-c833-4872-bcfe-fa9459f0dd24, queue size before: 9)
2026-01-22 11:44:49,149 - DEBUG - ag_ui_adk.adk_agent - Event queued: TextMessageContentEvent (thread 3cdee6da-c833-4872-bcfe-fa9459f0dd24, queue size after: 10)
2026-01-22 11:44:49,149 - DEBUG - ag_ui_adk.adk_agent - Emitting event to queue: TextMessageContentEvent (thread 3cdee6da-c833-4872-bcfe-fa9459f0dd24, queue size before: 10)
2026-01-22 11:44:49,149 - DEBUG - ag_ui_adk.adk_agent - Event queued: TextMessageContentEvent (thread 3cdee6da-c833-4872-bcfe-fa9459f0dd24, queue size after: 11)
2026-01-22 11:44:49,150 - DEBUG - ag_ui_adk.adk_agent - Emitting event to queue: TextMessageContentEvent (thread 3cdee6da-c833-4872-bcfe-fa9459f0dd24, queue size before: 11)
2026-01-22 11:44:49,150 - DEBUG - ag_ui_adk.adk_agent - Event queued: TextMessageContentEvent (thread 3cdee6da-c833-4872-bcfe-fa9459f0dd24, queue size after: 12)
2026-01-22 11:44:49,150 - DEBUG - ag_ui_adk.adk_agent - Emitting event to queue: TextMessageContentEvent (thread 3cdee6da-c833-4872-bcfe-fa9459f0dd24, queue size before: 12)
2026-01-22 11:44:49,150 - DEBUG - ag_ui_adk.adk_agent - Event queued: TextMessageContentEvent (thread 3cdee6da-c833-4872-bcfe-fa9459f0dd24, queue size after: 13)
2026-01-22 11:44:49,151 - DEBUG - ag_ui_adk.adk_agent - Emitting event to queue: TextMessageContentEvent (thread 3cdee6da-c833-4872-bcfe-fa9459f0dd24, queue size before: 13)
2026-01-22 11:44:49,151 - DEBUG - ag_ui_adk.adk_agent - Event queued: TextMessageContentEvent (thread 3cdee6da-c833-4872-bcfe-fa9459f0dd24, queue size after: 14)
2026-01-22 11:44:49,151 - DEBUG - ag_ui_adk.adk_agent - Emitting event to queue: TextMessageContentEvent (thread 3cdee6da-c833-4872-bcfe-fa9459f0dd24, queue size before: 14)
2026-01-22 11:44:49,151 - DEBUG - ag_ui_adk.adk_agent - Event queued: TextMessageContentEvent (thread 3cdee6da-c833-4872-bcfe-fa9459f0dd24, queue size after: 15)
2026-01-22 11:44:49,152 - DEBUG - ag_ui_adk.adk_agent - Emitting event to queue: TextMessageContentEvent (thread 3cdee6da-c833-4872-bcfe-fa9459f0dd24, queue size before: 15)
2026-01-22 11:44:49,152 - DEBUG - ag_ui_adk.adk_agent - Event queued: TextMessageContentEvent (thread 3cdee6da-c833-4872-bcfe-fa9459f0dd24, queue size after: 16)
2026-01-22 11:44:49,152 - DEBUG - ag_ui_adk.adk_agent - Emitting event to queue: TextMessageContentEvent (thread 3cdee6da-c833-4872-bcfe-fa9459f0dd24, queue size before: 16)
2026-01-22 11:44:49,152 - DEBUG - ag_ui_adk.adk_agent - Event queued: TextMessageContentEvent (thread 3cdee6da-c833-4872-bcfe-fa9459f0dd24, queue size after: 17)
2026-01-22 11:44:49,153 - DEBUG - ag_ui_adk.adk_agent - Emitting event to queue: TextMessageContentEvent (thread 3cdee6da-c833-4872-bcfe-fa9459f0dd24, queue size before: 17)
2026-01-22 11:44:49,154 - DEBUG - ag_ui_adk.adk_agent - Event queued: TextMessageContentEvent (thread 3cdee6da-c833-4872-bcfe-fa9459f0dd24, queue size after: 18)
2026-01-22 11:44:49,156 - DEBUG - ag_ui_adk.adk_agent - Emitting event to queue: TextMessageContentEvent (thread 3cdee6da-c833-4872-bcfe-fa9459f0dd24, queue size before: 18)
2026-01-22 11:44:49,156 - DEBUG - ag_ui_adk.adk_agent - Event queued: TextMessageContentEvent (thread 3cdee6da-c833-4872-bcfe-fa9459f0dd24, queue size after: 19)
2026-01-22 11:44:49,157 - DEBUG - ag_ui_adk.adk_agent - Emitting event to queue: TextMessageContentEvent (thread 3cdee6da-c833-4872-bcfe-fa9459f0dd24, queue size before: 19)
2026-01-22 11:44:49,157 - DEBUG - ag_ui_adk.adk_agent - Event queued: TextMessageContentEvent (thread 3cdee6da-c833-4872-bcfe-fa9459f0dd24, queue size after: 20)
2026-01-22 11:44:49,158 - DEBUG - ag_ui_adk.adk_agent - Emitting event to queue: TextMessageContentEvent (thread 3cdee6da-c833-4872-bcfe-fa9459f0dd24, queue size before: 20)
2026-01-22 11:44:49,158 - DEBUG - ag_ui_adk.adk_agent - Event queued: TextMessageContentEvent (thread 3cdee6da-c833-4872-bcfe-fa9459f0dd24, queue size after: 21)
2026-01-22 11:44:49,158 - DEBUG - ag_ui_adk.adk_agent - Emitting event to queue: TextMessageContentEvent (thread 3cdee6da-c833-4872-bcfe-fa9459f0dd24, queue size before: 21)
2026-01-22 11:44:49,158 - DEBUG - ag_ui_adk.adk_agent - Event queued: TextMessageContentEvent (thread 3cdee6da-c833-4872-bcfe-fa9459f0dd24, queue size after: 22)
2026-01-22 11:44:49,159 - DEBUG - ag_ui_adk.adk_agent - Emitting event to queue: TextMessageContentEvent (thread 3cdee6da-c833-4872-bcfe-fa9459f0dd24, queue size before: 22)
2026-01-22 11:44:49,159 - DEBUG - ag_ui_adk.adk_agent - Event queued: TextMessageContentEvent (thread 3cdee6da-c833-4872-bcfe-fa9459f0dd24, queue size after: 23)
2026-01-22 11:44:49,159 - DEBUG - ag_ui_adk.adk_agent - Emitting event to queue: TextMessageContentEvent (thread 3cdee6da-c833-4872-bcfe-fa9459f0dd24, queue size before: 23)
2026-01-22 11:44:49,159 - DEBUG - ag_ui_adk.adk_agent - Event queued: TextMessageContentEvent (thread 3cdee6da-c833-4872-bcfe-fa9459f0dd24, queue size after: 24)
2026-01-22 11:44:49,160 - DEBUG - ag_ui_adk.adk_agent - Emitting event to queue: TextMessageContentEvent (thread 3cdee6da-c833-4872-bcfe-fa9459f0dd24, queue size before: 24)
2026-01-22 11:44:49,160 - DEBUG - ag_ui_adk.adk_agent - Event queued: TextMessageContentEvent (thread 3cdee6da-c833-4872-bcfe-fa9459f0dd24, queue size after: 25)
2026-01-22 11:44:49,160 - DEBUG - ag_ui_adk.adk_agent - Emitting event to queue: TextMessageContentEvent (thread 3cdee6da-c833-4872-bcfe-fa9459f0dd24, queue size before: 25)
2026-01-22 11:44:49,160 - DEBUG - ag_ui_adk.adk_agent - Event queued: TextMessageContentEvent (thread 3cdee6da-c833-4872-bcfe-fa9459f0dd24, queue size after: 26)
2026-01-22 11:44:49,161 - DEBUG - ag_ui_adk.adk_agent - Emitting event to queue: TextMessageContentEvent (thread 3cdee6da-c833-4872-bcfe-fa9459f0dd24, queue size before: 26)
2026-01-22 11:44:49,161 - DEBUG - ag_ui_adk.adk_agent - Event queued: TextMessageContentEvent (thread 3cdee6da-c833-4872-bcfe-fa9459f0dd24, queue size after: 27)
2026-01-22 11:44:49,161 - DEBUG - ag_ui_adk.adk_agent - Got event #289 from queue: TextMessageContentEvent (thread 3cdee6da-c833-4872-bcfe-fa9459f0dd24)
2026-01-22 11:44:49,161 - DEBUG - ag_ui_adk.adk_agent - Streaming event #289: TextMessageContentEvent (thread 3cdee6da-c833-4872-bcfe-fa9459f0dd24)
2026-01-22 11:44:49,161 - DEBUG - ag_ui_adk.adk_agent - Yielding event: TextMessageContentEvent
2026-01-22 11:44:49,161 - DEBUG - ag_ui_adk.endpoint - HTTP Response: data: {"type":"TEXT_MESSAGE_CONTENT","messageId":"89156c75-ce3e-42a4-b35b-f89b9c2aa537","delta":"Update"}


2026-01-22 11:44:49,161 - DEBUG - ag_ui_adk.adk_agent - Waiting for event from queue (thread 3cdee6da-c833-4872-bcfe-fa9459f0dd24, queue size: 26)
2026-01-22 11:44:49,161 - DEBUG - ag_ui_adk.adk_agent - Got event #290 from queue: TextMessageContentEvent (thread 3cdee6da-c833-4872-bcfe-fa9459f0dd24)
2026-01-22 11:44:49,161 - DEBUG - ag_ui_adk.adk_agent - Streaming event #290: TextMessageContentEvent (thread 3cdee6da-c833-4872-bcfe-fa9459f0dd24)
2026-01-22 11:44:49,161 - DEBUG - ag_ui_adk.adk_agent - Yielding event: TextMessageContentEvent
2026-01-22 11:44:49,161 - DEBUG - ag_ui_adk.endpoint - HTTP Response: data: {"type":"TEXT_MESSAGE_CONTENT","messageId":"89156c75-ce3e-42a4-b35b-f89b9c2aa537","delta":"\":"}


2026-01-22 11:44:49,161 - DEBUG - ag_ui_adk.adk_agent - Waiting for event from queue (thread 3cdee6da-c833-4872-bcfe-fa9459f0dd24, queue size: 25)
2026-01-22 11:44:49,161 - DEBUG - ag_ui_adk.adk_agent - Got event #291 from queue: TextMessageContentEvent (thread 3cdee6da-c833-4872-bcfe-fa9459f0dd24)
2026-01-22 11:44:49,161 - DEBUG - ag_ui_adk.adk_agent - Streaming event #291: TextMessageContentEvent (thread 3cdee6da-c833-4872-bcfe-fa9459f0dd24)
2026-01-22 11:44:49,161 - DEBUG - ag_ui_adk.adk_agent - Yielding event: TextMessageContentEvent
2026-01-22 11:44:49,161 - DEBUG - ag_ui_adk.endpoint - HTTP Response: data: {"type":"TEXT_MESSAGE_CONTENT","messageId":"89156c75-ce3e-42a4-b35b-f89b9c2aa537","delta":" {\n"}


2026-01-22 11:44:49,161 - DEBUG - ag_ui_adk.adk_agent - Waiting for event from queue (thread 3cdee6da-c833-4872-bcfe-fa9459f0dd24, queue size: 24)
2026-01-22 11:44:49,161 - DEBUG - ag_ui_adk.adk_agent - Got event #292 from queue: TextMessageContentEvent (thread 3cdee6da-c833-4872-bcfe-fa9459f0dd24)
2026-01-22 11:44:49,161 - DEBUG - ag_ui_adk.adk_agent - Streaming event #292: TextMessageContentEvent (thread 3cdee6da-c833-4872-bcfe-fa9459f0dd24)
2026-01-22 11:44:49,161 - DEBUG - ag_ui_adk.adk_agent - Yielding event: TextMessageContentEvent
2026-01-22 11:44:49,161 - DEBUG - ag_ui_adk.endpoint - HTTP Response: data: {"type":"TEXT_MESSAGE_CONTENT","messageId":"89156c75-ce3e-42a4-b35b-f89b9c2aa537","delta":"     "}


2026-01-22 11:44:49,161 - DEBUG - ag_ui_adk.adk_agent - Waiting for event from queue (thread 3cdee6da-c833-4872-bcfe-fa9459f0dd24, queue size: 23)
2026-01-22 11:44:49,161 - DEBUG - ag_ui_adk.adk_agent - Got event #293 from queue: TextMessageContentEvent (thread 3cdee6da-c833-4872-bcfe-fa9459f0dd24)
2026-01-22 11:44:49,161 - DEBUG - ag_ui_adk.adk_agent - Streaming event #293: TextMessageContentEvent (thread 3cdee6da-c833-4872-bcfe-fa9459f0dd24)
2026-01-22 11:44:49,161 - DEBUG - ag_ui_adk.adk_agent - Yielding event: TextMessageContentEvent
2026-01-22 11:44:49,161 - DEBUG - ag_ui_adk.endpoint - HTTP Response: data: {"type":"TEXT_MESSAGE_CONTENT","messageId":"89156c75-ce3e-42a4-b35b-f89b9c2aa537","delta":" \""}


2026-01-22 11:44:49,161 - DEBUG - ag_ui_adk.adk_agent - Waiting for event from queue (thread 3cdee6da-c833-4872-bcfe-fa9459f0dd24, queue size: 22)
2026-01-22 11:44:49,161 - DEBUG - ag_ui_adk.adk_agent - Got event #294 from queue: TextMessageContentEvent (thread 3cdee6da-c833-4872-bcfe-fa9459f0dd24)
2026-01-22 11:44:49,161 - DEBUG - ag_ui_adk.adk_agent - Streaming event #294: TextMessageContentEvent (thread 3cdee6da-c833-4872-bcfe-fa9459f0dd24)
2026-01-22 11:44:49,161 - DEBUG - ag_ui_adk.adk_agent - Yielding event: TextMessageContentEvent
2026-01-22 11:44:49,161 - DEBUG - ag_ui_adk.endpoint - HTTP Response: data: {"type":"TEXT_MESSAGE_CONTENT","messageId":"89156c75-ce3e-42a4-b35b-f89b9c2aa537","delta":"surface"}


2026-01-22 11:44:49,161 - DEBUG - ag_ui_adk.adk_agent - Waiting for event from queue (thread 3cdee6da-c833-4872-bcfe-fa9459f0dd24, queue size: 21)
2026-01-22 11:44:49,161 - DEBUG - ag_ui_adk.adk_agent - Got event #295 from queue: TextMessageContentEvent (thread 3cdee6da-c833-4872-bcfe-fa9459f0dd24)
2026-01-22 11:44:49,161 - DEBUG - ag_ui_adk.adk_agent - Streaming event #295: TextMessageContentEvent (thread 3cdee6da-c833-4872-bcfe-fa9459f0dd24)
2026-01-22 11:44:49,161 - DEBUG - ag_ui_adk.adk_agent - Yielding event: TextMessageContentEvent
2026-01-22 11:44:49,162 - DEBUG - ag_ui_adk.endpoint - HTTP Response: data: {"type":"TEXT_MESSAGE_CONTENT","messageId":"89156c75-ce3e-42a4-b35b-f89b9c2aa537","delta":"Id"}


2026-01-22 11:44:49,162 - DEBUG - ag_ui_adk.adk_agent - Waiting for event from queue (thread 3cdee6da-c833-4872-bcfe-fa9459f0dd24, queue size: 20)
2026-01-22 11:44:49,162 - DEBUG - ag_ui_adk.adk_agent - Got event #296 from queue: TextMessageContentEvent (thread 3cdee6da-c833-4872-bcfe-fa9459f0dd24)
2026-01-22 11:44:49,162 - DEBUG - ag_ui_adk.adk_agent - Streaming event #296: TextMessageContentEvent (thread 3cdee6da-c833-4872-bcfe-fa9459f0dd24)
2026-01-22 11:44:49,162 - DEBUG - ag_ui_adk.adk_agent - Yielding event: TextMessageContentEvent
2026-01-22 11:44:49,162 - DEBUG - ag_ui_adk.endpoint - HTTP Response: data: {"type":"TEXT_MESSAGE_CONTENT","messageId":"89156c75-ce3e-42a4-b35b-f89b9c2aa537","delta":"\":"}


2026-01-22 11:44:49,162 - DEBUG - ag_ui_adk.adk_agent - Waiting for event from queue (thread 3cdee6da-c833-4872-bcfe-fa9459f0dd24, queue size: 19)
2026-01-22 11:44:49,162 - DEBUG - ag_ui_adk.adk_agent - Got event #297 from queue: TextMessageContentEvent (thread 3cdee6da-c833-4872-bcfe-fa9459f0dd24)
2026-01-22 11:44:49,162 - DEBUG - ag_ui_adk.adk_agent - Streaming event #297: TextMessageContentEvent (thread 3cdee6da-c833-4872-bcfe-fa9459f0dd24)
2026-01-22 11:44:49,162 - DEBUG - ag_ui_adk.adk_agent - Yielding event: TextMessageContentEvent
2026-01-22 11:44:49,162 - DEBUG - ag_ui_adk.endpoint - HTTP Response: data: {"type":"TEXT_MESSAGE_CONTENT","messageId":"89156c75-ce3e-42a4-b35b-f89b9c2aa537","delta":" \""}


2026-01-22 11:44:49,162 - DEBUG - ag_ui_adk.adk_agent - Waiting for event from queue (thread 3cdee6da-c833-4872-bcfe-fa9459f0dd24, queue size: 18)
2026-01-22 11:44:49,162 - DEBUG - ag_ui_adk.adk_agent - Got event #298 from queue: TextMessageContentEvent (thread 3cdee6da-c833-4872-bcfe-fa9459f0dd24)
2026-01-22 11:44:49,162 - DEBUG - ag_ui_adk.adk_agent - Streaming event #298: TextMessageContentEvent (thread 3cdee6da-c833-4872-bcfe-fa9459f0dd24)
2026-01-22 11:44:49,162 - DEBUG - ag_ui_adk.adk_agent - Yielding event: TextMessageContentEvent
2026-01-22 11:44:49,162 - DEBUG - ag_ui_adk.endpoint - HTTP Response: data: {"type":"TEXT_MESSAGE_CONTENT","messageId":"89156c75-ce3e-42a4-b35b-f89b9c2aa537","delta":"default"}


2026-01-22 11:44:49,162 - DEBUG - ag_ui_adk.adk_agent - Waiting for event from queue (thread 3cdee6da-c833-4872-bcfe-fa9459f0dd24, queue size: 17)
2026-01-22 11:44:49,162 - DEBUG - ag_ui_adk.adk_agent - Got event #299 from queue: TextMessageContentEvent (thread 3cdee6da-c833-4872-bcfe-fa9459f0dd24)
2026-01-22 11:44:49,162 - DEBUG - ag_ui_adk.adk_agent - Streaming event #299: TextMessageContentEvent (thread 3cdee6da-c833-4872-bcfe-fa9459f0dd24)
2026-01-22 11:44:49,162 - DEBUG - ag_ui_adk.adk_agent - Yielding event: TextMessageContentEvent
2026-01-22 11:44:49,162 - DEBUG - ag_ui_adk.endpoint - HTTP Response: data: {"type":"TEXT_MESSAGE_CONTENT","messageId":"89156c75-ce3e-42a4-b35b-f89b9c2aa537","delta":"\",\n"}


2026-01-22 11:44:49,162 - DEBUG - ag_ui_adk.adk_agent - Waiting for event from queue (thread 3cdee6da-c833-4872-bcfe-fa9459f0dd24, queue size: 16)
2026-01-22 11:44:49,162 - DEBUG - ag_ui_adk.adk_agent - Got event #300 from queue: TextMessageContentEvent (thread 3cdee6da-c833-4872-bcfe-fa9459f0dd24)
2026-01-22 11:44:49,162 - DEBUG - ag_ui_adk.adk_agent - Streaming event #300: TextMessageContentEvent (thread 3cdee6da-c833-4872-bcfe-fa9459f0dd24)
2026-01-22 11:44:49,162 - DEBUG - ag_ui_adk.adk_agent - Yielding event: TextMessageContentEvent
2026-01-22 11:44:49,162 - DEBUG - ag_ui_adk.endpoint - HTTP Response: data: {"type":"TEXT_MESSAGE_CONTENT","messageId":"89156c75-ce3e-42a4-b35b-f89b9c2aa537","delta":"     "}


2026-01-22 11:44:49,162 - DEBUG - ag_ui_adk.adk_agent - Waiting for event from queue (thread 3cdee6da-c833-4872-bcfe-fa9459f0dd24, queue size: 15)
2026-01-22 11:44:49,162 - DEBUG - ag_ui_adk.adk_agent - Got event #301 from queue: TextMessageContentEvent (thread 3cdee6da-c833-4872-bcfe-fa9459f0dd24)
2026-01-22 11:44:49,162 - DEBUG - ag_ui_adk.adk_agent - Streaming event #301: TextMessageContentEvent (thread 3cdee6da-c833-4872-bcfe-fa9459f0dd24)
2026-01-22 11:44:49,162 - DEBUG - ag_ui_adk.adk_agent - Yielding event: TextMessageContentEvent
2026-01-22 11:44:49,162 - DEBUG - ag_ui_adk.endpoint - HTTP Response: data: {"type":"TEXT_MESSAGE_CONTENT","messageId":"89156c75-ce3e-42a4-b35b-f89b9c2aa537","delta":" \""}


2026-01-22 11:44:49,162 - DEBUG - ag_ui_adk.adk_agent - Waiting for event from queue (thread 3cdee6da-c833-4872-bcfe-fa9459f0dd24, queue size: 14)
2026-01-22 11:44:49,162 - DEBUG - ag_ui_adk.adk_agent - Got event #302 from queue: TextMessageContentEvent (thread 3cdee6da-c833-4872-bcfe-fa9459f0dd24)
2026-01-22 11:44:49,163 - DEBUG - ag_ui_adk.adk_agent - Streaming event #302: TextMessageContentEvent (thread 3cdee6da-c833-4872-bcfe-fa9459f0dd24)
2026-01-22 11:44:49,163 - DEBUG - ag_ui_adk.adk_agent - Yielding event: TextMessageContentEvent
2026-01-22 11:44:49,163 - DEBUG - ag_ui_adk.endpoint - HTTP Response: data: {"type":"TEXT_MESSAGE_CONTENT","messageId":"89156c75-ce3e-42a4-b35b-f89b9c2aa537","delta":"path"}


2026-01-22 11:44:49,163 - DEBUG - ag_ui_adk.adk_agent - Waiting for event from queue (thread 3cdee6da-c833-4872-bcfe-fa9459f0dd24, queue size: 13)
2026-01-22 11:44:49,163 - DEBUG - ag_ui_adk.adk_agent - Got event #303 from queue: TextMessageContentEvent (thread 3cdee6da-c833-4872-bcfe-fa9459f0dd24)
2026-01-22 11:44:49,163 - DEBUG - ag_ui_adk.adk_agent - Streaming event #303: TextMessageContentEvent (thread 3cdee6da-c833-4872-bcfe-fa9459f0dd24)
2026-01-22 11:44:49,163 - DEBUG - ag_ui_adk.adk_agent - Yielding event: TextMessageContentEvent
2026-01-22 11:44:49,163 - DEBUG - ag_ui_adk.endpoint - HTTP Response: data: {"type":"TEXT_MESSAGE_CONTENT","messageId":"89156c75-ce3e-42a4-b35b-f89b9c2aa537","delta":"\":"}


2026-01-22 11:44:49,163 - DEBUG - ag_ui_adk.adk_agent - Waiting for event from queue (thread 3cdee6da-c833-4872-bcfe-fa9459f0dd24, queue size: 12)
2026-01-22 11:44:49,163 - DEBUG - ag_ui_adk.adk_agent - Got event #304 from queue: TextMessageContentEvent (thread 3cdee6da-c833-4872-bcfe-fa9459f0dd24)
2026-01-22 11:44:49,163 - DEBUG - ag_ui_adk.adk_agent - Streaming event #304: TextMessageContentEvent (thread 3cdee6da-c833-4872-bcfe-fa9459f0dd24)
2026-01-22 11:44:49,163 - DEBUG - ag_ui_adk.adk_agent - Yielding event: TextMessageContentEvent
2026-01-22 11:44:49,163 - DEBUG - ag_ui_adk.endpoint - HTTP Response: data: {"type":"TEXT_MESSAGE_CONTENT","messageId":"89156c75-ce3e-42a4-b35b-f89b9c2aa537","delta":" \"/"}


2026-01-22 11:44:49,163 - DEBUG - ag_ui_adk.adk_agent - Waiting for event from queue (thread 3cdee6da-c833-4872-bcfe-fa9459f0dd24, queue size: 11)
2026-01-22 11:44:49,163 - DEBUG - ag_ui_adk.adk_agent - Got event #305 from queue: TextMessageContentEvent (thread 3cdee6da-c833-4872-bcfe-fa9459f0dd24)
2026-01-22 11:44:49,163 - DEBUG - ag_ui_adk.adk_agent - Streaming event #305: TextMessageContentEvent (thread 3cdee6da-c833-4872-bcfe-fa9459f0dd24)
2026-01-22 11:44:49,163 - DEBUG - ag_ui_adk.adk_agent - Yielding event: TextMessageContentEvent
2026-01-22 11:44:49,163 - DEBUG - ag_ui_adk.endpoint - HTTP Response: data: {"type":"TEXT_MESSAGE_CONTENT","messageId":"89156c75-ce3e-42a4-b35b-f89b9c2aa537","delta":"\",\n"}


2026-01-22 11:44:49,163 - DEBUG - ag_ui_adk.adk_agent - Waiting for event from queue (thread 3cdee6da-c833-4872-bcfe-fa9459f0dd24, queue size: 10)
2026-01-22 11:44:49,163 - DEBUG - ag_ui_adk.adk_agent - Got event #306 from queue: TextMessageContentEvent (thread 3cdee6da-c833-4872-bcfe-fa9459f0dd24)
2026-01-22 11:44:49,163 - DEBUG - ag_ui_adk.adk_agent - Streaming event #306: TextMessageContentEvent (thread 3cdee6da-c833-4872-bcfe-fa9459f0dd24)
2026-01-22 11:44:49,163 - DEBUG - ag_ui_adk.adk_agent - Yielding event: TextMessageContentEvent
2026-01-22 11:44:49,163 - DEBUG - ag_ui_adk.endpoint - HTTP Response: data: {"type":"TEXT_MESSAGE_CONTENT","messageId":"89156c75-ce3e-42a4-b35b-f89b9c2aa537","delta":"     "}


2026-01-22 11:44:49,163 - DEBUG - ag_ui_adk.adk_agent - Waiting for event from queue (thread 3cdee6da-c833-4872-bcfe-fa9459f0dd24, queue size: 9)
2026-01-22 11:44:49,163 - DEBUG - ag_ui_adk.adk_agent - Got event #307 from queue: TextMessageContentEvent (thread 3cdee6da-c833-4872-bcfe-fa9459f0dd24)
2026-01-22 11:44:49,163 - DEBUG - ag_ui_adk.adk_agent - Streaming event #307: TextMessageContentEvent (thread 3cdee6da-c833-4872-bcfe-fa9459f0dd24)
2026-01-22 11:44:49,163 - DEBUG - ag_ui_adk.adk_agent - Yielding event: TextMessageContentEvent
2026-01-22 11:44:49,163 - DEBUG - ag_ui_adk.endpoint - HTTP Response: data: {"type":"TEXT_MESSAGE_CONTENT","messageId":"89156c75-ce3e-42a4-b35b-f89b9c2aa537","delta":" \""}


2026-01-22 11:44:49,163 - DEBUG - ag_ui_adk.adk_agent - Waiting for event from queue (thread 3cdee6da-c833-4872-bcfe-fa9459f0dd24, queue size: 8)
2026-01-22 11:44:49,163 - DEBUG - ag_ui_adk.adk_agent - Got event #308 from queue: TextMessageContentEvent (thread 3cdee6da-c833-4872-bcfe-fa9459f0dd24)
2026-01-22 11:44:49,163 - DEBUG - ag_ui_adk.adk_agent - Streaming event #308: TextMessageContentEvent (thread 3cdee6da-c833-4872-bcfe-fa9459f0dd24)
2026-01-22 11:44:49,163 - DEBUG - ag_ui_adk.adk_agent - Yielding event: TextMessageContentEvent
2026-01-22 11:44:49,163 - DEBUG - ag_ui_adk.endpoint - HTTP Response: data: {"type":"TEXT_MESSAGE_CONTENT","messageId":"89156c75-ce3e-42a4-b35b-f89b9c2aa537","delta":"contents"}


2026-01-22 11:44:49,163 - DEBUG - ag_ui_adk.adk_agent - Waiting for event from queue (thread 3cdee6da-c833-4872-bcfe-fa9459f0dd24, queue size: 7)
2026-01-22 11:44:49,163 - DEBUG - ag_ui_adk.adk_agent - Got event #309 from queue: TextMessageContentEvent (thread 3cdee6da-c833-4872-bcfe-fa9459f0dd24)
2026-01-22 11:44:49,163 - DEBUG - ag_ui_adk.adk_agent - Streaming event #309: TextMessageContentEvent (thread 3cdee6da-c833-4872-bcfe-fa9459f0dd24)
2026-01-22 11:44:49,163 - DEBUG - ag_ui_adk.adk_agent - Yielding event: TextMessageContentEvent
2026-01-22 11:44:49,163 - DEBUG - ag_ui_adk.endpoint - HTTP Response: data: {"type":"TEXT_MESSAGE_CONTENT","messageId":"89156c75-ce3e-42a4-b35b-f89b9c2aa537","delta":"\":"}


2026-01-22 11:44:49,163 - DEBUG - ag_ui_adk.adk_agent - Waiting for event from queue (thread 3cdee6da-c833-4872-bcfe-fa9459f0dd24, queue size: 6)
2026-01-22 11:44:49,163 - DEBUG - ag_ui_adk.adk_agent - Got event #310 from queue: TextMessageContentEvent (thread 3cdee6da-c833-4872-bcfe-fa9459f0dd24)
2026-01-22 11:44:49,163 - DEBUG - ag_ui_adk.adk_agent - Streaming event #310: TextMessageContentEvent (thread 3cdee6da-c833-4872-bcfe-fa9459f0dd24)
2026-01-22 11:44:49,163 - DEBUG - ag_ui_adk.adk_agent - Yielding event: TextMessageContentEvent
2026-01-22 11:44:49,163 - DEBUG - ag_ui_adk.endpoint - HTTP Response: data: {"type":"TEXT_MESSAGE_CONTENT","messageId":"89156c75-ce3e-42a4-b35b-f89b9c2aa537","delta":" [\n"}


2026-01-22 11:44:49,163 - DEBUG - ag_ui_adk.adk_agent - Waiting for event from queue (thread 3cdee6da-c833-4872-bcfe-fa9459f0dd24, queue size: 5)
2026-01-22 11:44:49,163 - DEBUG - ag_ui_adk.adk_agent - Got event #311 from queue: TextMessageContentEvent (thread 3cdee6da-c833-4872-bcfe-fa9459f0dd24)
2026-01-22 11:44:49,163 - DEBUG - ag_ui_adk.adk_agent - Streaming event #311: TextMessageContentEvent (thread 3cdee6da-c833-4872-bcfe-fa9459f0dd24)
2026-01-22 11:44:49,163 - DEBUG - ag_ui_adk.adk_agent - Yielding event: TextMessageContentEvent
2026-01-22 11:44:49,163 - DEBUG - ag_ui_adk.endpoint - HTTP Response: data: {"type":"TEXT_MESSAGE_CONTENT","messageId":"89156c75-ce3e-42a4-b35b-f89b9c2aa537","delta":"       "}


2026-01-22 11:44:49,163 - DEBUG - ag_ui_adk.adk_agent - Waiting for event from queue (thread 3cdee6da-c833-4872-bcfe-fa9459f0dd24, queue size: 4)
2026-01-22 11:44:49,163 - DEBUG - ag_ui_adk.adk_agent - Got event #312 from queue: TextMessageContentEvent (thread 3cdee6da-c833-4872-bcfe-fa9459f0dd24)
2026-01-22 11:44:49,163 - DEBUG - ag_ui_adk.adk_agent - Streaming event #312: TextMessageContentEvent (thread 3cdee6da-c833-4872-bcfe-fa9459f0dd24)
2026-01-22 11:44:49,163 - DEBUG - ag_ui_adk.adk_agent - Yielding event: TextMessageContentEvent
2026-01-22 11:44:49,163 - DEBUG - ag_ui_adk.endpoint - HTTP Response: data: {"type":"TEXT_MESSAGE_CONTENT","messageId":"89156c75-ce3e-42a4-b35b-f89b9c2aa537","delta":" {\n"}


2026-01-22 11:44:49,163 - DEBUG - ag_ui_adk.adk_agent - Waiting for event from queue (thread 3cdee6da-c833-4872-bcfe-fa9459f0dd24, queue size: 3)
2026-01-22 11:44:49,163 - DEBUG - ag_ui_adk.adk_agent - Got event #313 from queue: TextMessageContentEvent (thread 3cdee6da-c833-4872-bcfe-fa9459f0dd24)
2026-01-22 11:44:49,163 - DEBUG - ag_ui_adk.adk_agent - Streaming event #313: TextMessageContentEvent (thread 3cdee6da-c833-4872-bcfe-fa9459f0dd24)
2026-01-22 11:44:49,163 - DEBUG - ag_ui_adk.adk_agent - Yielding event: TextMessageContentEvent
2026-01-22 11:44:49,163 - DEBUG - ag_ui_adk.endpoint - HTTP Response: data: {"type":"TEXT_MESSAGE_CONTENT","messageId":"89156c75-ce3e-42a4-b35b-f89b9c2aa537","delta":"         "}


2026-01-22 11:44:49,163 - DEBUG - ag_ui_adk.adk_agent - Waiting for event from queue (thread 3cdee6da-c833-4872-bcfe-fa9459f0dd24, queue size: 2)
2026-01-22 11:44:49,163 - DEBUG - ag_ui_adk.adk_agent - Got event #314 from queue: TextMessageContentEvent (thread 3cdee6da-c833-4872-bcfe-fa9459f0dd24)
2026-01-22 11:44:49,163 - DEBUG - ag_ui_adk.adk_agent - Streaming event #314: TextMessageContentEvent (thread 3cdee6da-c833-4872-bcfe-fa9459f0dd24)
2026-01-22 11:44:49,163 - DEBUG - ag_ui_adk.adk_agent - Yielding event: TextMessageContentEvent
2026-01-22 11:44:49,163 - DEBUG - ag_ui_adk.endpoint - HTTP Response: data: {"type":"TEXT_MESSAGE_CONTENT","messageId":"89156c75-ce3e-42a4-b35b-f89b9c2aa537","delta":" \""}


2026-01-22 11:44:49,163 - DEBUG - ag_ui_adk.adk_agent - Waiting for event from queue (thread 3cdee6da-c833-4872-bcfe-fa9459f0dd24, queue size: 1)
2026-01-22 11:44:49,163 - DEBUG - ag_ui_adk.adk_agent - Got event #315 from queue: TextMessageContentEvent (thread 3cdee6da-c833-4872-bcfe-fa9459f0dd24)
2026-01-22 11:44:49,163 - DEBUG - ag_ui_adk.adk_agent - Streaming event #315: TextMessageContentEvent (thread 3cdee6da-c833-4872-bcfe-fa9459f0dd24)
2026-01-22 11:44:49,163 - DEBUG - ag_ui_adk.adk_agent - Yielding event: TextMessageContentEvent
2026-01-22 11:44:49,163 - DEBUG - ag_ui_adk.endpoint - HTTP Response: data: {"type":"TEXT_MESSAGE_CONTENT","messageId":"89156c75-ce3e-42a4-b35b-f89b9c2aa537","delta":"key"}


2026-01-22 11:44:49,163 - DEBUG - ag_ui_adk.adk_agent - Waiting for event from queue (thread 3cdee6da-c833-4872-bcfe-fa9459f0dd24, queue size: 0)
2026-01-22 11:44:49,164 - DEBUG - ag_ui_adk.adk_agent - Emitting event to queue: TextMessageContentEvent (thread 3cdee6da-c833-4872-bcfe-fa9459f0dd24, queue size before: 0)
2026-01-22 11:44:49,164 - DEBUG - ag_ui_adk.adk_agent - Event queued: TextMessageContentEvent (thread 3cdee6da-c833-4872-bcfe-fa9459f0dd24, queue size after: 1)
2026-01-22 11:44:49,165 - DEBUG - ag_ui_adk.adk_agent - Emitting event to queue: TextMessageContentEvent (thread 3cdee6da-c833-4872-bcfe-fa9459f0dd24, queue size before: 1)
2026-01-22 11:44:49,165 - DEBUG - ag_ui_adk.adk_agent - Event queued: TextMessageContentEvent (thread 3cdee6da-c833-4872-bcfe-fa9459f0dd24, queue size after: 2)
2026-01-22 11:44:49,165 - DEBUG - ag_ui_adk.adk_agent - Emitting event to queue: TextMessageContentEvent (thread 3cdee6da-c833-4872-bcfe-fa9459f0dd24, queue size before: 2)
2026-01-22 11:44:49,166 - DEBUG - ag_ui_adk.adk_agent - Event queued: TextMessageContentEvent (thread 3cdee6da-c833-4872-bcfe-fa9459f0dd24, queue size after: 3)
2026-01-22 11:44:49,166 - DEBUG - ag_ui_adk.adk_agent - Emitting event to queue: TextMessageContentEvent (thread 3cdee6da-c833-4872-bcfe-fa9459f0dd24, queue size before: 3)
2026-01-22 11:44:49,166 - DEBUG - ag_ui_adk.adk_agent - Event queued: TextMessageContentEvent (thread 3cdee6da-c833-4872-bcfe-fa9459f0dd24, queue size after: 4)
2026-01-22 11:44:49,167 - DEBUG - ag_ui_adk.adk_agent - Emitting event to queue: TextMessageContentEvent (thread 3cdee6da-c833-4872-bcfe-fa9459f0dd24, queue size before: 4)
2026-01-22 11:44:49,167 - DEBUG - ag_ui_adk.adk_agent - Event queued: TextMessageContentEvent (thread 3cdee6da-c833-4872-bcfe-fa9459f0dd24, queue size after: 5)
2026-01-22 11:44:49,167 - DEBUG - ag_ui_adk.adk_agent - Emitting event to queue: TextMessageContentEvent (thread 3cdee6da-c833-4872-bcfe-fa9459f0dd24, queue size before: 5)
2026-01-22 11:44:49,167 - DEBUG - ag_ui_adk.adk_agent - Event queued: TextMessageContentEvent (thread 3cdee6da-c833-4872-bcfe-fa9459f0dd24, queue size after: 6)
2026-01-22 11:44:49,167 - DEBUG - ag_ui_adk.adk_agent - Emitting event to queue: TextMessageContentEvent (thread 3cdee6da-c833-4872-bcfe-fa9459f0dd24, queue size before: 6)
2026-01-22 11:44:49,167 - DEBUG - ag_ui_adk.adk_agent - Event queued: TextMessageContentEvent (thread 3cdee6da-c833-4872-bcfe-fa9459f0dd24, queue size after: 7)
2026-01-22 11:44:49,168 - DEBUG - ag_ui_adk.adk_agent - Emitting event to queue: TextMessageContentEvent (thread 3cdee6da-c833-4872-bcfe-fa9459f0dd24, queue size before: 7)
2026-01-22 11:44:49,168 - DEBUG - ag_ui_adk.adk_agent - Event queued: TextMessageContentEvent (thread 3cdee6da-c833-4872-bcfe-fa9459f0dd24, queue size after: 8)
2026-01-22 11:44:49,168 - DEBUG - ag_ui_adk.adk_agent - Emitting event to queue: TextMessageContentEvent (thread 3cdee6da-c833-4872-bcfe-fa9459f0dd24, queue size before: 8)
2026-01-22 11:44:49,168 - DEBUG - ag_ui_adk.adk_agent - Event queued: TextMessageContentEvent (thread 3cdee6da-c833-4872-bcfe-fa9459f0dd24, queue size after: 9)
2026-01-22 11:44:49,169 - DEBUG - ag_ui_adk.adk_agent - Emitting event to queue: TextMessageContentEvent (thread 3cdee6da-c833-4872-bcfe-fa9459f0dd24, queue size before: 9)
2026-01-22 11:44:49,169 - DEBUG - ag_ui_adk.adk_agent - Event queued: TextMessageContentEvent (thread 3cdee6da-c833-4872-bcfe-fa9459f0dd24, queue size after: 10)
2026-01-22 11:44:49,169 - DEBUG - ag_ui_adk.adk_agent - Emitting event to queue: TextMessageContentEvent (thread 3cdee6da-c833-4872-bcfe-fa9459f0dd24, queue size before: 10)
2026-01-22 11:44:49,169 - DEBUG - ag_ui_adk.adk_agent - Event queued: TextMessageContentEvent (thread 3cdee6da-c833-4872-bcfe-fa9459f0dd24, queue size after: 11)
2026-01-22 11:44:49,183 - INFO - ag_ui_adk.event_translator - ⏭️ Final response event received. Closing active stream.
2026-01-22 11:44:49,183 - DEBUG - ag_ui_adk.adk_agent - Emitting event to queue: TextMessageEndEvent (thread 3cdee6da-c833-4872-bcfe-fa9459f0dd24, queue size before: 11)
2026-01-22 11:44:49,183 - DEBUG - ag_ui_adk.adk_agent - Event queued: TextMessageEndEvent (thread 3cdee6da-c833-4872-bcfe-fa9459f0dd24, queue size after: 12)
2026-01-22 11:44:49,183 - INFO - ag_ui_adk.event_translator - 🏁 Streaming completed via final response
2026-01-22 11:44:49,183 - DEBUG - ag_ui_adk.adk_agent - Background task sending completion signal for thread 3cdee6da-c833-4872-bcfe-fa9459f0dd24
2026-01-22 11:44:49,183 - DEBUG - ag_ui_adk.adk_agent - Background task completion signal sent for thread 3cdee6da-c833-4872-bcfe-fa9459f0dd24
2026-01-22 11:44:49,184 - DEBUG - ag_ui_adk.adk_agent - Got event #316 from queue: TextMessageContentEvent (thread 3cdee6da-c833-4872-bcfe-fa9459f0dd24)
2026-01-22 11:44:49,184 - DEBUG - ag_ui_adk.adk_agent - Streaming event #316: TextMessageContentEvent (thread 3cdee6da-c833-4872-bcfe-fa9459f0dd24)
2026-01-22 11:44:49,184 - DEBUG - ag_ui_adk.adk_agent - Yielding event: TextMessageContentEvent
2026-01-22 11:44:49,184 - DEBUG - ag_ui_adk.endpoint - HTTP Response: data: {"type":"TEXT_MESSAGE_CONTENT","messageId":"89156c75-ce3e-42a4-b35b-f89b9c2aa537","delta":"\":"}


2026-01-22 11:44:49,184 - DEBUG - ag_ui_adk.adk_agent - Waiting for event from queue (thread 3cdee6da-c833-4872-bcfe-fa9459f0dd24, queue size: 13)
2026-01-22 11:44:49,184 - DEBUG - ag_ui_adk.adk_agent - Got event #317 from queue: TextMessageContentEvent (thread 3cdee6da-c833-4872-bcfe-fa9459f0dd24)
2026-01-22 11:44:49,184 - DEBUG - ag_ui_adk.adk_agent - Streaming event #317: TextMessageContentEvent (thread 3cdee6da-c833-4872-bcfe-fa9459f0dd24)
2026-01-22 11:44:49,184 - DEBUG - ag_ui_adk.adk_agent - Yielding event: TextMessageContentEvent
2026-01-22 11:44:49,184 - DEBUG - ag_ui_adk.endpoint - HTTP Response: data: {"type":"TEXT_MESSAGE_CONTENT","messageId":"89156c75-ce3e-42a4-b35b-f89b9c2aa537","delta":" \"\"\n"}


2026-01-22 11:44:49,184 - DEBUG - ag_ui_adk.adk_agent - Waiting for event from queue (thread 3cdee6da-c833-4872-bcfe-fa9459f0dd24, queue size: 12)
2026-01-22 11:44:49,184 - DEBUG - ag_ui_adk.adk_agent - Got event #318 from queue: TextMessageContentEvent (thread 3cdee6da-c833-4872-bcfe-fa9459f0dd24)
2026-01-22 11:44:49,184 - DEBUG - ag_ui_adk.adk_agent - Streaming event #318: TextMessageContentEvent (thread 3cdee6da-c833-4872-bcfe-fa9459f0dd24)
2026-01-22 11:44:49,184 - DEBUG - ag_ui_adk.adk_agent - Yielding event: TextMessageContentEvent
2026-01-22 11:44:49,184 - DEBUG - ag_ui_adk.endpoint - HTTP Response: data: {"type":"TEXT_MESSAGE_CONTENT","messageId":"89156c75-ce3e-42a4-b35b-f89b9c2aa537","delta":"       "}


2026-01-22 11:44:49,184 - DEBUG - ag_ui_adk.adk_agent - Waiting for event from queue (thread 3cdee6da-c833-4872-bcfe-fa9459f0dd24, queue size: 11)
2026-01-22 11:44:49,184 - DEBUG - ag_ui_adk.adk_agent - Got event #319 from queue: TextMessageContentEvent (thread 3cdee6da-c833-4872-bcfe-fa9459f0dd24)
2026-01-22 11:44:49,184 - DEBUG - ag_ui_adk.adk_agent - Streaming event #319: TextMessageContentEvent (thread 3cdee6da-c833-4872-bcfe-fa9459f0dd24)
2026-01-22 11:44:49,184 - DEBUG - ag_ui_adk.adk_agent - Yielding event: TextMessageContentEvent
2026-01-22 11:44:49,184 - DEBUG - ag_ui_adk.endpoint - HTTP Response: data: {"type":"TEXT_MESSAGE_CONTENT","messageId":"89156c75-ce3e-42a4-b35b-f89b9c2aa537","delta":" }\n"}


2026-01-22 11:44:49,184 - DEBUG - ag_ui_adk.adk_agent - Waiting for event from queue (thread 3cdee6da-c833-4872-bcfe-fa9459f0dd24, queue size: 10)
2026-01-22 11:44:49,184 - DEBUG - ag_ui_adk.adk_agent - Got event #320 from queue: TextMessageContentEvent (thread 3cdee6da-c833-4872-bcfe-fa9459f0dd24)
2026-01-22 11:44:49,184 - DEBUG - ag_ui_adk.adk_agent - Streaming event #320: TextMessageContentEvent (thread 3cdee6da-c833-4872-bcfe-fa9459f0dd24)
2026-01-22 11:44:49,184 - DEBUG - ag_ui_adk.adk_agent - Yielding event: TextMessageContentEvent
2026-01-22 11:44:49,184 - DEBUG - ag_ui_adk.endpoint - HTTP Response: data: {"type":"TEXT_MESSAGE_CONTENT","messageId":"89156c75-ce3e-42a4-b35b-f89b9c2aa537","delta":"     "}


2026-01-22 11:44:49,184 - DEBUG - ag_ui_adk.adk_agent - Waiting for event from queue (thread 3cdee6da-c833-4872-bcfe-fa9459f0dd24, queue size: 9)
2026-01-22 11:44:49,184 - DEBUG - ag_ui_adk.adk_agent - Got event #321 from queue: TextMessageContentEvent (thread 3cdee6da-c833-4872-bcfe-fa9459f0dd24)
2026-01-22 11:44:49,185 - DEBUG - ag_ui_adk.adk_agent - Streaming event #321: TextMessageContentEvent (thread 3cdee6da-c833-4872-bcfe-fa9459f0dd24)
2026-01-22 11:44:49,185 - DEBUG - ag_ui_adk.adk_agent - Yielding event: TextMessageContentEvent
2026-01-22 11:44:49,185 - DEBUG - ag_ui_adk.endpoint - HTTP Response: data: {"type":"TEXT_MESSAGE_CONTENT","messageId":"89156c75-ce3e-42a4-b35b-f89b9c2aa537","delta":" ]\n"}


2026-01-22 11:44:49,185 - DEBUG - ag_ui_adk.adk_agent - Waiting for event from queue (thread 3cdee6da-c833-4872-bcfe-fa9459f0dd24, queue size: 8)
2026-01-22 11:44:49,185 - DEBUG - ag_ui_adk.adk_agent - Got event #322 from queue: TextMessageContentEvent (thread 3cdee6da-c833-4872-bcfe-fa9459f0dd24)
2026-01-22 11:44:49,185 - DEBUG - ag_ui_adk.adk_agent - Streaming event #322: TextMessageContentEvent (thread 3cdee6da-c833-4872-bcfe-fa9459f0dd24)
2026-01-22 11:44:49,185 - DEBUG - ag_ui_adk.adk_agent - Yielding event: TextMessageContentEvent
2026-01-22 11:44:49,185 - DEBUG - ag_ui_adk.endpoint - HTTP Response: data: {"type":"TEXT_MESSAGE_CONTENT","messageId":"89156c75-ce3e-42a4-b35b-f89b9c2aa537","delta":"   "}


2026-01-22 11:44:49,185 - DEBUG - ag_ui_adk.adk_agent - Waiting for event from queue (thread 3cdee6da-c833-4872-bcfe-fa9459f0dd24, queue size: 7)
2026-01-22 11:44:49,185 - DEBUG - ag_ui_adk.adk_agent - Got event #323 from queue: TextMessageContentEvent (thread 3cdee6da-c833-4872-bcfe-fa9459f0dd24)
2026-01-22 11:44:49,185 - DEBUG - ag_ui_adk.adk_agent - Streaming event #323: TextMessageContentEvent (thread 3cdee6da-c833-4872-bcfe-fa9459f0dd24)
2026-01-22 11:44:49,185 - DEBUG - ag_ui_adk.adk_agent - Yielding event: TextMessageContentEvent
2026-01-22 11:44:49,185 - DEBUG - ag_ui_adk.endpoint - HTTP Response: data: {"type":"TEXT_MESSAGE_CONTENT","messageId":"89156c75-ce3e-42a4-b35b-f89b9c2aa537","delta":" }\n"}


2026-01-22 11:44:49,185 - DEBUG - ag_ui_adk.adk_agent - Waiting for event from queue (thread 3cdee6da-c833-4872-bcfe-fa9459f0dd24, queue size: 6)
2026-01-22 11:44:49,185 - DEBUG - ag_ui_adk.adk_agent - Got event #324 from queue: TextMessageContentEvent (thread 3cdee6da-c833-4872-bcfe-fa9459f0dd24)
2026-01-22 11:44:49,185 - DEBUG - ag_ui_adk.adk_agent - Streaming event #324: TextMessageContentEvent (thread 3cdee6da-c833-4872-bcfe-fa9459f0dd24)
2026-01-22 11:44:49,185 - DEBUG - ag_ui_adk.adk_agent - Yielding event: TextMessageContentEvent
2026-01-22 11:44:49,185 - DEBUG - ag_ui_adk.endpoint - HTTP Response: data: {"type":"TEXT_MESSAGE_CONTENT","messageId":"89156c75-ce3e-42a4-b35b-f89b9c2aa537","delta":" "}


2026-01-22 11:44:49,185 - DEBUG - ag_ui_adk.adk_agent - Waiting for event from queue (thread 3cdee6da-c833-4872-bcfe-fa9459f0dd24, queue size: 5)
2026-01-22 11:44:49,185 - DEBUG - ag_ui_adk.adk_agent - Got event #325 from queue: TextMessageContentEvent (thread 3cdee6da-c833-4872-bcfe-fa9459f0dd24)
2026-01-22 11:44:49,185 - DEBUG - ag_ui_adk.adk_agent - Streaming event #325: TextMessageContentEvent (thread 3cdee6da-c833-4872-bcfe-fa9459f0dd24)
2026-01-22 11:44:49,185 - DEBUG - ag_ui_adk.adk_agent - Yielding event: TextMessageContentEvent
2026-01-22 11:44:49,185 - DEBUG - ag_ui_adk.endpoint - HTTP Response: data: {"type":"TEXT_MESSAGE_CONTENT","messageId":"89156c75-ce3e-42a4-b35b-f89b9c2aa537","delta":" }\n"}


2026-01-22 11:44:49,185 - DEBUG - ag_ui_adk.adk_agent - Waiting for event from queue (thread 3cdee6da-c833-4872-bcfe-fa9459f0dd24, queue size: 4)
2026-01-22 11:44:49,185 - DEBUG - ag_ui_adk.adk_agent - Got event #326 from queue: TextMessageContentEvent (thread 3cdee6da-c833-4872-bcfe-fa9459f0dd24)
2026-01-22 11:44:49,185 - DEBUG - ag_ui_adk.adk_agent - Streaming event #326: TextMessageContentEvent (thread 3cdee6da-c833-4872-bcfe-fa9459f0dd24)
2026-01-22 11:44:49,185 - DEBUG - ag_ui_adk.adk_agent - Yielding event: TextMessageContentEvent
2026-01-22 11:44:49,185 - DEBUG - ag_ui_adk.endpoint - HTTP Response: data: {"type":"TEXT_MESSAGE_CONTENT","messageId":"89156c75-ce3e-42a4-b35b-f89b9c2aa537","delta":"]"}


2026-01-22 11:44:49,185 - DEBUG - ag_ui_adk.adk_agent - Waiting for event from queue (thread 3cdee6da-c833-4872-bcfe-fa9459f0dd24, queue size: 3)
2026-01-22 11:44:49,185 - DEBUG - ag_ui_adk.adk_agent - Got event #327 from queue: TextMessageEndEvent (thread 3cdee6da-c833-4872-bcfe-fa9459f0dd24)
2026-01-22 11:44:49,185 - DEBUG - ag_ui_adk.adk_agent - Streaming event #327: TextMessageEndEvent (thread 3cdee6da-c833-4872-bcfe-fa9459f0dd24)
2026-01-22 11:44:49,185 - DEBUG - ag_ui_adk.adk_agent - Yielding event: TextMessageEndEvent
2026-01-22 11:44:49,185 - DEBUG - ag_ui_adk.endpoint - HTTP Response: data: {"type":"TEXT_MESSAGE_END","messageId":"89156c75-ce3e-42a4-b35b-f89b9c2aa537"}


2026-01-22 11:44:49,185 - DEBUG - ag_ui_adk.adk_agent - Waiting for event from queue (thread 3cdee6da-c833-4872-bcfe-fa9459f0dd24, queue size: 2)
2026-01-22 11:44:49,185 - DEBUG - ag_ui_adk.adk_agent - Got event #328 from queue: StateSnapshotEvent (thread 3cdee6da-c833-4872-bcfe-fa9459f0dd24)
2026-01-22 11:44:49,185 - DEBUG - ag_ui_adk.adk_agent - Streaming event #328: StateSnapshotEvent (thread 3cdee6da-c833-4872-bcfe-fa9459f0dd24)
2026-01-22 11:44:49,185 - DEBUG - ag_ui_adk.adk_agent - Yielding event: StateSnapshotEvent
2026-01-22 11:44:49,185 - DEBUG - ag_ui_adk.endpoint - HTTP Response: data: {"type":"STATE_SNAPSHOT","snapshot":{"_ag_ui_thread_id":"3cdee6da-c833-4872-bcfe-fa9459f0dd24","_ag_ui_app_name":"agents","_ag_ui_user_id":"demo_user"}}


2026-01-22 11:44:49,185 - DEBUG - ag_ui_adk.adk_agent - Waiting for event from queue (thread 3cdee6da-c833-4872-bcfe-fa9459f0dd24, queue size: 1)
2026-01-22 11:44:49,185 - DEBUG - ag_ui_adk.adk_agent - Got event #329 from queue: None (thread 3cdee6da-c833-4872-bcfe-fa9459f0dd24)
2026-01-22 11:44:49,185 - DEBUG - ag_ui_adk.adk_agent - Execution complete for thread 3cdee6da-c833-4872-bcfe-fa9459f0dd24 after 329 events
2026-01-22 11:44:49,185 - DEBUG - ag_ui_adk.adk_agent - Finished iterating over _stream_events for execution 3cdee6da-c833-4872-bcfe-fa9459f0dd24
2026-01-22 11:44:49,185 - DEBUG - ag_ui_adk.adk_agent - Finished streaming events for execution 3cdee6da-c833-4872-bcfe-fa9459f0dd24
2026-01-22 11:44:49,185 - DEBUG - ag_ui_adk.adk_agent - Emitting RUN_FINISHED for thread 3cdee6da-c833-4872-bcfe-fa9459f0dd24, run a271781d-712b-484d-bcc5-454116193394
2026-01-22 11:44:49,185 - DEBUG - ag_ui_adk.endpoint - HTTP Response: data: {"type":"RUN_FINISHED","threadId":"3cdee6da-c833-4872-bcfe-fa9459f0dd24","runId":"a271781d-712b-484d-bcc5-454116193394"}


2026-01-22 11:49:21,542 - DEBUG - ag_ui_adk.session_manager - Running cleanup on SessionManager 4897565600
2026-01-22 11:54:21,566 - DEBUG - ag_ui_adk.session_manager - Running cleanup on SessionManager 4897565600
2026-01-22 11:59:21,572 - DEBUG - ag_ui_adk.session_manager - Running cleanup on SessionManager 4897565600
2026-01-22 12:04:21,578 - DEBUG - ag_ui_adk.session_manager - Running cleanup on SessionManager 4897565600
2026-01-22 12:09:21,593 - DEBUG - ag_ui_adk.session_manager - Running cleanup on SessionManager 4897565600
2026-01-22 12:09:21,596 - DEBUG - ag_ui_adk.session_manager - Deleting session agents:1dfcd119-dc2e-410b-b5ea-ba1cdae2c764, memory_service: True
2026-01-22 12:09:21,596 - DEBUG - ag_ui_adk.session_manager - Added session agents:1dfcd119-dc2e-410b-b5ea-ba1cdae2c764 to memory before deletion
2026-01-22 12:09:21,596 - DEBUG - ag_ui_adk.session_manager - Deleted session: agents:1dfcd119-dc2e-410b-b5ea-ba1cdae2c764
2026-01-22 12:09:21,596 - INFO - ag_ui_adk.session_manager - Cleaned up 1 expired sessions
2026-01-22 12:14:21,601 - DEBUG - ag_ui_adk.session_manager - Running cleanup on SessionManager 4897565600
2026-01-22 12:19:21,608 - DEBUG - ag_ui_adk.session_manager - Running cleanup on SessionManager 4897565600
2026-01-22 12:24:21,566 - DEBUG - ag_ui_adk.session_manager - Running cleanup on SessionManager 4897565600
2026-01-22 12:29:21,571 - DEBUG - ag_ui_adk.session_manager - Running cleanup on SessionManager 4897565600
2026-01-22 12:34:21,575 - DEBUG - ag_ui_adk.session_manager - Running cleanup on SessionManager 4897565600
2026-01-22 12:39:21,594 - DEBUG - ag_ui_adk.session_manager - Running cleanup on SessionManager 4897565600
2026-01-22 12:44:21,599 - DEBUG - ag_ui_adk.session_manager - Running cleanup on SessionManager 4897565600
2026-01-22 12:49:21,603 - DEBUG - ag_ui_adk.session_manager - Running cleanup on SessionManager 4897565600
2026-01-22 12:54:21,607 - DEBUG - ag_ui_adk.session_manager - Running cleanup on SessionManager 4897565600
2026-01-22 12:56:28,843 - DEBUG - ag_ui_adk.adk_agent - [RUN_LOOP] Starting message loop for thread=8370759d-1d32-452a-979f-1784bc2eb25e, total_unseen=1, starting_index=0
2026-01-22 12:56:28,844 - DEBUG - ag_ui_adk.adk_agent - [RUN_LOOP] Calling _start_new_execution with message_batch of 1 messages
2026-01-22 12:56:28,844 - DEBUG - ag_ui_adk.adk_agent - Emitting RUN_STARTED for thread 8370759d-1d32-452a-979f-1784bc2eb25e, run dfed0114-9b85-429b-8a83-3db13d081f14
2026-01-22 12:56:28,844 - DEBUG - ag_ui_adk.endpoint - HTTP Response: data: {"type":"RUN_STARTED","threadId":"8370759d-1d32-452a-979f-1784bc2eb25e","runId":"dfed0114-9b85-429b-8a83-3db13d081f14"}


2026-01-22 12:56:28,845 - DEBUG - ag_ui_adk.adk_agent - Created event queue 4905005968 for thread 8370759d-1d32-452a-979f-1784bc2eb25e
2026-01-22 12:56:28,845 - DEBUG - ag_ui_adk.adk_agent - Creating background task for thread 8370759d-1d32-452a-979f-1784bc2eb25e
2026-01-22 12:56:28,845 - DEBUG - ag_ui_adk.adk_agent - Background task created for thread 8370759d-1d32-452a-979f-1784bc2eb25e: <Task pending name='Task-351' coro=<ADKAgent._run_adk_in_background() running at /Users/suraj-kum/Documents/hcl/ai/ucp/samples/rest/python/client/flower_shop/.venv/lib/python3.13/site-packages/ag_ui_adk/adk_agent.py:1330>>
2026-01-22 12:56:28,845 - DEBUG - ag_ui_adk.execution_state - Created execution state for thread 8370759d-1d32-452a-979f-1784bc2eb25e
2026-01-22 12:56:28,845 - DEBUG - ag_ui_adk.adk_agent - Starting to stream events for execution 8370759d-1d32-452a-979f-1784bc2eb25e
2026-01-22 12:56:28,845 - DEBUG - ag_ui_adk.adk_agent - About to iterate over _stream_events for execution 8370759d-1d32-452a-979f-1784bc2eb25e
2026-01-22 12:56:28,845 - DEBUG - ag_ui_adk.adk_agent - Starting _stream_events for thread 8370759d-1d32-452a-979f-1784bc2eb25e, queue ID: 4905005968
2026-01-22 12:56:28,845 - DEBUG - ag_ui_adk.adk_agent - Waiting for event from queue (thread 8370759d-1d32-452a-979f-1784bc2eb25e, queue size: 0)
2026-01-22 12:56:28,845 - DEBUG - ag_ui_adk.adk_agent - [BG_EXEC] _run_adk_in_background called for thread=8370759d-1d32-452a-979f-1784bc2eb25e
2026-01-22 12:56:28,845 - DEBUG - ag_ui_adk.adk_agent - [BG_EXEC]   tool_results=0, message_batch=1
2026-01-22 12:56:28,846 - INFO - ag_ui_adk.session_manager - Created new session for thread 8370759d-1d32-452a-979f-1784bc2eb25e: 39060796-0bcd-434f-abfc-242c2524c04f
2026-01-22 12:56:28,846 - DEBUG - ag_ui_adk.adk_agent - Session ready for thread 8370759d-1d32-452a-979f-1784bc2eb25e: 39060796-0bcd-434f-abfc-242c2524c04f
2026-01-22 12:56:28,846 - DEBUG - ag_ui_adk.session_manager - No state updates provided for session: agents:39060796-0bcd-434f-abfc-242c2524c04f
2026-01-22 12:56:29,846 - DEBUG - ag_ui_adk.adk_agent - Timeout #1 waiting for events (thread 8370759d-1d32-452a-979f-1784bc2eb25e, task done: False, queue size: 0)
2026-01-22 12:56:29,846 - DEBUG - ag_ui_adk.adk_agent - Waiting for event from queue (thread 8370759d-1d32-452a-979f-1784bc2eb25e, queue size: 0)
2026-01-22 12:56:30,846 - DEBUG - ag_ui_adk.adk_agent - Timeout #2 waiting for events (thread 8370759d-1d32-452a-979f-1784bc2eb25e, task done: False, queue size: 0)
2026-01-22 12:56:30,846 - DEBUG - ag_ui_adk.adk_agent - Waiting for event from queue (thread 8370759d-1d32-452a-979f-1784bc2eb25e, queue size: 0)
2026-01-22 12:56:31,846 - DEBUG - ag_ui_adk.adk_agent - Timeout #3 waiting for events (thread 8370759d-1d32-452a-979f-1784bc2eb25e, task done: False, queue size: 0)
2026-01-22 12:56:31,846 - DEBUG - ag_ui_adk.adk_agent - Waiting for event from queue (thread 8370759d-1d32-452a-979f-1784bc2eb25e, queue size: 0)
2026-01-22 12:56:32,847 - DEBUG - ag_ui_adk.adk_agent - Timeout #4 waiting for events (thread 8370759d-1d32-452a-979f-1784bc2eb25e, task done: False, queue size: 0)
2026-01-22 12:56:32,847 - DEBUG - ag_ui_adk.adk_agent - Waiting for event from queue (thread 8370759d-1d32-452a-979f-1784bc2eb25e, queue size: 0)
2026-01-22 12:56:33,847 - DEBUG - ag_ui_adk.adk_agent - Timeout #5 waiting for events (thread 8370759d-1d32-452a-979f-1784bc2eb25e, task done: False, queue size: 0)
2026-01-22 12:56:33,847 - DEBUG - ag_ui_adk.adk_agent - Waiting for event from queue (thread 8370759d-1d32-452a-979f-1784bc2eb25e, queue size: 0)
2026-01-22 12:56:34,848 - DEBUG - ag_ui_adk.adk_agent - Timeout #6 waiting for events (thread 8370759d-1d32-452a-979f-1784bc2eb25e, task done: False, queue size: 0)
2026-01-22 12:56:34,848 - DEBUG - ag_ui_adk.adk_agent - Waiting for event from queue (thread 8370759d-1d32-452a-979f-1784bc2eb25e, queue size: 0)
2026-01-22 12:56:35,849 - DEBUG - ag_ui_adk.adk_agent - Timeout #7 waiting for events (thread 8370759d-1d32-452a-979f-1784bc2eb25e, task done: False, queue size: 0)
2026-01-22 12:56:35,850 - DEBUG - ag_ui_adk.adk_agent - Waiting for event from queue (thread 8370759d-1d32-452a-979f-1784bc2eb25e, queue size: 0)
2026-01-22 12:56:36,851 - DEBUG - ag_ui_adk.adk_agent - Timeout #8 waiting for events (thread 8370759d-1d32-452a-979f-1784bc2eb25e, task done: False, queue size: 0)
2026-01-22 12:56:36,851 - DEBUG - ag_ui_adk.adk_agent - Waiting for event from queue (thread 8370759d-1d32-452a-979f-1784bc2eb25e, queue size: 0)
2026-01-22 12:56:37,852 - DEBUG - ag_ui_adk.adk_agent - Timeout #9 waiting for events (thread 8370759d-1d32-452a-979f-1784bc2eb25e, task done: False, queue size: 0)
2026-01-22 12:56:37,852 - DEBUG - ag_ui_adk.adk_agent - Waiting for event from queue (thread 8370759d-1d32-452a-979f-1784bc2eb25e, queue size: 0)
2026-01-22 12:56:37,878 - DEBUG - ag_ui_adk.adk_agent - Emitting event to queue: TextMessageStartEvent (thread 8370759d-1d32-452a-979f-1784bc2eb25e, queue size before: 0)
2026-01-22 12:56:37,878 - DEBUG - ag_ui_adk.adk_agent - Event queued: TextMessageStartEvent (thread 8370759d-1d32-452a-979f-1784bc2eb25e, queue size after: 1)
2026-01-22 12:56:37,878 - DEBUG - ag_ui_adk.adk_agent - Emitting event to queue: TextMessageContentEvent (thread 8370759d-1d32-452a-979f-1784bc2eb25e, queue size before: 1)
2026-01-22 12:56:37,878 - DEBUG - ag_ui_adk.adk_agent - Event queued: TextMessageContentEvent (thread 8370759d-1d32-452a-979f-1784bc2eb25e, queue size after: 2)
2026-01-22 12:56:37,878 - DEBUG - ag_ui_adk.adk_agent - Emitting event to queue: TextMessageContentEvent (thread 8370759d-1d32-452a-979f-1784bc2eb25e, queue size before: 2)
2026-01-22 12:56:37,879 - DEBUG - ag_ui_adk.adk_agent - Event queued: TextMessageContentEvent (thread 8370759d-1d32-452a-979f-1784bc2eb25e, queue size after: 3)
2026-01-22 12:56:37,879 - DEBUG - ag_ui_adk.adk_agent - Emitting event to queue: TextMessageContentEvent (thread 8370759d-1d32-452a-979f-1784bc2eb25e, queue size before: 3)
2026-01-22 12:56:37,879 - DEBUG - ag_ui_adk.adk_agent - Event queued: TextMessageContentEvent (thread 8370759d-1d32-452a-979f-1784bc2eb25e, queue size after: 4)
2026-01-22 12:56:37,880 - DEBUG - ag_ui_adk.adk_agent - Emitting event to queue: TextMessageContentEvent (thread 8370759d-1d32-452a-979f-1784bc2eb25e, queue size before: 4)
2026-01-22 12:56:37,880 - DEBUG - ag_ui_adk.adk_agent - Event queued: TextMessageContentEvent (thread 8370759d-1d32-452a-979f-1784bc2eb25e, queue size after: 5)
2026-01-22 12:56:37,880 - DEBUG - ag_ui_adk.adk_agent - Emitting event to queue: TextMessageContentEvent (thread 8370759d-1d32-452a-979f-1784bc2eb25e, queue size before: 5)
2026-01-22 12:56:37,880 - DEBUG - ag_ui_adk.adk_agent - Event queued: TextMessageContentEvent (thread 8370759d-1d32-452a-979f-1784bc2eb25e, queue size after: 6)
2026-01-22 12:56:37,881 - DEBUG - ag_ui_adk.adk_agent - Emitting event to queue: TextMessageContentEvent (thread 8370759d-1d32-452a-979f-1784bc2eb25e, queue size before: 6)
2026-01-22 12:56:37,881 - DEBUG - ag_ui_adk.adk_agent - Event queued: TextMessageContentEvent (thread 8370759d-1d32-452a-979f-1784bc2eb25e, queue size after: 7)
2026-01-22 12:56:37,881 - DEBUG - ag_ui_adk.adk_agent - Emitting event to queue: TextMessageContentEvent (thread 8370759d-1d32-452a-979f-1784bc2eb25e, queue size before: 7)
2026-01-22 12:56:37,881 - DEBUG - ag_ui_adk.adk_agent - Event queued: TextMessageContentEvent (thread 8370759d-1d32-452a-979f-1784bc2eb25e, queue size after: 8)
2026-01-22 12:56:37,882 - DEBUG - ag_ui_adk.adk_agent - Emitting event to queue: TextMessageContentEvent (thread 8370759d-1d32-452a-979f-1784bc2eb25e, queue size before: 8)
2026-01-22 12:56:37,882 - DEBUG - ag_ui_adk.adk_agent - Event queued: TextMessageContentEvent (thread 8370759d-1d32-452a-979f-1784bc2eb25e, queue size after: 9)
2026-01-22 12:56:37,882 - DEBUG - ag_ui_adk.adk_agent - Emitting event to queue: TextMessageContentEvent (thread 8370759d-1d32-452a-979f-1784bc2eb25e, queue size before: 9)
2026-01-22 12:56:37,882 - DEBUG - ag_ui_adk.adk_agent - Event queued: TextMessageContentEvent (thread 8370759d-1d32-452a-979f-1784bc2eb25e, queue size after: 10)
2026-01-22 12:56:37,882 - DEBUG - ag_ui_adk.adk_agent - Emitting event to queue: TextMessageContentEvent (thread 8370759d-1d32-452a-979f-1784bc2eb25e, queue size before: 10)
2026-01-22 12:56:37,882 - DEBUG - ag_ui_adk.adk_agent - Event queued: TextMessageContentEvent (thread 8370759d-1d32-452a-979f-1784bc2eb25e, queue size after: 11)
2026-01-22 12:56:37,883 - DEBUG - ag_ui_adk.adk_agent - Emitting event to queue: TextMessageContentEvent (thread 8370759d-1d32-452a-979f-1784bc2eb25e, queue size before: 11)
2026-01-22 12:56:37,883 - DEBUG - ag_ui_adk.adk_agent - Event queued: TextMessageContentEvent (thread 8370759d-1d32-452a-979f-1784bc2eb25e, queue size after: 12)
2026-01-22 12:56:37,884 - DEBUG - ag_ui_adk.adk_agent - Emitting event to queue: TextMessageContentEvent (thread 8370759d-1d32-452a-979f-1784bc2eb25e, queue size before: 12)
2026-01-22 12:56:37,884 - DEBUG - ag_ui_adk.adk_agent - Event queued: TextMessageContentEvent (thread 8370759d-1d32-452a-979f-1784bc2eb25e, queue size after: 13)
2026-01-22 12:56:37,884 - DEBUG - ag_ui_adk.adk_agent - Emitting event to queue: TextMessageContentEvent (thread 8370759d-1d32-452a-979f-1784bc2eb25e, queue size before: 13)
2026-01-22 12:56:37,884 - DEBUG - ag_ui_adk.adk_agent - Event queued: TextMessageContentEvent (thread 8370759d-1d32-452a-979f-1784bc2eb25e, queue size after: 14)
2026-01-22 12:56:37,884 - DEBUG - ag_ui_adk.adk_agent - Emitting event to queue: TextMessageContentEvent (thread 8370759d-1d32-452a-979f-1784bc2eb25e, queue size before: 14)
2026-01-22 12:56:37,884 - DEBUG - ag_ui_adk.adk_agent - Event queued: TextMessageContentEvent (thread 8370759d-1d32-452a-979f-1784bc2eb25e, queue size after: 15)
2026-01-22 12:56:37,885 - DEBUG - ag_ui_adk.adk_agent - Emitting event to queue: TextMessageContentEvent (thread 8370759d-1d32-452a-979f-1784bc2eb25e, queue size before: 15)
2026-01-22 12:56:37,885 - DEBUG - ag_ui_adk.adk_agent - Event queued: TextMessageContentEvent (thread 8370759d-1d32-452a-979f-1784bc2eb25e, queue size after: 16)
2026-01-22 12:56:37,885 - DEBUG - ag_ui_adk.adk_agent - Emitting event to queue: TextMessageContentEvent (thread 8370759d-1d32-452a-979f-1784bc2eb25e, queue size before: 16)
2026-01-22 12:56:37,885 - DEBUG - ag_ui_adk.adk_agent - Event queued: TextMessageContentEvent (thread 8370759d-1d32-452a-979f-1784bc2eb25e, queue size after: 17)
2026-01-22 12:56:37,886 - DEBUG - ag_ui_adk.adk_agent - Emitting event to queue: TextMessageContentEvent (thread 8370759d-1d32-452a-979f-1784bc2eb25e, queue size before: 17)
2026-01-22 12:56:37,886 - DEBUG - ag_ui_adk.adk_agent - Event queued: TextMessageContentEvent (thread 8370759d-1d32-452a-979f-1784bc2eb25e, queue size after: 18)
2026-01-22 12:56:37,886 - DEBUG - ag_ui_adk.adk_agent - Emitting event to queue: TextMessageContentEvent (thread 8370759d-1d32-452a-979f-1784bc2eb25e, queue size before: 18)
2026-01-22 12:56:37,886 - DEBUG - ag_ui_adk.adk_agent - Event queued: TextMessageContentEvent (thread 8370759d-1d32-452a-979f-1784bc2eb25e, queue size after: 19)
2026-01-22 12:56:37,886 - DEBUG - ag_ui_adk.adk_agent - Emitting event to queue: TextMessageContentEvent (thread 8370759d-1d32-452a-979f-1784bc2eb25e, queue size before: 19)
2026-01-22 12:56:37,886 - DEBUG - ag_ui_adk.adk_agent - Event queued: TextMessageContentEvent (thread 8370759d-1d32-452a-979f-1784bc2eb25e, queue size after: 20)
2026-01-22 12:56:37,887 - DEBUG - ag_ui_adk.adk_agent - Emitting event to queue: TextMessageContentEvent (thread 8370759d-1d32-452a-979f-1784bc2eb25e, queue size before: 20)
2026-01-22 12:56:37,887 - DEBUG - ag_ui_adk.adk_agent - Event queued: TextMessageContentEvent (thread 8370759d-1d32-452a-979f-1784bc2eb25e, queue size after: 21)
2026-01-22 12:56:37,887 - DEBUG - ag_ui_adk.adk_agent - Got event #1 from queue: TextMessageStartEvent (thread 8370759d-1d32-452a-979f-1784bc2eb25e)
2026-01-22 12:56:37,887 - DEBUG - ag_ui_adk.adk_agent - Streaming event #1: TextMessageStartEvent (thread 8370759d-1d32-452a-979f-1784bc2eb25e)
2026-01-22 12:56:37,887 - DEBUG - ag_ui_adk.adk_agent - Yielding event: TextMessageStartEvent
2026-01-22 12:56:37,887 - DEBUG - ag_ui_adk.endpoint - HTTP Response: data: {"type":"TEXT_MESSAGE_START","messageId":"902bc37c-9d09-40e5-b3f7-57e6d4715d11","role":"assistant"}


2026-01-22 12:56:37,887 - DEBUG - ag_ui_adk.adk_agent - Waiting for event from queue (thread 8370759d-1d32-452a-979f-1784bc2eb25e, queue size: 20)
2026-01-22 12:56:37,887 - DEBUG - ag_ui_adk.adk_agent - Got event #2 from queue: TextMessageContentEvent (thread 8370759d-1d32-452a-979f-1784bc2eb25e)
2026-01-22 12:56:37,887 - DEBUG - ag_ui_adk.adk_agent - Streaming event #2: TextMessageContentEvent (thread 8370759d-1d32-452a-979f-1784bc2eb25e)
2026-01-22 12:56:37,887 - DEBUG - ag_ui_adk.adk_agent - Yielding event: TextMessageContentEvent
2026-01-22 12:56:37,887 - DEBUG - ag_ui_adk.endpoint - HTTP Response: data: {"type":"TEXT_MESSAGE_CONTENT","messageId":"902bc37c-9d09-40e5-b3f7-57e6d4715d11","delta":"I"}


2026-01-22 12:56:37,887 - DEBUG - ag_ui_adk.adk_agent - Waiting for event from queue (thread 8370759d-1d32-452a-979f-1784bc2eb25e, queue size: 19)
2026-01-22 12:56:37,887 - DEBUG - ag_ui_adk.adk_agent - Got event #3 from queue: TextMessageContentEvent (thread 8370759d-1d32-452a-979f-1784bc2eb25e)
2026-01-22 12:56:37,887 - DEBUG - ag_ui_adk.adk_agent - Streaming event #3: TextMessageContentEvent (thread 8370759d-1d32-452a-979f-1784bc2eb25e)
2026-01-22 12:56:37,887 - DEBUG - ag_ui_adk.adk_agent - Yielding event: TextMessageContentEvent
2026-01-22 12:56:37,887 - DEBUG - ag_ui_adk.endpoint - HTTP Response: data: {"type":"TEXT_MESSAGE_CONTENT","messageId":"902bc37c-9d09-40e5-b3f7-57e6d4715d11","delta":" don"}


2026-01-22 12:56:37,887 - DEBUG - ag_ui_adk.adk_agent - Waiting for event from queue (thread 8370759d-1d32-452a-979f-1784bc2eb25e, queue size: 18)
2026-01-22 12:56:37,887 - DEBUG - ag_ui_adk.adk_agent - Got event #4 from queue: TextMessageContentEvent (thread 8370759d-1d32-452a-979f-1784bc2eb25e)
2026-01-22 12:56:37,887 - DEBUG - ag_ui_adk.adk_agent - Streaming event #4: TextMessageContentEvent (thread 8370759d-1d32-452a-979f-1784bc2eb25e)
2026-01-22 12:56:37,887 - DEBUG - ag_ui_adk.adk_agent - Yielding event: TextMessageContentEvent
2026-01-22 12:56:37,887 - DEBUG - ag_ui_adk.endpoint - HTTP Response: data: {"type":"TEXT_MESSAGE_CONTENT","messageId":"902bc37c-9d09-40e5-b3f7-57e6d4715d11","delta":"’t"}


2026-01-22 12:56:37,887 - DEBUG - ag_ui_adk.adk_agent - Waiting for event from queue (thread 8370759d-1d32-452a-979f-1784bc2eb25e, queue size: 17)
2026-01-22 12:56:37,887 - DEBUG - ag_ui_adk.adk_agent - Got event #5 from queue: TextMessageContentEvent (thread 8370759d-1d32-452a-979f-1784bc2eb25e)
2026-01-22 12:56:37,887 - DEBUG - ag_ui_adk.adk_agent - Streaming event #5: TextMessageContentEvent (thread 8370759d-1d32-452a-979f-1784bc2eb25e)
2026-01-22 12:56:37,887 - DEBUG - ag_ui_adk.adk_agent - Yielding event: TextMessageContentEvent
2026-01-22 12:56:37,887 - DEBUG - ag_ui_adk.endpoint - HTTP Response: data: {"type":"TEXT_MESSAGE_CONTENT","messageId":"902bc37c-9d09-40e5-b3f7-57e6d4715d11","delta":" have"}


2026-01-22 12:56:37,887 - DEBUG - ag_ui_adk.adk_agent - Waiting for event from queue (thread 8370759d-1d32-452a-979f-1784bc2eb25e, queue size: 16)
2026-01-22 12:56:37,887 - DEBUG - ag_ui_adk.adk_agent - Got event #6 from queue: TextMessageContentEvent (thread 8370759d-1d32-452a-979f-1784bc2eb25e)
2026-01-22 12:56:37,887 - DEBUG - ag_ui_adk.adk_agent - Streaming event #6: TextMessageContentEvent (thread 8370759d-1d32-452a-979f-1784bc2eb25e)
2026-01-22 12:56:37,887 - DEBUG - ag_ui_adk.adk_agent - Yielding event: TextMessageContentEvent
2026-01-22 12:56:37,887 - DEBUG - ag_ui_adk.endpoint - HTTP Response: data: {"type":"TEXT_MESSAGE_CONTENT","messageId":"902bc37c-9d09-40e5-b3f7-57e6d4715d11","delta":" access"}


2026-01-22 12:56:37,887 - DEBUG - ag_ui_adk.adk_agent - Waiting for event from queue (thread 8370759d-1d32-452a-979f-1784bc2eb25e, queue size: 15)
2026-01-22 12:56:37,887 - DEBUG - ag_ui_adk.adk_agent - Got event #7 from queue: TextMessageContentEvent (thread 8370759d-1d32-452a-979f-1784bc2eb25e)
2026-01-22 12:56:37,887 - DEBUG - ag_ui_adk.adk_agent - Streaming event #7: TextMessageContentEvent (thread 8370759d-1d32-452a-979f-1784bc2eb25e)
2026-01-22 12:56:37,887 - DEBUG - ag_ui_adk.adk_agent - Yielding event: TextMessageContentEvent
2026-01-22 12:56:37,887 - DEBUG - ag_ui_adk.endpoint - HTTP Response: data: {"type":"TEXT_MESSAGE_CONTENT","messageId":"902bc37c-9d09-40e5-b3f7-57e6d4715d11","delta":" to"}


2026-01-22 12:56:37,887 - DEBUG - ag_ui_adk.adk_agent - Waiting for event from queue (thread 8370759d-1d32-452a-979f-1784bc2eb25e, queue size: 14)
2026-01-22 12:56:37,888 - DEBUG - ag_ui_adk.adk_agent - Got event #8 from queue: TextMessageContentEvent (thread 8370759d-1d32-452a-979f-1784bc2eb25e)
2026-01-22 12:56:37,888 - DEBUG - ag_ui_adk.adk_agent - Streaming event #8: TextMessageContentEvent (thread 8370759d-1d32-452a-979f-1784bc2eb25e)
2026-01-22 12:56:37,888 - DEBUG - ag_ui_adk.adk_agent - Yielding event: TextMessageContentEvent
2026-01-22 12:56:37,888 - DEBUG - ag_ui_adk.endpoint - HTTP Response: data: {"type":"TEXT_MESSAGE_CONTENT","messageId":"902bc37c-9d09-40e5-b3f7-57e6d4715d11","delta":" your"}


2026-01-22 12:56:37,888 - DEBUG - ag_ui_adk.adk_agent - Waiting for event from queue (thread 8370759d-1d32-452a-979f-1784bc2eb25e, queue size: 13)
2026-01-22 12:56:37,888 - DEBUG - ag_ui_adk.adk_agent - Got event #9 from queue: TextMessageContentEvent (thread 8370759d-1d32-452a-979f-1784bc2eb25e)
2026-01-22 12:56:37,888 - DEBUG - ag_ui_adk.adk_agent - Streaming event #9: TextMessageContentEvent (thread 8370759d-1d32-452a-979f-1784bc2eb25e)
2026-01-22 12:56:37,888 - DEBUG - ag_ui_adk.adk_agent - Yielding event: TextMessageContentEvent
2026-01-22 12:56:37,888 - DEBUG - ag_ui_adk.endpoint - HTTP Response: data: {"type":"TEXT_MESSAGE_CONTENT","messageId":"902bc37c-9d09-40e5-b3f7-57e6d4715d11","delta":" inventory"}


2026-01-22 12:56:37,888 - DEBUG - ag_ui_adk.adk_agent - Waiting for event from queue (thread 8370759d-1d32-452a-979f-1784bc2eb25e, queue size: 12)
2026-01-22 12:56:37,888 - DEBUG - ag_ui_adk.adk_agent - Got event #10 from queue: TextMessageContentEvent (thread 8370759d-1d32-452a-979f-1784bc2eb25e)
2026-01-22 12:56:37,888 - DEBUG - ag_ui_adk.adk_agent - Streaming event #10: TextMessageContentEvent (thread 8370759d-1d32-452a-979f-1784bc2eb25e)
2026-01-22 12:56:37,888 - DEBUG - ag_ui_adk.adk_agent - Yielding event: TextMessageContentEvent
2026-01-22 12:56:37,888 - DEBUG - ag_ui_adk.endpoint - HTTP Response: data: {"type":"TEXT_MESSAGE_CONTENT","messageId":"902bc37c-9d09-40e5-b3f7-57e6d4715d11","delta":" system"}


2026-01-22 12:56:37,888 - DEBUG - ag_ui_adk.adk_agent - Waiting for event from queue (thread 8370759d-1d32-452a-979f-1784bc2eb25e, queue size: 11)
2026-01-22 12:56:37,888 - DEBUG - ag_ui_adk.adk_agent - Got event #11 from queue: TextMessageContentEvent (thread 8370759d-1d32-452a-979f-1784bc2eb25e)
2026-01-22 12:56:37,888 - DEBUG - ag_ui_adk.adk_agent - Streaming event #11: TextMessageContentEvent (thread 8370759d-1d32-452a-979f-1784bc2eb25e)
2026-01-22 12:56:37,888 - DEBUG - ag_ui_adk.adk_agent - Yielding event: TextMessageContentEvent
2026-01-22 12:56:37,889 - DEBUG - ag_ui_adk.endpoint - HTTP Response: data: {"type":"TEXT_MESSAGE_CONTENT","messageId":"902bc37c-9d09-40e5-b3f7-57e6d4715d11","delta":" —"}


2026-01-22 12:56:37,889 - DEBUG - ag_ui_adk.adk_agent - Waiting for event from queue (thread 8370759d-1d32-452a-979f-1784bc2eb25e, queue size: 10)
2026-01-22 12:56:37,889 - DEBUG - ag_ui_adk.adk_agent - Got event #12 from queue: TextMessageContentEvent (thread 8370759d-1d32-452a-979f-1784bc2eb25e)
2026-01-22 12:56:37,889 - DEBUG - ag_ui_adk.adk_agent - Streaming event #12: TextMessageContentEvent (thread 8370759d-1d32-452a-979f-1784bc2eb25e)
2026-01-22 12:56:37,889 - DEBUG - ag_ui_adk.adk_agent - Yielding event: TextMessageContentEvent
2026-01-22 12:56:37,889 - DEBUG - ag_ui_adk.endpoint - HTTP Response: data: {"type":"TEXT_MESSAGE_CONTENT","messageId":"902bc37c-9d09-40e5-b3f7-57e6d4715d11","delta":" could"}


2026-01-22 12:56:37,889 - DEBUG - ag_ui_adk.adk_agent - Waiting for event from queue (thread 8370759d-1d32-452a-979f-1784bc2eb25e, queue size: 9)
2026-01-22 12:56:37,889 - DEBUG - ag_ui_adk.adk_agent - Got event #13 from queue: TextMessageContentEvent (thread 8370759d-1d32-452a-979f-1784bc2eb25e)
2026-01-22 12:56:37,889 - DEBUG - ag_ui_adk.adk_agent - Streaming event #13: TextMessageContentEvent (thread 8370759d-1d32-452a-979f-1784bc2eb25e)
2026-01-22 12:56:37,889 - DEBUG - ag_ui_adk.adk_agent - Yielding event: TextMessageContentEvent
2026-01-22 12:56:37,889 - DEBUG - ag_ui_adk.endpoint - HTTP Response: data: {"type":"TEXT_MESSAGE_CONTENT","messageId":"902bc37c-9d09-40e5-b3f7-57e6d4715d11","delta":" you"}


2026-01-22 12:56:37,889 - DEBUG - ag_ui_adk.adk_agent - Waiting for event from queue (thread 8370759d-1d32-452a-979f-1784bc2eb25e, queue size: 8)
2026-01-22 12:56:37,889 - DEBUG - ag_ui_adk.adk_agent - Got event #14 from queue: TextMessageContentEvent (thread 8370759d-1d32-452a-979f-1784bc2eb25e)
2026-01-22 12:56:37,889 - DEBUG - ag_ui_adk.adk_agent - Streaming event #14: TextMessageContentEvent (thread 8370759d-1d32-452a-979f-1784bc2eb25e)
2026-01-22 12:56:37,889 - DEBUG - ag_ui_adk.adk_agent - Yielding event: TextMessageContentEvent
2026-01-22 12:56:37,889 - DEBUG - ag_ui_adk.endpoint - HTTP Response: data: {"type":"TEXT_MESSAGE_CONTENT","messageId":"902bc37c-9d09-40e5-b3f7-57e6d4715d11","delta":" tell"}


2026-01-22 12:56:37,889 - DEBUG - ag_ui_adk.adk_agent - Waiting for event from queue (thread 8370759d-1d32-452a-979f-1784bc2eb25e, queue size: 7)
2026-01-22 12:56:37,889 - DEBUG - ag_ui_adk.adk_agent - Got event #15 from queue: TextMessageContentEvent (thread 8370759d-1d32-452a-979f-1784bc2eb25e)
2026-01-22 12:56:37,889 - DEBUG - ag_ui_adk.adk_agent - Streaming event #15: TextMessageContentEvent (thread 8370759d-1d32-452a-979f-1784bc2eb25e)
2026-01-22 12:56:37,889 - DEBUG - ag_ui_adk.adk_agent - Yielding event: TextMessageContentEvent
2026-01-22 12:56:37,889 - DEBUG - ag_ui_adk.endpoint - HTTP Response: data: {"type":"TEXT_MESSAGE_CONTENT","messageId":"902bc37c-9d09-40e5-b3f7-57e6d4715d11","delta":" me"}


2026-01-22 12:56:37,889 - DEBUG - ag_ui_adk.adk_agent - Waiting for event from queue (thread 8370759d-1d32-452a-979f-1784bc2eb25e, queue size: 6)
2026-01-22 12:56:37,889 - DEBUG - ag_ui_adk.adk_agent - Got event #16 from queue: TextMessageContentEvent (thread 8370759d-1d32-452a-979f-1784bc2eb25e)
2026-01-22 12:56:37,889 - DEBUG - ag_ui_adk.adk_agent - Streaming event #16: TextMessageContentEvent (thread 8370759d-1d32-452a-979f-1784bc2eb25e)
2026-01-22 12:56:37,889 - DEBUG - ag_ui_adk.adk_agent - Yielding event: TextMessageContentEvent
2026-01-22 12:56:37,889 - DEBUG - ag_ui_adk.endpoint - HTTP Response: data: {"type":"TEXT_MESSAGE_CONTENT","messageId":"902bc37c-9d09-40e5-b3f7-57e6d4715d11","delta":" where"}


2026-01-22 12:56:37,889 - DEBUG - ag_ui_adk.adk_agent - Waiting for event from queue (thread 8370759d-1d32-452a-979f-1784bc2eb25e, queue size: 5)
2026-01-22 12:56:37,889 - DEBUG - ag_ui_adk.adk_agent - Got event #17 from queue: TextMessageContentEvent (thread 8370759d-1d32-452a-979f-1784bc2eb25e)
2026-01-22 12:56:37,889 - DEBUG - ag_ui_adk.adk_agent - Streaming event #17: TextMessageContentEvent (thread 8370759d-1d32-452a-979f-1784bc2eb25e)
2026-01-22 12:56:37,889 - DEBUG - ag_ui_adk.adk_agent - Yielding event: TextMessageContentEvent
2026-01-22 12:56:37,889 - DEBUG - ag_ui_adk.endpoint - HTTP Response: data: {"type":"TEXT_MESSAGE_CONTENT","messageId":"902bc37c-9d09-40e5-b3f7-57e6d4715d11","delta":" to"}


2026-01-22 12:56:37,889 - DEBUG - ag_ui_adk.adk_agent - Waiting for event from queue (thread 8370759d-1d32-452a-979f-1784bc2eb25e, queue size: 4)
2026-01-22 12:56:37,889 - DEBUG - ag_ui_adk.adk_agent - Got event #18 from queue: TextMessageContentEvent (thread 8370759d-1d32-452a-979f-1784bc2eb25e)
2026-01-22 12:56:37,889 - DEBUG - ag_ui_adk.adk_agent - Streaming event #18: TextMessageContentEvent (thread 8370759d-1d32-452a-979f-1784bc2eb25e)
2026-01-22 12:56:37,889 - DEBUG - ag_ui_adk.adk_agent - Yielding event: TextMessageContentEvent
2026-01-22 12:56:37,889 - DEBUG - ag_ui_adk.endpoint - HTTP Response: data: {"type":"TEXT_MESSAGE_CONTENT","messageId":"902bc37c-9d09-40e5-b3f7-57e6d4715d11","delta":" pull"}


2026-01-22 12:56:37,889 - DEBUG - ag_ui_adk.adk_agent - Waiting for event from queue (thread 8370759d-1d32-452a-979f-1784bc2eb25e, queue size: 3)
2026-01-22 12:56:37,889 - DEBUG - ag_ui_adk.adk_agent - Got event #19 from queue: TextMessageContentEvent (thread 8370759d-1d32-452a-979f-1784bc2eb25e)
2026-01-22 12:56:37,889 - DEBUG - ag_ui_adk.adk_agent - Streaming event #19: TextMessageContentEvent (thread 8370759d-1d32-452a-979f-1784bc2eb25e)
2026-01-22 12:56:37,889 - DEBUG - ag_ui_adk.adk_agent - Yielding event: TextMessageContentEvent
2026-01-22 12:56:37,889 - DEBUG - ag_ui_adk.endpoint - HTTP Response: data: {"type":"TEXT_MESSAGE_CONTENT","messageId":"902bc37c-9d09-40e5-b3f7-57e6d4715d11","delta":" the"}


2026-01-22 12:56:37,889 - DEBUG - ag_ui_adk.adk_agent - Waiting for event from queue (thread 8370759d-1d32-452a-979f-1784bc2eb25e, queue size: 2)
2026-01-22 12:56:37,889 - DEBUG - ag_ui_adk.adk_agent - Got event #20 from queue: TextMessageContentEvent (thread 8370759d-1d32-452a-979f-1784bc2eb25e)
2026-01-22 12:56:37,889 - DEBUG - ag_ui_adk.adk_agent - Streaming event #20: TextMessageContentEvent (thread 8370759d-1d32-452a-979f-1784bc2eb25e)
2026-01-22 12:56:37,889 - DEBUG - ag_ui_adk.adk_agent - Yielding event: TextMessageContentEvent
2026-01-22 12:56:37,889 - DEBUG - ag_ui_adk.endpoint - HTTP Response: data: {"type":"TEXT_MESSAGE_CONTENT","messageId":"902bc37c-9d09-40e5-b3f7-57e6d4715d11","delta":" stock"}


2026-01-22 12:56:37,890 - DEBUG - ag_ui_adk.adk_agent - Waiting for event from queue (thread 8370759d-1d32-452a-979f-1784bc2eb25e, queue size: 1)
2026-01-22 12:56:37,890 - DEBUG - ag_ui_adk.adk_agent - Got event #21 from queue: TextMessageContentEvent (thread 8370759d-1d32-452a-979f-1784bc2eb25e)
2026-01-22 12:56:37,890 - DEBUG - ag_ui_adk.adk_agent - Streaming event #21: TextMessageContentEvent (thread 8370759d-1d32-452a-979f-1784bc2eb25e)
2026-01-22 12:56:37,890 - DEBUG - ag_ui_adk.adk_agent - Yielding event: TextMessageContentEvent
2026-01-22 12:56:37,890 - DEBUG - ag_ui_adk.endpoint - HTTP Response: data: {"type":"TEXT_MESSAGE_CONTENT","messageId":"902bc37c-9d09-40e5-b3f7-57e6d4715d11","delta":" data"}


2026-01-22 12:56:37,890 - DEBUG - ag_ui_adk.adk_agent - Waiting for event from queue (thread 8370759d-1d32-452a-979f-1784bc2eb25e, queue size: 0)
2026-01-22 12:56:37,959 - DEBUG - ag_ui_adk.adk_agent - Emitting event to queue: TextMessageContentEvent (thread 8370759d-1d32-452a-979f-1784bc2eb25e, queue size before: 0)
2026-01-22 12:56:37,959 - DEBUG - ag_ui_adk.adk_agent - Event queued: TextMessageContentEvent (thread 8370759d-1d32-452a-979f-1784bc2eb25e, queue size after: 1)
2026-01-22 12:56:37,960 - DEBUG - ag_ui_adk.adk_agent - Emitting event to queue: TextMessageContentEvent (thread 8370759d-1d32-452a-979f-1784bc2eb25e, queue size before: 1)
2026-01-22 12:56:37,960 - DEBUG - ag_ui_adk.adk_agent - Event queued: TextMessageContentEvent (thread 8370759d-1d32-452a-979f-1784bc2eb25e, queue size after: 2)
2026-01-22 12:56:37,960 - DEBUG - ag_ui_adk.adk_agent - Emitting event to queue: TextMessageContentEvent (thread 8370759d-1d32-452a-979f-1784bc2eb25e, queue size before: 2)
2026-01-22 12:56:37,960 - DEBUG - ag_ui_adk.adk_agent - Event queued: TextMessageContentEvent (thread 8370759d-1d32-452a-979f-1784bc2eb25e, queue size after: 3)
2026-01-22 12:56:37,961 - DEBUG - ag_ui_adk.adk_agent - Emitting event to queue: TextMessageContentEvent (thread 8370759d-1d32-452a-979f-1784bc2eb25e, queue size before: 3)
2026-01-22 12:56:37,961 - DEBUG - ag_ui_adk.adk_agent - Event queued: TextMessageContentEvent (thread 8370759d-1d32-452a-979f-1784bc2eb25e, queue size after: 4)
2026-01-22 12:56:37,961 - DEBUG - ag_ui_adk.adk_agent - Emitting event to queue: TextMessageContentEvent (thread 8370759d-1d32-452a-979f-1784bc2eb25e, queue size before: 4)
2026-01-22 12:56:37,961 - DEBUG - ag_ui_adk.adk_agent - Event queued: TextMessageContentEvent (thread 8370759d-1d32-452a-979f-1784bc2eb25e, queue size after: 5)
2026-01-22 12:56:37,961 - DEBUG - ag_ui_adk.adk_agent - Emitting event to queue: TextMessageContentEvent (thread 8370759d-1d32-452a-979f-1784bc2eb25e, queue size before: 5)
2026-01-22 12:56:37,961 - DEBUG - ag_ui_adk.adk_agent - Event queued: TextMessageContentEvent (thread 8370759d-1d32-452a-979f-1784bc2eb25e, queue size after: 6)
2026-01-22 12:56:37,962 - DEBUG - ag_ui_adk.adk_agent - Emitting event to queue: TextMessageContentEvent (thread 8370759d-1d32-452a-979f-1784bc2eb25e, queue size before: 6)
2026-01-22 12:56:37,962 - DEBUG - ag_ui_adk.adk_agent - Event queued: TextMessageContentEvent (thread 8370759d-1d32-452a-979f-1784bc2eb25e, queue size after: 7)
2026-01-22 12:56:37,963 - DEBUG - ag_ui_adk.adk_agent - Emitting event to queue: TextMessageContentEvent (thread 8370759d-1d32-452a-979f-1784bc2eb25e, queue size before: 7)
2026-01-22 12:56:37,963 - DEBUG - ag_ui_adk.adk_agent - Event queued: TextMessageContentEvent (thread 8370759d-1d32-452a-979f-1784bc2eb25e, queue size after: 8)
2026-01-22 12:56:37,963 - DEBUG - ag_ui_adk.adk_agent - Emitting event to queue: TextMessageContentEvent (thread 8370759d-1d32-452a-979f-1784bc2eb25e, queue size before: 8)
2026-01-22 12:56:37,963 - DEBUG - ag_ui_adk.adk_agent - Event queued: TextMessageContentEvent (thread 8370759d-1d32-452a-979f-1784bc2eb25e, queue size after: 9)
2026-01-22 12:56:37,964 - DEBUG - ag_ui_adk.adk_agent - Emitting event to queue: TextMessageContentEvent (thread 8370759d-1d32-452a-979f-1784bc2eb25e, queue size before: 9)
2026-01-22 12:56:37,964 - DEBUG - ag_ui_adk.adk_agent - Event queued: TextMessageContentEvent (thread 8370759d-1d32-452a-979f-1784bc2eb25e, queue size after: 10)
2026-01-22 12:56:37,965 - DEBUG - ag_ui_adk.adk_agent - Emitting event to queue: TextMessageContentEvent (thread 8370759d-1d32-452a-979f-1784bc2eb25e, queue size before: 10)
2026-01-22 12:56:37,965 - DEBUG - ag_ui_adk.adk_agent - Event queued: TextMessageContentEvent (thread 8370759d-1d32-452a-979f-1784bc2eb25e, queue size after: 11)
2026-01-22 12:56:37,965 - DEBUG - ag_ui_adk.adk_agent - Emitting event to queue: TextMessageContentEvent (thread 8370759d-1d32-452a-979f-1784bc2eb25e, queue size before: 11)
2026-01-22 12:56:37,965 - DEBUG - ag_ui_adk.adk_agent - Event queued: TextMessageContentEvent (thread 8370759d-1d32-452a-979f-1784bc2eb25e, queue size after: 12)
2026-01-22 12:56:37,965 - DEBUG - ag_ui_adk.adk_agent - Emitting event to queue: TextMessageContentEvent (thread 8370759d-1d32-452a-979f-1784bc2eb25e, queue size before: 12)
2026-01-22 12:56:37,965 - DEBUG - ag_ui_adk.adk_agent - Event queued: TextMessageContentEvent (thread 8370759d-1d32-452a-979f-1784bc2eb25e, queue size after: 13)
2026-01-22 12:56:37,966 - DEBUG - ag_ui_adk.adk_agent - Emitting event to queue: TextMessageContentEvent (thread 8370759d-1d32-452a-979f-1784bc2eb25e, queue size before: 13)
2026-01-22 12:56:37,966 - DEBUG - ag_ui_adk.adk_agent - Event queued: TextMessageContentEvent (thread 8370759d-1d32-452a-979f-1784bc2eb25e, queue size after: 14)
2026-01-22 12:56:37,966 - DEBUG - ag_ui_adk.adk_agent - Emitting event to queue: TextMessageContentEvent (thread 8370759d-1d32-452a-979f-1784bc2eb25e, queue size before: 14)
2026-01-22 12:56:37,966 - DEBUG - ag_ui_adk.adk_agent - Event queued: TextMessageContentEvent (thread 8370759d-1d32-452a-979f-1784bc2eb25e, queue size after: 15)
2026-01-22 12:56:37,967 - DEBUG - ag_ui_adk.adk_agent - Emitting event to queue: TextMessageContentEvent (thread 8370759d-1d32-452a-979f-1784bc2eb25e, queue size before: 15)
2026-01-22 12:56:37,967 - DEBUG - ag_ui_adk.adk_agent - Event queued: TextMessageContentEvent (thread 8370759d-1d32-452a-979f-1784bc2eb25e, queue size after: 16)
2026-01-22 12:56:37,967 - DEBUG - ag_ui_adk.adk_agent - Emitting event to queue: TextMessageContentEvent (thread 8370759d-1d32-452a-979f-1784bc2eb25e, queue size before: 16)
2026-01-22 12:56:37,967 - DEBUG - ag_ui_adk.adk_agent - Event queued: TextMessageContentEvent (thread 8370759d-1d32-452a-979f-1784bc2eb25e, queue size after: 17)
2026-01-22 12:56:37,967 - DEBUG - ag_ui_adk.adk_agent - Emitting event to queue: TextMessageContentEvent (thread 8370759d-1d32-452a-979f-1784bc2eb25e, queue size before: 17)
2026-01-22 12:56:37,967 - DEBUG - ag_ui_adk.adk_agent - Event queued: TextMessageContentEvent (thread 8370759d-1d32-452a-979f-1784bc2eb25e, queue size after: 18)
2026-01-22 12:56:37,968 - DEBUG - ag_ui_adk.adk_agent - Emitting event to queue: TextMessageContentEvent (thread 8370759d-1d32-452a-979f-1784bc2eb25e, queue size before: 18)
2026-01-22 12:56:37,968 - DEBUG - ag_ui_adk.adk_agent - Event queued: TextMessageContentEvent (thread 8370759d-1d32-452a-979f-1784bc2eb25e, queue size after: 19)
2026-01-22 12:56:37,968 - DEBUG - ag_ui_adk.adk_agent - Emitting event to queue: TextMessageContentEvent (thread 8370759d-1d32-452a-979f-1784bc2eb25e, queue size before: 19)
2026-01-22 12:56:37,968 - DEBUG - ag_ui_adk.adk_agent - Event queued: TextMessageContentEvent (thread 8370759d-1d32-452a-979f-1784bc2eb25e, queue size after: 20)
2026-01-22 12:56:37,968 - DEBUG - ag_ui_adk.adk_agent - Emitting event to queue: TextMessageContentEvent (thread 8370759d-1d32-452a-979f-1784bc2eb25e, queue size before: 20)
2026-01-22 12:56:37,968 - DEBUG - ag_ui_adk.adk_agent - Event queued: TextMessageContentEvent (thread 8370759d-1d32-452a-979f-1784bc2eb25e, queue size after: 21)
2026-01-22 12:56:37,969 - DEBUG - ag_ui_adk.adk_agent - Emitting event to queue: TextMessageContentEvent (thread 8370759d-1d32-452a-979f-1784bc2eb25e, queue size before: 21)
2026-01-22 12:56:37,969 - DEBUG - ag_ui_adk.adk_agent - Event queued: TextMessageContentEvent (thread 8370759d-1d32-452a-979f-1784bc2eb25e, queue size after: 22)
2026-01-22 12:56:37,970 - DEBUG - ag_ui_adk.adk_agent - Emitting event to queue: TextMessageContentEvent (thread 8370759d-1d32-452a-979f-1784bc2eb25e, queue size before: 22)
2026-01-22 12:56:37,970 - DEBUG - ag_ui_adk.adk_agent - Event queued: TextMessageContentEvent (thread 8370759d-1d32-452a-979f-1784bc2eb25e, queue size after: 23)
2026-01-22 12:56:37,970 - DEBUG - ag_ui_adk.adk_agent - Emitting event to queue: TextMessageContentEvent (thread 8370759d-1d32-452a-979f-1784bc2eb25e, queue size before: 23)
2026-01-22 12:56:37,970 - DEBUG - ag_ui_adk.adk_agent - Event queued: TextMessageContentEvent (thread 8370759d-1d32-452a-979f-1784bc2eb25e, queue size after: 24)
2026-01-22 12:56:37,970 - DEBUG - ag_ui_adk.adk_agent - Got event #22 from queue: TextMessageContentEvent (thread 8370759d-1d32-452a-979f-1784bc2eb25e)
2026-01-22 12:56:37,970 - DEBUG - ag_ui_adk.adk_agent - Streaming event #22: TextMessageContentEvent (thread 8370759d-1d32-452a-979f-1784bc2eb25e)
2026-01-22 12:56:37,970 - DEBUG - ag_ui_adk.adk_agent - Yielding event: TextMessageContentEvent
2026-01-22 12:56:37,970 - DEBUG - ag_ui_adk.endpoint - HTTP Response: data: {"type":"TEXT_MESSAGE_CONTENT","messageId":"902bc37c-9d09-40e5-b3f7-57e6d4715d11","delta":" from"}


2026-01-22 12:56:37,970 - DEBUG - ag_ui_adk.adk_agent - Waiting for event from queue (thread 8370759d-1d32-452a-979f-1784bc2eb25e, queue size: 23)
2026-01-22 12:56:37,970 - DEBUG - ag_ui_adk.adk_agent - Got event #23 from queue: TextMessageContentEvent (thread 8370759d-1d32-452a-979f-1784bc2eb25e)
2026-01-22 12:56:37,970 - DEBUG - ag_ui_adk.adk_agent - Streaming event #23: TextMessageContentEvent (thread 8370759d-1d32-452a-979f-1784bc2eb25e)
2026-01-22 12:56:37,970 - DEBUG - ag_ui_adk.adk_agent - Yielding event: TextMessageContentEvent
2026-01-22 12:56:37,970 - DEBUG - ag_ui_adk.endpoint - HTTP Response: data: {"type":"TEXT_MESSAGE_CONTENT","messageId":"902bc37c-9d09-40e5-b3f7-57e6d4715d11","delta":" and"}


2026-01-22 12:56:37,970 - DEBUG - ag_ui_adk.adk_agent - Waiting for event from queue (thread 8370759d-1d32-452a-979f-1784bc2eb25e, queue size: 22)
2026-01-22 12:56:37,970 - DEBUG - ag_ui_adk.adk_agent - Got event #24 from queue: TextMessageContentEvent (thread 8370759d-1d32-452a-979f-1784bc2eb25e)
2026-01-22 12:56:37,970 - DEBUG - ag_ui_adk.adk_agent - Streaming event #24: TextMessageContentEvent (thread 8370759d-1d32-452a-979f-1784bc2eb25e)
2026-01-22 12:56:37,970 - DEBUG - ag_ui_adk.adk_agent - Yielding event: TextMessageContentEvent
2026-01-22 12:56:37,970 - DEBUG - ag_ui_adk.endpoint - HTTP Response: data: {"type":"TEXT_MESSAGE_CONTENT","messageId":"902bc37c-9d09-40e5-b3f7-57e6d4715d11","delta":" what"}


2026-01-22 12:56:37,970 - DEBUG - ag_ui_adk.adk_agent - Waiting for event from queue (thread 8370759d-1d32-452a-979f-1784bc2eb25e, queue size: 21)
2026-01-22 12:56:37,970 - DEBUG - ag_ui_adk.adk_agent - Got event #25 from queue: TextMessageContentEvent (thread 8370759d-1d32-452a-979f-1784bc2eb25e)
2026-01-22 12:56:37,970 - DEBUG - ag_ui_adk.adk_agent - Streaming event #25: TextMessageContentEvent (thread 8370759d-1d32-452a-979f-1784bc2eb25e)
2026-01-22 12:56:37,970 - DEBUG - ag_ui_adk.adk_agent - Yielding event: TextMessageContentEvent
2026-01-22 12:56:37,970 - DEBUG - ag_ui_adk.endpoint - HTTP Response: data: {"type":"TEXT_MESSAGE_CONTENT","messageId":"902bc37c-9d09-40e5-b3f7-57e6d4715d11","delta":" you"}


2026-01-22 12:56:37,970 - DEBUG - ag_ui_adk.adk_agent - Waiting for event from queue (thread 8370759d-1d32-452a-979f-1784bc2eb25e, queue size: 20)
2026-01-22 12:56:37,970 - DEBUG - ag_ui_adk.adk_agent - Got event #26 from queue: TextMessageContentEvent (thread 8370759d-1d32-452a-979f-1784bc2eb25e)
2026-01-22 12:56:37,970 - DEBUG - ag_ui_adk.adk_agent - Streaming event #26: TextMessageContentEvent (thread 8370759d-1d32-452a-979f-1784bc2eb25e)
2026-01-22 12:56:37,970 - DEBUG - ag_ui_adk.adk_agent - Yielding event: TextMessageContentEvent
2026-01-22 12:56:37,970 - DEBUG - ag_ui_adk.endpoint - HTTP Response: data: {"type":"TEXT_MESSAGE_CONTENT","messageId":"902bc37c-9d09-40e5-b3f7-57e6d4715d11","delta":" want"}


2026-01-22 12:56:37,971 - DEBUG - ag_ui_adk.adk_agent - Waiting for event from queue (thread 8370759d-1d32-452a-979f-1784bc2eb25e, queue size: 19)
2026-01-22 12:56:37,971 - DEBUG - ag_ui_adk.adk_agent - Got event #27 from queue: TextMessageContentEvent (thread 8370759d-1d32-452a-979f-1784bc2eb25e)
2026-01-22 12:56:37,971 - DEBUG - ag_ui_adk.adk_agent - Streaming event #27: TextMessageContentEvent (thread 8370759d-1d32-452a-979f-1784bc2eb25e)
2026-01-22 12:56:37,971 - DEBUG - ag_ui_adk.adk_agent - Yielding event: TextMessageContentEvent
2026-01-22 12:56:37,971 - DEBUG - ag_ui_adk.endpoint - HTTP Response: data: {"type":"TEXT_MESSAGE_CONTENT","messageId":"902bc37c-9d09-40e5-b3f7-57e6d4715d11","delta":" shown"}


2026-01-22 12:56:37,971 - DEBUG - ag_ui_adk.adk_agent - Waiting for event from queue (thread 8370759d-1d32-452a-979f-1784bc2eb25e, queue size: 18)
2026-01-22 12:56:37,971 - DEBUG - ag_ui_adk.adk_agent - Got event #28 from queue: TextMessageContentEvent (thread 8370759d-1d32-452a-979f-1784bc2eb25e)
2026-01-22 12:56:37,971 - DEBUG - ag_ui_adk.adk_agent - Streaming event #28: TextMessageContentEvent (thread 8370759d-1d32-452a-979f-1784bc2eb25e)
2026-01-22 12:56:37,971 - DEBUG - ag_ui_adk.adk_agent - Yielding event: TextMessageContentEvent
2026-01-22 12:56:37,971 - DEBUG - ag_ui_adk.endpoint - HTTP Response: data: {"type":"TEXT_MESSAGE_CONTENT","messageId":"902bc37c-9d09-40e5-b3f7-57e6d4715d11","delta":"?\n\n"}


2026-01-22 12:56:37,971 - DEBUG - ag_ui_adk.adk_agent - Waiting for event from queue (thread 8370759d-1d32-452a-979f-1784bc2eb25e, queue size: 17)
2026-01-22 12:56:37,971 - DEBUG - ag_ui_adk.adk_agent - Got event #29 from queue: TextMessageContentEvent (thread 8370759d-1d32-452a-979f-1784bc2eb25e)
2026-01-22 12:56:37,971 - DEBUG - ag_ui_adk.adk_agent - Streaming event #29: TextMessageContentEvent (thread 8370759d-1d32-452a-979f-1784bc2eb25e)
2026-01-22 12:56:37,971 - DEBUG - ag_ui_adk.adk_agent - Yielding event: TextMessageContentEvent
2026-01-22 12:56:37,971 - DEBUG - ag_ui_adk.endpoint - HTTP Response: data: {"type":"TEXT_MESSAGE_CONTENT","messageId":"902bc37c-9d09-40e5-b3f7-57e6d4715d11","delta":"Quick"}


2026-01-22 12:56:37,971 - DEBUG - ag_ui_adk.adk_agent - Waiting for event from queue (thread 8370759d-1d32-452a-979f-1784bc2eb25e, queue size: 16)
2026-01-22 12:56:37,971 - DEBUG - ag_ui_adk.adk_agent - Got event #30 from queue: TextMessageContentEvent (thread 8370759d-1d32-452a-979f-1784bc2eb25e)
2026-01-22 12:56:37,971 - DEBUG - ag_ui_adk.adk_agent - Streaming event #30: TextMessageContentEvent (thread 8370759d-1d32-452a-979f-1784bc2eb25e)
2026-01-22 12:56:37,971 - DEBUG - ag_ui_adk.adk_agent - Yielding event: TextMessageContentEvent
2026-01-22 12:56:37,971 - DEBUG - ag_ui_adk.endpoint - HTTP Response: data: {"type":"TEXT_MESSAGE_CONTENT","messageId":"902bc37c-9d09-40e5-b3f7-57e6d4715d11","delta":" questions"}


2026-01-22 12:56:37,971 - DEBUG - ag_ui_adk.adk_agent - Waiting for event from queue (thread 8370759d-1d32-452a-979f-1784bc2eb25e, queue size: 15)
2026-01-22 12:56:37,971 - DEBUG - ag_ui_adk.adk_agent - Got event #31 from queue: TextMessageContentEvent (thread 8370759d-1d32-452a-979f-1784bc2eb25e)
2026-01-22 12:56:37,971 - DEBUG - ag_ui_adk.adk_agent - Streaming event #31: TextMessageContentEvent (thread 8370759d-1d32-452a-979f-1784bc2eb25e)
2026-01-22 12:56:37,971 - DEBUG - ag_ui_adk.adk_agent - Yielding event: TextMessageContentEvent
2026-01-22 12:56:37,971 - DEBUG - ag_ui_adk.endpoint - HTTP Response: data: {"type":"TEXT_MESSAGE_CONTENT","messageId":"902bc37c-9d09-40e5-b3f7-57e6d4715d11","delta":" to"}


2026-01-22 12:56:37,971 - DEBUG - ag_ui_adk.adk_agent - Waiting for event from queue (thread 8370759d-1d32-452a-979f-1784bc2eb25e, queue size: 14)
2026-01-22 12:56:37,971 - DEBUG - ag_ui_adk.adk_agent - Got event #32 from queue: TextMessageContentEvent (thread 8370759d-1d32-452a-979f-1784bc2eb25e)
2026-01-22 12:56:37,971 - DEBUG - ag_ui_adk.adk_agent - Streaming event #32: TextMessageContentEvent (thread 8370759d-1d32-452a-979f-1784bc2eb25e)
2026-01-22 12:56:37,971 - DEBUG - ag_ui_adk.adk_agent - Yielding event: TextMessageContentEvent
2026-01-22 12:56:37,971 - DEBUG - ag_ui_adk.endpoint - HTTP Response: data: {"type":"TEXT_MESSAGE_CONTENT","messageId":"902bc37c-9d09-40e5-b3f7-57e6d4715d11","delta":" help"}


2026-01-22 12:56:37,971 - DEBUG - ag_ui_adk.adk_agent - Waiting for event from queue (thread 8370759d-1d32-452a-979f-1784bc2eb25e, queue size: 13)
2026-01-22 12:56:37,971 - DEBUG - ag_ui_adk.adk_agent - Got event #33 from queue: TextMessageContentEvent (thread 8370759d-1d32-452a-979f-1784bc2eb25e)
2026-01-22 12:56:37,971 - DEBUG - ag_ui_adk.adk_agent - Streaming event #33: TextMessageContentEvent (thread 8370759d-1d32-452a-979f-1784bc2eb25e)
2026-01-22 12:56:37,971 - DEBUG - ag_ui_adk.adk_agent - Yielding event: TextMessageContentEvent
2026-01-22 12:56:37,971 - DEBUG - ag_ui_adk.endpoint - HTTP Response: data: {"type":"TEXT_MESSAGE_CONTENT","messageId":"902bc37c-9d09-40e5-b3f7-57e6d4715d11","delta":":\n"}


2026-01-22 12:56:37,971 - DEBUG - ag_ui_adk.adk_agent - Waiting for event from queue (thread 8370759d-1d32-452a-979f-1784bc2eb25e, queue size: 12)
2026-01-22 12:56:37,971 - DEBUG - ag_ui_adk.adk_agent - Got event #34 from queue: TextMessageContentEvent (thread 8370759d-1d32-452a-979f-1784bc2eb25e)
2026-01-22 12:56:37,971 - DEBUG - ag_ui_adk.adk_agent - Streaming event #34: TextMessageContentEvent (thread 8370759d-1d32-452a-979f-1784bc2eb25e)
2026-01-22 12:56:37,971 - DEBUG - ag_ui_adk.adk_agent - Yielding event: TextMessageContentEvent
2026-01-22 12:56:37,971 - DEBUG - ag_ui_adk.endpoint - HTTP Response: data: {"type":"TEXT_MESSAGE_CONTENT","messageId":"902bc37c-9d09-40e5-b3f7-57e6d4715d11","delta":"-"}


2026-01-22 12:56:37,971 - DEBUG - ag_ui_adk.adk_agent - Waiting for event from queue (thread 8370759d-1d32-452a-979f-1784bc2eb25e, queue size: 11)
2026-01-22 12:56:37,971 - DEBUG - ag_ui_adk.adk_agent - Got event #35 from queue: TextMessageContentEvent (thread 8370759d-1d32-452a-979f-1784bc2eb25e)
2026-01-22 12:56:37,971 - DEBUG - ag_ui_adk.adk_agent - Streaming event #35: TextMessageContentEvent (thread 8370759d-1d32-452a-979f-1784bc2eb25e)
2026-01-22 12:56:37,971 - DEBUG - ag_ui_adk.adk_agent - Yielding event: TextMessageContentEvent
2026-01-22 12:56:37,971 - DEBUG - ag_ui_adk.endpoint - HTTP Response: data: {"type":"TEXT_MESSAGE_CONTENT","messageId":"902bc37c-9d09-40e5-b3f7-57e6d4715d11","delta":" Which"}


2026-01-22 12:56:37,971 - DEBUG - ag_ui_adk.adk_agent - Waiting for event from queue (thread 8370759d-1d32-452a-979f-1784bc2eb25e, queue size: 10)
2026-01-22 12:56:37,971 - DEBUG - ag_ui_adk.adk_agent - Got event #36 from queue: TextMessageContentEvent (thread 8370759d-1d32-452a-979f-1784bc2eb25e)
2026-01-22 12:56:37,971 - DEBUG - ag_ui_adk.adk_agent - Streaming event #36: TextMessageContentEvent (thread 8370759d-1d32-452a-979f-1784bc2eb25e)
2026-01-22 12:56:37,971 - DEBUG - ag_ui_adk.adk_agent - Yielding event: TextMessageContentEvent
2026-01-22 12:56:37,971 - DEBUG - ag_ui_adk.endpoint - HTTP Response: data: {"type":"TEXT_MESSAGE_CONTENT","messageId":"902bc37c-9d09-40e5-b3f7-57e6d4715d11","delta":" inventory"}


2026-01-22 12:56:37,971 - DEBUG - ag_ui_adk.adk_agent - Waiting for event from queue (thread 8370759d-1d32-452a-979f-1784bc2eb25e, queue size: 9)
2026-01-22 12:56:37,971 - DEBUG - ag_ui_adk.adk_agent - Got event #37 from queue: TextMessageContentEvent (thread 8370759d-1d32-452a-979f-1784bc2eb25e)
2026-01-22 12:56:37,971 - DEBUG - ag_ui_adk.adk_agent - Streaming event #37: TextMessageContentEvent (thread 8370759d-1d32-452a-979f-1784bc2eb25e)
2026-01-22 12:56:37,971 - DEBUG - ag_ui_adk.adk_agent - Yielding event: TextMessageContentEvent
2026-01-22 12:56:37,971 - DEBUG - ag_ui_adk.endpoint - HTTP Response: data: {"type":"TEXT_MESSAGE_CONTENT","messageId":"902bc37c-9d09-40e5-b3f7-57e6d4715d11","delta":"/location"}


2026-01-22 12:56:37,971 - DEBUG - ag_ui_adk.adk_agent - Waiting for event from queue (thread 8370759d-1d32-452a-979f-1784bc2eb25e, queue size: 8)
2026-01-22 12:56:37,971 - DEBUG - ag_ui_adk.adk_agent - Got event #38 from queue: TextMessageContentEvent (thread 8370759d-1d32-452a-979f-1784bc2eb25e)
2026-01-22 12:56:37,971 - DEBUG - ag_ui_adk.adk_agent - Streaming event #38: TextMessageContentEvent (thread 8370759d-1d32-452a-979f-1784bc2eb25e)
2026-01-22 12:56:37,971 - DEBUG - ag_ui_adk.adk_agent - Yielding event: TextMessageContentEvent
2026-01-22 12:56:37,971 - DEBUG - ag_ui_adk.endpoint - HTTP Response: data: {"type":"TEXT_MESSAGE_CONTENT","messageId":"902bc37c-9d09-40e5-b3f7-57e6d4715d11","delta":"?"}


2026-01-22 12:56:37,971 - DEBUG - ag_ui_adk.adk_agent - Waiting for event from queue (thread 8370759d-1d32-452a-979f-1784bc2eb25e, queue size: 7)
2026-01-22 12:56:37,971 - DEBUG - ag_ui_adk.adk_agent - Got event #39 from queue: TextMessageContentEvent (thread 8370759d-1d32-452a-979f-1784bc2eb25e)
2026-01-22 12:56:37,971 - DEBUG - ag_ui_adk.adk_agent - Streaming event #39: TextMessageContentEvent (thread 8370759d-1d32-452a-979f-1784bc2eb25e)
2026-01-22 12:56:37,971 - DEBUG - ag_ui_adk.adk_agent - Yielding event: TextMessageContentEvent
2026-01-22 12:56:37,971 - DEBUG - ag_ui_adk.endpoint - HTTP Response: data: {"type":"TEXT_MESSAGE_CONTENT","messageId":"902bc37c-9d09-40e5-b3f7-57e6d4715d11","delta":" ("}


2026-01-22 12:56:37,971 - DEBUG - ag_ui_adk.adk_agent - Waiting for event from queue (thread 8370759d-1d32-452a-979f-1784bc2eb25e, queue size: 6)
2026-01-22 12:56:37,971 - DEBUG - ag_ui_adk.adk_agent - Got event #40 from queue: TextMessageContentEvent (thread 8370759d-1d32-452a-979f-1784bc2eb25e)
2026-01-22 12:56:37,971 - DEBUG - ag_ui_adk.adk_agent - Streaming event #40: TextMessageContentEvent (thread 8370759d-1d32-452a-979f-1784bc2eb25e)
2026-01-22 12:56:37,971 - DEBUG - ag_ui_adk.adk_agent - Yielding event: TextMessageContentEvent
2026-01-22 12:56:37,972 - DEBUG - ag_ui_adk.endpoint - HTTP Response: data: {"type":"TEXT_MESSAGE_CONTENT","messageId":"902bc37c-9d09-40e5-b3f7-57e6d4715d11","delta":"e"}


2026-01-22 12:56:37,972 - DEBUG - ag_ui_adk.adk_agent - Waiting for event from queue (thread 8370759d-1d32-452a-979f-1784bc2eb25e, queue size: 5)
2026-01-22 12:56:37,972 - DEBUG - ag_ui_adk.adk_agent - Got event #41 from queue: TextMessageContentEvent (thread 8370759d-1d32-452a-979f-1784bc2eb25e)
2026-01-22 12:56:37,972 - DEBUG - ag_ui_adk.adk_agent - Streaming event #41: TextMessageContentEvent (thread 8370759d-1d32-452a-979f-1784bc2eb25e)
2026-01-22 12:56:37,972 - DEBUG - ag_ui_adk.adk_agent - Yielding event: TextMessageContentEvent
2026-01-22 12:56:37,972 - DEBUG - ag_ui_adk.endpoint - HTTP Response: data: {"type":"TEXT_MESSAGE_CONTENT","messageId":"902bc37c-9d09-40e5-b3f7-57e6d4715d11","delta":".g"}


2026-01-22 12:56:37,972 - DEBUG - ag_ui_adk.adk_agent - Waiting for event from queue (thread 8370759d-1d32-452a-979f-1784bc2eb25e, queue size: 4)
2026-01-22 12:56:37,972 - DEBUG - ag_ui_adk.adk_agent - Got event #42 from queue: TextMessageContentEvent (thread 8370759d-1d32-452a-979f-1784bc2eb25e)
2026-01-22 12:56:37,972 - DEBUG - ag_ui_adk.adk_agent - Streaming event #42: TextMessageContentEvent (thread 8370759d-1d32-452a-979f-1784bc2eb25e)
2026-01-22 12:56:37,972 - DEBUG - ag_ui_adk.adk_agent - Yielding event: TextMessageContentEvent
2026-01-22 12:56:37,972 - DEBUG - ag_ui_adk.endpoint - HTTP Response: data: {"type":"TEXT_MESSAGE_CONTENT","messageId":"902bc37c-9d09-40e5-b3f7-57e6d4715d11","delta":".,"}


2026-01-22 12:56:37,972 - DEBUG - ag_ui_adk.adk_agent - Waiting for event from queue (thread 8370759d-1d32-452a-979f-1784bc2eb25e, queue size: 3)
2026-01-22 12:56:37,972 - DEBUG - ag_ui_adk.adk_agent - Got event #43 from queue: TextMessageContentEvent (thread 8370759d-1d32-452a-979f-1784bc2eb25e)
2026-01-22 12:56:37,972 - DEBUG - ag_ui_adk.adk_agent - Streaming event #43: TextMessageContentEvent (thread 8370759d-1d32-452a-979f-1784bc2eb25e)
2026-01-22 12:56:37,972 - DEBUG - ag_ui_adk.adk_agent - Yielding event: TextMessageContentEvent
2026-01-22 12:56:37,972 - DEBUG - ag_ui_adk.endpoint - HTTP Response: data: {"type":"TEXT_MESSAGE_CONTENT","messageId":"902bc37c-9d09-40e5-b3f7-57e6d4715d11","delta":" “"}


2026-01-22 12:56:37,972 - DEBUG - ag_ui_adk.adk_agent - Waiting for event from queue (thread 8370759d-1d32-452a-979f-1784bc2eb25e, queue size: 2)
2026-01-22 12:56:37,972 - DEBUG - ag_ui_adk.adk_agent - Got event #44 from queue: TextMessageContentEvent (thread 8370759d-1d32-452a-979f-1784bc2eb25e)
2026-01-22 12:56:37,972 - DEBUG - ag_ui_adk.adk_agent - Streaming event #44: TextMessageContentEvent (thread 8370759d-1d32-452a-979f-1784bc2eb25e)
2026-01-22 12:56:37,972 - DEBUG - ag_ui_adk.adk_agent - Yielding event: TextMessageContentEvent
2026-01-22 12:56:37,972 - DEBUG - ag_ui_adk.endpoint - HTTP Response: data: {"type":"TEXT_MESSAGE_CONTENT","messageId":"902bc37c-9d09-40e5-b3f7-57e6d4715d11","delta":"Main"}


2026-01-22 12:56:37,972 - DEBUG - ag_ui_adk.adk_agent - Waiting for event from queue (thread 8370759d-1d32-452a-979f-1784bc2eb25e, queue size: 1)
2026-01-22 12:56:37,972 - DEBUG - ag_ui_adk.adk_agent - Got event #45 from queue: TextMessageContentEvent (thread 8370759d-1d32-452a-979f-1784bc2eb25e)
2026-01-22 12:56:37,972 - DEBUG - ag_ui_adk.adk_agent - Streaming event #45: TextMessageContentEvent (thread 8370759d-1d32-452a-979f-1784bc2eb25e)
2026-01-22 12:56:37,972 - DEBUG - ag_ui_adk.adk_agent - Yielding event: TextMessageContentEvent
2026-01-22 12:56:37,972 - DEBUG - ag_ui_adk.endpoint - HTTP Response: data: {"type":"TEXT_MESSAGE_CONTENT","messageId":"902bc37c-9d09-40e5-b3f7-57e6d4715d11","delta":" warehouse"}


2026-01-22 12:56:37,972 - DEBUG - ag_ui_adk.adk_agent - Waiting for event from queue (thread 8370759d-1d32-452a-979f-1784bc2eb25e, queue size: 0)
2026-01-22 12:56:37,973 - DEBUG - ag_ui_adk.adk_agent - Emitting event to queue: TextMessageContentEvent (thread 8370759d-1d32-452a-979f-1784bc2eb25e, queue size before: 0)
2026-01-22 12:56:37,973 - DEBUG - ag_ui_adk.adk_agent - Event queued: TextMessageContentEvent (thread 8370759d-1d32-452a-979f-1784bc2eb25e, queue size after: 1)
2026-01-22 12:56:37,973 - DEBUG - ag_ui_adk.adk_agent - Emitting event to queue: TextMessageContentEvent (thread 8370759d-1d32-452a-979f-1784bc2eb25e, queue size before: 1)
2026-01-22 12:56:37,973 - DEBUG - ag_ui_adk.adk_agent - Event queued: TextMessageContentEvent (thread 8370759d-1d32-452a-979f-1784bc2eb25e, queue size after: 2)
2026-01-22 12:56:37,974 - DEBUG - ag_ui_adk.adk_agent - Emitting event to queue: TextMessageContentEvent (thread 8370759d-1d32-452a-979f-1784bc2eb25e, queue size before: 2)
2026-01-22 12:56:37,974 - DEBUG - ag_ui_adk.adk_agent - Event queued: TextMessageContentEvent (thread 8370759d-1d32-452a-979f-1784bc2eb25e, queue size after: 3)
2026-01-22 12:56:37,976 - DEBUG - ag_ui_adk.adk_agent - Emitting event to queue: TextMessageContentEvent (thread 8370759d-1d32-452a-979f-1784bc2eb25e, queue size before: 3)
2026-01-22 12:56:37,976 - DEBUG - ag_ui_adk.adk_agent - Event queued: TextMessageContentEvent (thread 8370759d-1d32-452a-979f-1784bc2eb25e, queue size after: 4)
2026-01-22 12:56:37,976 - DEBUG - ag_ui_adk.adk_agent - Emitting event to queue: TextMessageContentEvent (thread 8370759d-1d32-452a-979f-1784bc2eb25e, queue size before: 4)
2026-01-22 12:56:37,976 - DEBUG - ag_ui_adk.adk_agent - Event queued: TextMessageContentEvent (thread 8370759d-1d32-452a-979f-1784bc2eb25e, queue size after: 5)
2026-01-22 12:56:37,977 - DEBUG - ag_ui_adk.adk_agent - Emitting event to queue: TextMessageContentEvent (thread 8370759d-1d32-452a-979f-1784bc2eb25e, queue size before: 5)
2026-01-22 12:56:37,977 - DEBUG - ag_ui_adk.adk_agent - Event queued: TextMessageContentEvent (thread 8370759d-1d32-452a-979f-1784bc2eb25e, queue size after: 6)
2026-01-22 12:56:37,977 - DEBUG - ag_ui_adk.adk_agent - Emitting event to queue: TextMessageContentEvent (thread 8370759d-1d32-452a-979f-1784bc2eb25e, queue size before: 6)
2026-01-22 12:56:37,977 - DEBUG - ag_ui_adk.adk_agent - Event queued: TextMessageContentEvent (thread 8370759d-1d32-452a-979f-1784bc2eb25e, queue size after: 7)
2026-01-22 12:56:37,978 - DEBUG - ag_ui_adk.adk_agent - Emitting event to queue: TextMessageContentEvent (thread 8370759d-1d32-452a-979f-1784bc2eb25e, queue size before: 7)
2026-01-22 12:56:37,978 - DEBUG - ag_ui_adk.adk_agent - Event queued: TextMessageContentEvent (thread 8370759d-1d32-452a-979f-1784bc2eb25e, queue size after: 8)
2026-01-22 12:56:37,978 - DEBUG - ag_ui_adk.adk_agent - Emitting event to queue: TextMessageContentEvent (thread 8370759d-1d32-452a-979f-1784bc2eb25e, queue size before: 8)
2026-01-22 12:56:37,978 - DEBUG - ag_ui_adk.adk_agent - Event queued: TextMessageContentEvent (thread 8370759d-1d32-452a-979f-1784bc2eb25e, queue size after: 9)
2026-01-22 12:56:37,978 - DEBUG - ag_ui_adk.adk_agent - Emitting event to queue: TextMessageContentEvent (thread 8370759d-1d32-452a-979f-1784bc2eb25e, queue size before: 9)
2026-01-22 12:56:37,978 - DEBUG - ag_ui_adk.adk_agent - Event queued: TextMessageContentEvent (thread 8370759d-1d32-452a-979f-1784bc2eb25e, queue size after: 10)
2026-01-22 12:56:37,979 - DEBUG - ag_ui_adk.adk_agent - Emitting event to queue: TextMessageContentEvent (thread 8370759d-1d32-452a-979f-1784bc2eb25e, queue size before: 10)
2026-01-22 12:56:37,979 - DEBUG - ag_ui_adk.adk_agent - Event queued: TextMessageContentEvent (thread 8370759d-1d32-452a-979f-1784bc2eb25e, queue size after: 11)
2026-01-22 12:56:37,979 - DEBUG - ag_ui_adk.adk_agent - Emitting event to queue: TextMessageContentEvent (thread 8370759d-1d32-452a-979f-1784bc2eb25e, queue size before: 11)
2026-01-22 12:56:37,979 - DEBUG - ag_ui_adk.adk_agent - Event queued: TextMessageContentEvent (thread 8370759d-1d32-452a-979f-1784bc2eb25e, queue size after: 12)
2026-01-22 12:56:37,979 - DEBUG - ag_ui_adk.adk_agent - Emitting event to queue: TextMessageContentEvent (thread 8370759d-1d32-452a-979f-1784bc2eb25e, queue size before: 12)
2026-01-22 12:56:37,980 - DEBUG - ag_ui_adk.adk_agent - Event queued: TextMessageContentEvent (thread 8370759d-1d32-452a-979f-1784bc2eb25e, queue size after: 13)
2026-01-22 12:56:37,980 - DEBUG - ag_ui_adk.adk_agent - Emitting event to queue: TextMessageContentEvent (thread 8370759d-1d32-452a-979f-1784bc2eb25e, queue size before: 13)
2026-01-22 12:56:37,980 - DEBUG - ag_ui_adk.adk_agent - Event queued: TextMessageContentEvent (thread 8370759d-1d32-452a-979f-1784bc2eb25e, queue size after: 14)
2026-01-22 12:56:37,981 - DEBUG - ag_ui_adk.adk_agent - Emitting event to queue: TextMessageContentEvent (thread 8370759d-1d32-452a-979f-1784bc2eb25e, queue size before: 14)
2026-01-22 12:56:37,981 - DEBUG - ag_ui_adk.adk_agent - Event queued: TextMessageContentEvent (thread 8370759d-1d32-452a-979f-1784bc2eb25e, queue size after: 15)
2026-01-22 12:56:37,981 - DEBUG - ag_ui_adk.adk_agent - Emitting event to queue: TextMessageContentEvent (thread 8370759d-1d32-452a-979f-1784bc2eb25e, queue size before: 15)
2026-01-22 12:56:37,981 - DEBUG - ag_ui_adk.adk_agent - Event queued: TextMessageContentEvent (thread 8370759d-1d32-452a-979f-1784bc2eb25e, queue size after: 16)
2026-01-22 12:56:37,982 - DEBUG - ag_ui_adk.adk_agent - Emitting event to queue: TextMessageContentEvent (thread 8370759d-1d32-452a-979f-1784bc2eb25e, queue size before: 16)
2026-01-22 12:56:37,982 - DEBUG - ag_ui_adk.adk_agent - Event queued: TextMessageContentEvent (thread 8370759d-1d32-452a-979f-1784bc2eb25e, queue size after: 17)
2026-01-22 12:56:37,982 - DEBUG - ag_ui_adk.adk_agent - Emitting event to queue: TextMessageContentEvent (thread 8370759d-1d32-452a-979f-1784bc2eb25e, queue size before: 17)
2026-01-22 12:56:37,982 - DEBUG - ag_ui_adk.adk_agent - Event queued: TextMessageContentEvent (thread 8370759d-1d32-452a-979f-1784bc2eb25e, queue size after: 18)
2026-01-22 12:56:37,983 - DEBUG - ag_ui_adk.adk_agent - Emitting event to queue: TextMessageContentEvent (thread 8370759d-1d32-452a-979f-1784bc2eb25e, queue size before: 18)
2026-01-22 12:56:37,983 - DEBUG - ag_ui_adk.adk_agent - Event queued: TextMessageContentEvent (thread 8370759d-1d32-452a-979f-1784bc2eb25e, queue size after: 19)
2026-01-22 12:56:37,983 - DEBUG - ag_ui_adk.adk_agent - Emitting event to queue: TextMessageContentEvent (thread 8370759d-1d32-452a-979f-1784bc2eb25e, queue size before: 19)
2026-01-22 12:56:37,983 - DEBUG - ag_ui_adk.adk_agent - Event queued: TextMessageContentEvent (thread 8370759d-1d32-452a-979f-1784bc2eb25e, queue size after: 20)
2026-01-22 12:56:37,984 - DEBUG - ag_ui_adk.adk_agent - Emitting event to queue: TextMessageContentEvent (thread 8370759d-1d32-452a-979f-1784bc2eb25e, queue size before: 20)
2026-01-22 12:56:37,984 - DEBUG - ag_ui_adk.adk_agent - Event queued: TextMessageContentEvent (thread 8370759d-1d32-452a-979f-1784bc2eb25e, queue size after: 21)
2026-01-22 12:56:37,984 - DEBUG - ag_ui_adk.adk_agent - Emitting event to queue: TextMessageContentEvent (thread 8370759d-1d32-452a-979f-1784bc2eb25e, queue size before: 21)
2026-01-22 12:56:37,984 - DEBUG - ag_ui_adk.adk_agent - Event queued: TextMessageContentEvent (thread 8370759d-1d32-452a-979f-1784bc2eb25e, queue size after: 22)
2026-01-22 12:56:37,985 - DEBUG - ag_ui_adk.adk_agent - Emitting event to queue: TextMessageContentEvent (thread 8370759d-1d32-452a-979f-1784bc2eb25e, queue size before: 22)
2026-01-22 12:56:37,985 - DEBUG - ag_ui_adk.adk_agent - Event queued: TextMessageContentEvent (thread 8370759d-1d32-452a-979f-1784bc2eb25e, queue size after: 23)
2026-01-22 12:56:37,986 - DEBUG - ag_ui_adk.adk_agent - Emitting event to queue: TextMessageContentEvent (thread 8370759d-1d32-452a-979f-1784bc2eb25e, queue size before: 23)
2026-01-22 12:56:37,986 - DEBUG - ag_ui_adk.adk_agent - Event queued: TextMessageContentEvent (thread 8370759d-1d32-452a-979f-1784bc2eb25e, queue size after: 24)
2026-01-22 12:56:37,986 - DEBUG - ag_ui_adk.adk_agent - Emitting event to queue: TextMessageContentEvent (thread 8370759d-1d32-452a-979f-1784bc2eb25e, queue size before: 24)
2026-01-22 12:56:37,986 - DEBUG - ag_ui_adk.adk_agent - Event queued: TextMessageContentEvent (thread 8370759d-1d32-452a-979f-1784bc2eb25e, queue size after: 25)
2026-01-22 12:56:37,986 - DEBUG - ag_ui_adk.adk_agent - Emitting event to queue: TextMessageContentEvent (thread 8370759d-1d32-452a-979f-1784bc2eb25e, queue size before: 25)
2026-01-22 12:56:37,986 - DEBUG - ag_ui_adk.adk_agent - Event queued: TextMessageContentEvent (thread 8370759d-1d32-452a-979f-1784bc2eb25e, queue size after: 26)
2026-01-22 12:56:37,987 - DEBUG - ag_ui_adk.adk_agent - Emitting event to queue: TextMessageContentEvent (thread 8370759d-1d32-452a-979f-1784bc2eb25e, queue size before: 26)
2026-01-22 12:56:37,987 - DEBUG - ag_ui_adk.adk_agent - Event queued: TextMessageContentEvent (thread 8370759d-1d32-452a-979f-1784bc2eb25e, queue size after: 27)
2026-01-22 12:56:37,987 - DEBUG - ag_ui_adk.adk_agent - Got event #46 from queue: TextMessageContentEvent (thread 8370759d-1d32-452a-979f-1784bc2eb25e)
2026-01-22 12:56:37,987 - DEBUG - ag_ui_adk.adk_agent - Streaming event #46: TextMessageContentEvent (thread 8370759d-1d32-452a-979f-1784bc2eb25e)
2026-01-22 12:56:37,987 - DEBUG - ag_ui_adk.adk_agent - Yielding event: TextMessageContentEvent
2026-01-22 12:56:37,987 - DEBUG - ag_ui_adk.endpoint - HTTP Response: data: {"type":"TEXT_MESSAGE_CONTENT","messageId":"902bc37c-9d09-40e5-b3f7-57e6d4715d11","delta":"”,"}


2026-01-22 12:56:37,987 - DEBUG - ag_ui_adk.adk_agent - Waiting for event from queue (thread 8370759d-1d32-452a-979f-1784bc2eb25e, queue size: 26)
2026-01-22 12:56:37,987 - DEBUG - ag_ui_adk.adk_agent - Got event #47 from queue: TextMessageContentEvent (thread 8370759d-1d32-452a-979f-1784bc2eb25e)
2026-01-22 12:56:37,987 - DEBUG - ag_ui_adk.adk_agent - Streaming event #47: TextMessageContentEvent (thread 8370759d-1d32-452a-979f-1784bc2eb25e)
2026-01-22 12:56:37,987 - DEBUG - ag_ui_adk.adk_agent - Yielding event: TextMessageContentEvent
2026-01-22 12:56:37,987 - DEBUG - ag_ui_adk.endpoint - HTTP Response: data: {"type":"TEXT_MESSAGE_CONTENT","messageId":"902bc37c-9d09-40e5-b3f7-57e6d4715d11","delta":" “"}


2026-01-22 12:56:37,987 - DEBUG - ag_ui_adk.adk_agent - Waiting for event from queue (thread 8370759d-1d32-452a-979f-1784bc2eb25e, queue size: 25)
2026-01-22 12:56:37,987 - DEBUG - ag_ui_adk.adk_agent - Got event #48 from queue: TextMessageContentEvent (thread 8370759d-1d32-452a-979f-1784bc2eb25e)
2026-01-22 12:56:37,987 - DEBUG - ag_ui_adk.adk_agent - Streaming event #48: TextMessageContentEvent (thread 8370759d-1d32-452a-979f-1784bc2eb25e)
2026-01-22 12:56:37,987 - DEBUG - ag_ui_adk.adk_agent - Yielding event: TextMessageContentEvent
2026-01-22 12:56:37,987 - DEBUG - ag_ui_adk.endpoint - HTTP Response: data: {"type":"TEXT_MESSAGE_CONTENT","messageId":"902bc37c-9d09-40e5-b3f7-57e6d4715d11","delta":"Store"}


2026-01-22 12:56:37,987 - DEBUG - ag_ui_adk.adk_agent - Waiting for event from queue (thread 8370759d-1d32-452a-979f-1784bc2eb25e, queue size: 24)
2026-01-22 12:56:37,987 - DEBUG - ag_ui_adk.adk_agent - Got event #49 from queue: TextMessageContentEvent (thread 8370759d-1d32-452a-979f-1784bc2eb25e)
2026-01-22 12:56:37,987 - DEBUG - ag_ui_adk.adk_agent - Streaming event #49: TextMessageContentEvent (thread 8370759d-1d32-452a-979f-1784bc2eb25e)
2026-01-22 12:56:37,987 - DEBUG - ag_ui_adk.adk_agent - Yielding event: TextMessageContentEvent
2026-01-22 12:56:37,987 - DEBUG - ag_ui_adk.endpoint - HTTP Response: data: {"type":"TEXT_MESSAGE_CONTENT","messageId":"902bc37c-9d09-40e5-b3f7-57e6d4715d11","delta":" #"}


2026-01-22 12:56:37,987 - DEBUG - ag_ui_adk.adk_agent - Waiting for event from queue (thread 8370759d-1d32-452a-979f-1784bc2eb25e, queue size: 23)
2026-01-22 12:56:37,987 - DEBUG - ag_ui_adk.adk_agent - Got event #50 from queue: TextMessageContentEvent (thread 8370759d-1d32-452a-979f-1784bc2eb25e)
2026-01-22 12:56:37,987 - DEBUG - ag_ui_adk.adk_agent - Streaming event #50: TextMessageContentEvent (thread 8370759d-1d32-452a-979f-1784bc2eb25e)
2026-01-22 12:56:37,987 - DEBUG - ag_ui_adk.adk_agent - Yielding event: TextMessageContentEvent
2026-01-22 12:56:37,987 - DEBUG - ag_ui_adk.endpoint - HTTP Response: data: {"type":"TEXT_MESSAGE_CONTENT","messageId":"902bc37c-9d09-40e5-b3f7-57e6d4715d11","delta":"3"}


2026-01-22 12:56:37,987 - DEBUG - ag_ui_adk.adk_agent - Waiting for event from queue (thread 8370759d-1d32-452a-979f-1784bc2eb25e, queue size: 22)
2026-01-22 12:56:37,987 - DEBUG - ag_ui_adk.adk_agent - Got event #51 from queue: TextMessageContentEvent (thread 8370759d-1d32-452a-979f-1784bc2eb25e)
2026-01-22 12:56:37,987 - DEBUG - ag_ui_adk.adk_agent - Streaming event #51: TextMessageContentEvent (thread 8370759d-1d32-452a-979f-1784bc2eb25e)
2026-01-22 12:56:37,987 - DEBUG - ag_ui_adk.adk_agent - Yielding event: TextMessageContentEvent
2026-01-22 12:56:37,987 - DEBUG - ag_ui_adk.endpoint - HTTP Response: data: {"type":"TEXT_MESSAGE_CONTENT","messageId":"902bc37c-9d09-40e5-b3f7-57e6d4715d11","delta":"”,"}


2026-01-22 12:56:37,987 - DEBUG - ag_ui_adk.adk_agent - Waiting for event from queue (thread 8370759d-1d32-452a-979f-1784bc2eb25e, queue size: 21)
2026-01-22 12:56:37,987 - DEBUG - ag_ui_adk.adk_agent - Got event #52 from queue: TextMessageContentEvent (thread 8370759d-1d32-452a-979f-1784bc2eb25e)
2026-01-22 12:56:37,987 - DEBUG - ag_ui_adk.adk_agent - Streaming event #52: TextMessageContentEvent (thread 8370759d-1d32-452a-979f-1784bc2eb25e)
2026-01-22 12:56:37,987 - DEBUG - ag_ui_adk.adk_agent - Yielding event: TextMessageContentEvent
2026-01-22 12:56:37,987 - DEBUG - ag_ui_adk.endpoint - HTTP Response: data: {"type":"TEXT_MESSAGE_CONTENT","messageId":"902bc37c-9d09-40e5-b3f7-57e6d4715d11","delta":" “"}


2026-01-22 12:56:37,987 - DEBUG - ag_ui_adk.adk_agent - Waiting for event from queue (thread 8370759d-1d32-452a-979f-1784bc2eb25e, queue size: 20)
2026-01-22 12:56:37,987 - DEBUG - ag_ui_adk.adk_agent - Got event #53 from queue: TextMessageContentEvent (thread 8370759d-1d32-452a-979f-1784bc2eb25e)
2026-01-22 12:56:37,987 - DEBUG - ag_ui_adk.adk_agent - Streaming event #53: TextMessageContentEvent (thread 8370759d-1d32-452a-979f-1784bc2eb25e)
2026-01-22 12:56:37,987 - DEBUG - ag_ui_adk.adk_agent - Yielding event: TextMessageContentEvent
2026-01-22 12:56:37,987 - DEBUG - ag_ui_adk.endpoint - HTTP Response: data: {"type":"TEXT_MESSAGE_CONTENT","messageId":"902bc37c-9d09-40e5-b3f7-57e6d4715d11","delta":"Amazon"}


2026-01-22 12:56:37,987 - DEBUG - ag_ui_adk.adk_agent - Waiting for event from queue (thread 8370759d-1d32-452a-979f-1784bc2eb25e, queue size: 19)
2026-01-22 12:56:37,988 - DEBUG - ag_ui_adk.adk_agent - Got event #54 from queue: TextMessageContentEvent (thread 8370759d-1d32-452a-979f-1784bc2eb25e)
2026-01-22 12:56:37,988 - DEBUG - ag_ui_adk.adk_agent - Streaming event #54: TextMessageContentEvent (thread 8370759d-1d32-452a-979f-1784bc2eb25e)
2026-01-22 12:56:37,988 - DEBUG - ag_ui_adk.adk_agent - Yielding event: TextMessageContentEvent
2026-01-22 12:56:37,988 - DEBUG - ag_ui_adk.endpoint - HTTP Response: data: {"type":"TEXT_MESSAGE_CONTENT","messageId":"902bc37c-9d09-40e5-b3f7-57e6d4715d11","delta":" Seller"}


2026-01-22 12:56:37,988 - DEBUG - ag_ui_adk.adk_agent - Waiting for event from queue (thread 8370759d-1d32-452a-979f-1784bc2eb25e, queue size: 18)
2026-01-22 12:56:37,988 - DEBUG - ag_ui_adk.adk_agent - Got event #55 from queue: TextMessageContentEvent (thread 8370759d-1d32-452a-979f-1784bc2eb25e)
2026-01-22 12:56:37,988 - DEBUG - ag_ui_adk.adk_agent - Streaming event #55: TextMessageContentEvent (thread 8370759d-1d32-452a-979f-1784bc2eb25e)
2026-01-22 12:56:37,988 - DEBUG - ag_ui_adk.adk_agent - Yielding event: TextMessageContentEvent
2026-01-22 12:56:37,988 - DEBUG - ag_ui_adk.endpoint - HTTP Response: data: {"type":"TEXT_MESSAGE_CONTENT","messageId":"902bc37c-9d09-40e5-b3f7-57e6d4715d11","delta":" account"}


2026-01-22 12:56:37,988 - DEBUG - ag_ui_adk.adk_agent - Waiting for event from queue (thread 8370759d-1d32-452a-979f-1784bc2eb25e, queue size: 17)
2026-01-22 12:56:37,988 - DEBUG - ag_ui_adk.adk_agent - Got event #56 from queue: TextMessageContentEvent (thread 8370759d-1d32-452a-979f-1784bc2eb25e)
2026-01-22 12:56:37,988 - DEBUG - ag_ui_adk.adk_agent - Streaming event #56: TextMessageContentEvent (thread 8370759d-1d32-452a-979f-1784bc2eb25e)
2026-01-22 12:56:37,988 - DEBUG - ag_ui_adk.adk_agent - Yielding event: TextMessageContentEvent
2026-01-22 12:56:37,988 - DEBUG - ag_ui_adk.endpoint - HTTP Response: data: {"type":"TEXT_MESSAGE_CONTENT","messageId":"902bc37c-9d09-40e5-b3f7-57e6d4715d11","delta":"”,"}


2026-01-22 12:56:37,988 - DEBUG - ag_ui_adk.adk_agent - Waiting for event from queue (thread 8370759d-1d32-452a-979f-1784bc2eb25e, queue size: 16)
2026-01-22 12:56:37,988 - DEBUG - ag_ui_adk.adk_agent - Got event #57 from queue: TextMessageContentEvent (thread 8370759d-1d32-452a-979f-1784bc2eb25e)
2026-01-22 12:56:37,988 - DEBUG - ag_ui_adk.adk_agent - Streaming event #57: TextMessageContentEvent (thread 8370759d-1d32-452a-979f-1784bc2eb25e)
2026-01-22 12:56:37,988 - DEBUG - ag_ui_adk.adk_agent - Yielding event: TextMessageContentEvent
2026-01-22 12:56:37,988 - DEBUG - ag_ui_adk.endpoint - HTTP Response: data: {"type":"TEXT_MESSAGE_CONTENT","messageId":"902bc37c-9d09-40e5-b3f7-57e6d4715d11","delta":" or"}


2026-01-22 12:56:37,988 - DEBUG - ag_ui_adk.adk_agent - Waiting for event from queue (thread 8370759d-1d32-452a-979f-1784bc2eb25e, queue size: 15)
2026-01-22 12:56:37,988 - DEBUG - ag_ui_adk.adk_agent - Got event #58 from queue: TextMessageContentEvent (thread 8370759d-1d32-452a-979f-1784bc2eb25e)
2026-01-22 12:56:37,988 - DEBUG - ag_ui_adk.adk_agent - Streaming event #58: TextMessageContentEvent (thread 8370759d-1d32-452a-979f-1784bc2eb25e)
2026-01-22 12:56:37,988 - DEBUG - ag_ui_adk.adk_agent - Yielding event: TextMessageContentEvent
2026-01-22 12:56:37,988 - DEBUG - ag_ui_adk.endpoint - HTTP Response: data: {"type":"TEXT_MESSAGE_CONTENT","messageId":"902bc37c-9d09-40e5-b3f7-57e6d4715d11","delta":" “"}


2026-01-22 12:56:37,988 - DEBUG - ag_ui_adk.adk_agent - Waiting for event from queue (thread 8370759d-1d32-452a-979f-1784bc2eb25e, queue size: 14)
2026-01-22 12:56:37,988 - DEBUG - ag_ui_adk.adk_agent - Got event #59 from queue: TextMessageContentEvent (thread 8370759d-1d32-452a-979f-1784bc2eb25e)
2026-01-22 12:56:37,988 - DEBUG - ag_ui_adk.adk_agent - Streaming event #59: TextMessageContentEvent (thread 8370759d-1d32-452a-979f-1784bc2eb25e)
2026-01-22 12:56:37,988 - DEBUG - ag_ui_adk.adk_agent - Yielding event: TextMessageContentEvent
2026-01-22 12:56:37,988 - DEBUG - ag_ui_adk.endpoint - HTTP Response: data: {"type":"TEXT_MESSAGE_CONTENT","messageId":"902bc37c-9d09-40e5-b3f7-57e6d4715d11","delta":"my"}


2026-01-22 12:56:37,988 - DEBUG - ag_ui_adk.adk_agent - Waiting for event from queue (thread 8370759d-1d32-452a-979f-1784bc2eb25e, queue size: 13)
2026-01-22 12:56:37,988 - DEBUG - ag_ui_adk.adk_agent - Got event #60 from queue: TextMessageContentEvent (thread 8370759d-1d32-452a-979f-1784bc2eb25e)
2026-01-22 12:56:37,988 - DEBUG - ag_ui_adk.adk_agent - Streaming event #60: TextMessageContentEvent (thread 8370759d-1d32-452a-979f-1784bc2eb25e)
2026-01-22 12:56:37,988 - DEBUG - ag_ui_adk.adk_agent - Yielding event: TextMessageContentEvent
2026-01-22 12:56:37,988 - DEBUG - ag_ui_adk.endpoint - HTTP Response: data: {"type":"TEXT_MESSAGE_CONTENT","messageId":"902bc37c-9d09-40e5-b3f7-57e6d4715d11","delta":" CSV"}


2026-01-22 12:56:37,988 - DEBUG - ag_ui_adk.adk_agent - Waiting for event from queue (thread 8370759d-1d32-452a-979f-1784bc2eb25e, queue size: 12)
2026-01-22 12:56:37,988 - DEBUG - ag_ui_adk.adk_agent - Got event #61 from queue: TextMessageContentEvent (thread 8370759d-1d32-452a-979f-1784bc2eb25e)
2026-01-22 12:56:37,988 - DEBUG - ag_ui_adk.adk_agent - Streaming event #61: TextMessageContentEvent (thread 8370759d-1d32-452a-979f-1784bc2eb25e)
2026-01-22 12:56:37,988 - DEBUG - ag_ui_adk.adk_agent - Yielding event: TextMessageContentEvent
2026-01-22 12:56:37,988 - DEBUG - ag_ui_adk.endpoint - HTTP Response: data: {"type":"TEXT_MESSAGE_CONTENT","messageId":"902bc37c-9d09-40e5-b3f7-57e6d4715d11","delta":" file"}


2026-01-22 12:56:37,988 - DEBUG - ag_ui_adk.adk_agent - Waiting for event from queue (thread 8370759d-1d32-452a-979f-1784bc2eb25e, queue size: 11)
2026-01-22 12:56:37,988 - DEBUG - ag_ui_adk.adk_agent - Got event #62 from queue: TextMessageContentEvent (thread 8370759d-1d32-452a-979f-1784bc2eb25e)
2026-01-22 12:56:37,988 - DEBUG - ag_ui_adk.adk_agent - Streaming event #62: TextMessageContentEvent (thread 8370759d-1d32-452a-979f-1784bc2eb25e)
2026-01-22 12:56:37,988 - DEBUG - ag_ui_adk.adk_agent - Yielding event: TextMessageContentEvent
2026-01-22 12:56:37,988 - DEBUG - ag_ui_adk.endpoint - HTTP Response: data: {"type":"TEXT_MESSAGE_CONTENT","messageId":"902bc37c-9d09-40e5-b3f7-57e6d4715d11","delta":"”"}


2026-01-22 12:56:37,988 - DEBUG - ag_ui_adk.adk_agent - Waiting for event from queue (thread 8370759d-1d32-452a-979f-1784bc2eb25e, queue size: 10)
2026-01-22 12:56:37,988 - DEBUG - ag_ui_adk.adk_agent - Got event #63 from queue: TextMessageContentEvent (thread 8370759d-1d32-452a-979f-1784bc2eb25e)
2026-01-22 12:56:37,988 - DEBUG - ag_ui_adk.adk_agent - Streaming event #63: TextMessageContentEvent (thread 8370759d-1d32-452a-979f-1784bc2eb25e)
2026-01-22 12:56:37,988 - DEBUG - ag_ui_adk.adk_agent - Yielding event: TextMessageContentEvent
2026-01-22 12:56:37,988 - DEBUG - ag_ui_adk.endpoint - HTTP Response: data: {"type":"TEXT_MESSAGE_CONTENT","messageId":"902bc37c-9d09-40e5-b3f7-57e6d4715d11","delta":")\n"}


2026-01-22 12:56:37,988 - DEBUG - ag_ui_adk.adk_agent - Waiting for event from queue (thread 8370759d-1d32-452a-979f-1784bc2eb25e, queue size: 9)
2026-01-22 12:56:37,988 - DEBUG - ag_ui_adk.adk_agent - Got event #64 from queue: TextMessageContentEvent (thread 8370759d-1d32-452a-979f-1784bc2eb25e)
2026-01-22 12:56:37,988 - DEBUG - ag_ui_adk.adk_agent - Streaming event #64: TextMessageContentEvent (thread 8370759d-1d32-452a-979f-1784bc2eb25e)
2026-01-22 12:56:37,988 - DEBUG - ag_ui_adk.adk_agent - Yielding event: TextMessageContentEvent
2026-01-22 12:56:37,988 - DEBUG - ag_ui_adk.endpoint - HTTP Response: data: {"type":"TEXT_MESSAGE_CONTENT","messageId":"902bc37c-9d09-40e5-b3f7-57e6d4715d11","delta":"-"}


2026-01-22 12:56:37,988 - DEBUG - ag_ui_adk.adk_agent - Waiting for event from queue (thread 8370759d-1d32-452a-979f-1784bc2eb25e, queue size: 8)
2026-01-22 12:56:37,988 - DEBUG - ag_ui_adk.adk_agent - Got event #65 from queue: TextMessageContentEvent (thread 8370759d-1d32-452a-979f-1784bc2eb25e)
2026-01-22 12:56:37,988 - DEBUG - ag_ui_adk.adk_agent - Streaming event #65: TextMessageContentEvent (thread 8370759d-1d32-452a-979f-1784bc2eb25e)
2026-01-22 12:56:37,988 - DEBUG - ag_ui_adk.adk_agent - Yielding event: TextMessageContentEvent
2026-01-22 12:56:37,988 - DEBUG - ag_ui_adk.endpoint - HTTP Response: data: {"type":"TEXT_MESSAGE_CONTENT","messageId":"902bc37c-9d09-40e5-b3f7-57e6d4715d11","delta":" Scope"}


2026-01-22 12:56:37,988 - DEBUG - ag_ui_adk.adk_agent - Waiting for event from queue (thread 8370759d-1d32-452a-979f-1784bc2eb25e, queue size: 7)
2026-01-22 12:56:37,988 - DEBUG - ag_ui_adk.adk_agent - Got event #66 from queue: TextMessageContentEvent (thread 8370759d-1d32-452a-979f-1784bc2eb25e)
2026-01-22 12:56:37,988 - DEBUG - ag_ui_adk.adk_agent - Streaming event #66: TextMessageContentEvent (thread 8370759d-1d32-452a-979f-1784bc2eb25e)
2026-01-22 12:56:37,988 - DEBUG - ag_ui_adk.adk_agent - Yielding event: TextMessageContentEvent
2026-01-22 12:56:37,988 - DEBUG - ag_ui_adk.endpoint - HTTP Response: data: {"type":"TEXT_MESSAGE_CONTENT","messageId":"902bc37c-9d09-40e5-b3f7-57e6d4715d11","delta":":"}


2026-01-22 12:56:37,988 - DEBUG - ag_ui_adk.adk_agent - Waiting for event from queue (thread 8370759d-1d32-452a-979f-1784bc2eb25e, queue size: 6)
2026-01-22 12:56:37,988 - DEBUG - ag_ui_adk.adk_agent - Got event #67 from queue: TextMessageContentEvent (thread 8370759d-1d32-452a-979f-1784bc2eb25e)
2026-01-22 12:56:37,988 - DEBUG - ag_ui_adk.adk_agent - Streaming event #67: TextMessageContentEvent (thread 8370759d-1d32-452a-979f-1784bc2eb25e)
2026-01-22 12:56:37,989 - DEBUG - ag_ui_adk.adk_agent - Yielding event: TextMessageContentEvent
2026-01-22 12:56:37,989 - DEBUG - ag_ui_adk.endpoint - HTTP Response: data: {"type":"TEXT_MESSAGE_CONTENT","messageId":"902bc37c-9d09-40e5-b3f7-57e6d4715d11","delta":" show"}


2026-01-22 12:56:37,989 - DEBUG - ag_ui_adk.adk_agent - Waiting for event from queue (thread 8370759d-1d32-452a-979f-1784bc2eb25e, queue size: 5)
2026-01-22 12:56:37,989 - DEBUG - ag_ui_adk.adk_agent - Got event #68 from queue: TextMessageContentEvent (thread 8370759d-1d32-452a-979f-1784bc2eb25e)
2026-01-22 12:56:37,989 - DEBUG - ag_ui_adk.adk_agent - Streaming event #68: TextMessageContentEvent (thread 8370759d-1d32-452a-979f-1784bc2eb25e)
2026-01-22 12:56:37,989 - DEBUG - ag_ui_adk.adk_agent - Yielding event: TextMessageContentEvent
2026-01-22 12:56:37,989 - DEBUG - ag_ui_adk.endpoint - HTTP Response: data: {"type":"TEXT_MESSAGE_CONTENT","messageId":"902bc37c-9d09-40e5-b3f7-57e6d4715d11","delta":" only"}


2026-01-22 12:56:37,989 - DEBUG - ag_ui_adk.adk_agent - Waiting for event from queue (thread 8370759d-1d32-452a-979f-1784bc2eb25e, queue size: 4)
2026-01-22 12:56:37,989 - DEBUG - ag_ui_adk.adk_agent - Got event #69 from queue: TextMessageContentEvent (thread 8370759d-1d32-452a-979f-1784bc2eb25e)
2026-01-22 12:56:37,989 - DEBUG - ag_ui_adk.adk_agent - Streaming event #69: TextMessageContentEvent (thread 8370759d-1d32-452a-979f-1784bc2eb25e)
2026-01-22 12:56:37,989 - DEBUG - ag_ui_adk.adk_agent - Yielding event: TextMessageContentEvent
2026-01-22 12:56:37,989 - DEBUG - ag_ui_adk.endpoint - HTTP Response: data: {"type":"TEXT_MESSAGE_CONTENT","messageId":"902bc37c-9d09-40e5-b3f7-57e6d4715d11","delta":" items"}


2026-01-22 12:56:37,989 - DEBUG - ag_ui_adk.adk_agent - Waiting for event from queue (thread 8370759d-1d32-452a-979f-1784bc2eb25e, queue size: 3)
2026-01-22 12:56:37,989 - DEBUG - ag_ui_adk.adk_agent - Got event #70 from queue: TextMessageContentEvent (thread 8370759d-1d32-452a-979f-1784bc2eb25e)
2026-01-22 12:56:37,989 - DEBUG - ag_ui_adk.adk_agent - Streaming event #70: TextMessageContentEvent (thread 8370759d-1d32-452a-979f-1784bc2eb25e)
2026-01-22 12:56:37,989 - DEBUG - ag_ui_adk.adk_agent - Yielding event: TextMessageContentEvent
2026-01-22 12:56:37,989 - DEBUG - ag_ui_adk.endpoint - HTTP Response: data: {"type":"TEXT_MESSAGE_CONTENT","messageId":"902bc37c-9d09-40e5-b3f7-57e6d4715d11","delta":" with"}


2026-01-22 12:56:37,989 - DEBUG - ag_ui_adk.adk_agent - Waiting for event from queue (thread 8370759d-1d32-452a-979f-1784bc2eb25e, queue size: 2)
2026-01-22 12:56:37,989 - DEBUG - ag_ui_adk.adk_agent - Got event #71 from queue: TextMessageContentEvent (thread 8370759d-1d32-452a-979f-1784bc2eb25e)
2026-01-22 12:56:37,989 - DEBUG - ag_ui_adk.adk_agent - Streaming event #71: TextMessageContentEvent (thread 8370759d-1d32-452a-979f-1784bc2eb25e)
2026-01-22 12:56:37,989 - DEBUG - ag_ui_adk.adk_agent - Yielding event: TextMessageContentEvent
2026-01-22 12:56:37,989 - DEBUG - ag_ui_adk.endpoint - HTTP Response: data: {"type":"TEXT_MESSAGE_CONTENT","messageId":"902bc37c-9d09-40e5-b3f7-57e6d4715d11","delta":" quantity"}


2026-01-22 12:56:37,989 - DEBUG - ag_ui_adk.adk_agent - Waiting for event from queue (thread 8370759d-1d32-452a-979f-1784bc2eb25e, queue size: 1)
2026-01-22 12:56:37,989 - DEBUG - ag_ui_adk.adk_agent - Got event #72 from queue: TextMessageContentEvent (thread 8370759d-1d32-452a-979f-1784bc2eb25e)
2026-01-22 12:56:37,989 - DEBUG - ag_ui_adk.adk_agent - Streaming event #72: TextMessageContentEvent (thread 8370759d-1d32-452a-979f-1784bc2eb25e)
2026-01-22 12:56:37,989 - DEBUG - ag_ui_adk.adk_agent - Yielding event: TextMessageContentEvent
2026-01-22 12:56:37,989 - DEBUG - ag_ui_adk.endpoint - HTTP Response: data: {"type":"TEXT_MESSAGE_CONTENT","messageId":"902bc37c-9d09-40e5-b3f7-57e6d4715d11","delta":" >"}


2026-01-22 12:56:37,989 - DEBUG - ag_ui_adk.adk_agent - Waiting for event from queue (thread 8370759d-1d32-452a-979f-1784bc2eb25e, queue size: 0)
2026-01-22 12:56:38,026 - DEBUG - ag_ui_adk.adk_agent - Emitting event to queue: TextMessageContentEvent (thread 8370759d-1d32-452a-979f-1784bc2eb25e, queue size before: 0)
2026-01-22 12:56:38,026 - DEBUG - ag_ui_adk.adk_agent - Event queued: TextMessageContentEvent (thread 8370759d-1d32-452a-979f-1784bc2eb25e, queue size after: 1)
2026-01-22 12:56:38,027 - DEBUG - ag_ui_adk.adk_agent - Emitting event to queue: TextMessageContentEvent (thread 8370759d-1d32-452a-979f-1784bc2eb25e, queue size before: 1)
2026-01-22 12:56:38,027 - DEBUG - ag_ui_adk.adk_agent - Event queued: TextMessageContentEvent (thread 8370759d-1d32-452a-979f-1784bc2eb25e, queue size after: 2)
2026-01-22 12:56:38,027 - DEBUG - ag_ui_adk.adk_agent - Emitting event to queue: TextMessageContentEvent (thread 8370759d-1d32-452a-979f-1784bc2eb25e, queue size before: 2)
2026-01-22 12:56:38,027 - DEBUG - ag_ui_adk.adk_agent - Event queued: TextMessageContentEvent (thread 8370759d-1d32-452a-979f-1784bc2eb25e, queue size after: 3)
2026-01-22 12:56:38,027 - DEBUG - ag_ui_adk.adk_agent - Got event #73 from queue: TextMessageContentEvent (thread 8370759d-1d32-452a-979f-1784bc2eb25e)
2026-01-22 12:56:38,027 - DEBUG - ag_ui_adk.adk_agent - Streaming event #73: TextMessageContentEvent (thread 8370759d-1d32-452a-979f-1784bc2eb25e)
2026-01-22 12:56:38,027 - DEBUG - ag_ui_adk.adk_agent - Yielding event: TextMessageContentEvent
2026-01-22 12:56:38,027 - DEBUG - ag_ui_adk.endpoint - HTTP Response: data: {"type":"TEXT_MESSAGE_CONTENT","messageId":"902bc37c-9d09-40e5-b3f7-57e6d4715d11","delta":" "}


2026-01-22 12:56:38,027 - DEBUG - ag_ui_adk.adk_agent - Waiting for event from queue (thread 8370759d-1d32-452a-979f-1784bc2eb25e, queue size: 2)
2026-01-22 12:56:38,027 - DEBUG - ag_ui_adk.adk_agent - Got event #74 from queue: TextMessageContentEvent (thread 8370759d-1d32-452a-979f-1784bc2eb25e)
2026-01-22 12:56:38,027 - DEBUG - ag_ui_adk.adk_agent - Streaming event #74: TextMessageContentEvent (thread 8370759d-1d32-452a-979f-1784bc2eb25e)
2026-01-22 12:56:38,027 - DEBUG - ag_ui_adk.adk_agent - Yielding event: TextMessageContentEvent
2026-01-22 12:56:38,027 - DEBUG - ag_ui_adk.endpoint - HTTP Response: data: {"type":"TEXT_MESSAGE_CONTENT","messageId":"902bc37c-9d09-40e5-b3f7-57e6d4715d11","delta":"0"}


2026-01-22 12:56:38,027 - DEBUG - ag_ui_adk.adk_agent - Waiting for event from queue (thread 8370759d-1d32-452a-979f-1784bc2eb25e, queue size: 1)
2026-01-22 12:56:38,027 - DEBUG - ag_ui_adk.adk_agent - Got event #75 from queue: TextMessageContentEvent (thread 8370759d-1d32-452a-979f-1784bc2eb25e)
2026-01-22 12:56:38,027 - DEBUG - ag_ui_adk.adk_agent - Streaming event #75: TextMessageContentEvent (thread 8370759d-1d32-452a-979f-1784bc2eb25e)
2026-01-22 12:56:38,027 - DEBUG - ag_ui_adk.adk_agent - Yielding event: TextMessageContentEvent
2026-01-22 12:56:38,027 - DEBUG - ag_ui_adk.endpoint - HTTP Response: data: {"type":"TEXT_MESSAGE_CONTENT","messageId":"902bc37c-9d09-40e5-b3f7-57e6d4715d11","delta":","}


2026-01-22 12:56:38,028 - DEBUG - ag_ui_adk.adk_agent - Waiting for event from queue (thread 8370759d-1d32-452a-979f-1784bc2eb25e, queue size: 0)
2026-01-22 12:56:38,036 - DEBUG - ag_ui_adk.adk_agent - Emitting event to queue: TextMessageContentEvent (thread 8370759d-1d32-452a-979f-1784bc2eb25e, queue size before: 0)
2026-01-22 12:56:38,036 - DEBUG - ag_ui_adk.adk_agent - Event queued: TextMessageContentEvent (thread 8370759d-1d32-452a-979f-1784bc2eb25e, queue size after: 1)
2026-01-22 12:56:38,037 - DEBUG - ag_ui_adk.adk_agent - Emitting event to queue: TextMessageContentEvent (thread 8370759d-1d32-452a-979f-1784bc2eb25e, queue size before: 1)
2026-01-22 12:56:38,037 - DEBUG - ag_ui_adk.adk_agent - Event queued: TextMessageContentEvent (thread 8370759d-1d32-452a-979f-1784bc2eb25e, queue size after: 2)
2026-01-22 12:56:38,038 - DEBUG - ag_ui_adk.adk_agent - Emitting event to queue: TextMessageContentEvent (thread 8370759d-1d32-452a-979f-1784bc2eb25e, queue size before: 2)
2026-01-22 12:56:38,038 - DEBUG - ag_ui_adk.adk_agent - Event queued: TextMessageContentEvent (thread 8370759d-1d32-452a-979f-1784bc2eb25e, queue size after: 3)
2026-01-22 12:56:38,038 - DEBUG - ag_ui_adk.adk_agent - Emitting event to queue: TextMessageContentEvent (thread 8370759d-1d32-452a-979f-1784bc2eb25e, queue size before: 3)
2026-01-22 12:56:38,038 - DEBUG - ag_ui_adk.adk_agent - Event queued: TextMessageContentEvent (thread 8370759d-1d32-452a-979f-1784bc2eb25e, queue size after: 4)
2026-01-22 12:56:38,039 - DEBUG - ag_ui_adk.adk_agent - Emitting event to queue: TextMessageContentEvent (thread 8370759d-1d32-452a-979f-1784bc2eb25e, queue size before: 4)
2026-01-22 12:56:38,039 - DEBUG - ag_ui_adk.adk_agent - Event queued: TextMessageContentEvent (thread 8370759d-1d32-452a-979f-1784bc2eb25e, queue size after: 5)
2026-01-22 12:56:38,039 - DEBUG - ag_ui_adk.adk_agent - Emitting event to queue: TextMessageContentEvent (thread 8370759d-1d32-452a-979f-1784bc2eb25e, queue size before: 5)
2026-01-22 12:56:38,039 - DEBUG - ag_ui_adk.adk_agent - Event queued: TextMessageContentEvent (thread 8370759d-1d32-452a-979f-1784bc2eb25e, queue size after: 6)
2026-01-22 12:56:38,040 - DEBUG - ag_ui_adk.adk_agent - Emitting event to queue: TextMessageContentEvent (thread 8370759d-1d32-452a-979f-1784bc2eb25e, queue size before: 6)
2026-01-22 12:56:38,040 - DEBUG - ag_ui_adk.adk_agent - Event queued: TextMessageContentEvent (thread 8370759d-1d32-452a-979f-1784bc2eb25e, queue size after: 7)
2026-01-22 12:56:38,040 - DEBUG - ag_ui_adk.adk_agent - Emitting event to queue: TextMessageContentEvent (thread 8370759d-1d32-452a-979f-1784bc2eb25e, queue size before: 7)
2026-01-22 12:56:38,040 - DEBUG - ag_ui_adk.adk_agent - Event queued: TextMessageContentEvent (thread 8370759d-1d32-452a-979f-1784bc2eb25e, queue size after: 8)
2026-01-22 12:56:38,041 - DEBUG - ag_ui_adk.adk_agent - Emitting event to queue: TextMessageContentEvent (thread 8370759d-1d32-452a-979f-1784bc2eb25e, queue size before: 8)
2026-01-22 12:56:38,041 - DEBUG - ag_ui_adk.adk_agent - Event queued: TextMessageContentEvent (thread 8370759d-1d32-452a-979f-1784bc2eb25e, queue size after: 9)
2026-01-22 12:56:38,041 - DEBUG - ag_ui_adk.adk_agent - Emitting event to queue: TextMessageContentEvent (thread 8370759d-1d32-452a-979f-1784bc2eb25e, queue size before: 9)
2026-01-22 12:56:38,041 - DEBUG - ag_ui_adk.adk_agent - Event queued: TextMessageContentEvent (thread 8370759d-1d32-452a-979f-1784bc2eb25e, queue size after: 10)
2026-01-22 12:56:38,041 - DEBUG - ag_ui_adk.adk_agent - Emitting event to queue: TextMessageContentEvent (thread 8370759d-1d32-452a-979f-1784bc2eb25e, queue size before: 10)
2026-01-22 12:56:38,041 - DEBUG - ag_ui_adk.adk_agent - Event queued: TextMessageContentEvent (thread 8370759d-1d32-452a-979f-1784bc2eb25e, queue size after: 11)
2026-01-22 12:56:38,042 - DEBUG - ag_ui_adk.adk_agent - Emitting event to queue: TextMessageContentEvent (thread 8370759d-1d32-452a-979f-1784bc2eb25e, queue size before: 11)
2026-01-22 12:56:38,042 - DEBUG - ag_ui_adk.adk_agent - Event queued: TextMessageContentEvent (thread 8370759d-1d32-452a-979f-1784bc2eb25e, queue size after: 12)
2026-01-22 12:56:38,043 - DEBUG - ag_ui_adk.adk_agent - Emitting event to queue: TextMessageContentEvent (thread 8370759d-1d32-452a-979f-1784bc2eb25e, queue size before: 12)
2026-01-22 12:56:38,043 - DEBUG - ag_ui_adk.adk_agent - Event queued: TextMessageContentEvent (thread 8370759d-1d32-452a-979f-1784bc2eb25e, queue size after: 13)
2026-01-22 12:56:38,043 - DEBUG - ag_ui_adk.adk_agent - Emitting event to queue: TextMessageContentEvent (thread 8370759d-1d32-452a-979f-1784bc2eb25e, queue size before: 13)
2026-01-22 12:56:38,043 - DEBUG - ag_ui_adk.adk_agent - Event queued: TextMessageContentEvent (thread 8370759d-1d32-452a-979f-1784bc2eb25e, queue size after: 14)
2026-01-22 12:56:38,044 - DEBUG - ag_ui_adk.adk_agent - Emitting event to queue: TextMessageContentEvent (thread 8370759d-1d32-452a-979f-1784bc2eb25e, queue size before: 14)
2026-01-22 12:56:38,044 - DEBUG - ag_ui_adk.adk_agent - Event queued: TextMessageContentEvent (thread 8370759d-1d32-452a-979f-1784bc2eb25e, queue size after: 15)
2026-01-22 12:56:38,044 - DEBUG - ag_ui_adk.adk_agent - Emitting event to queue: TextMessageContentEvent (thread 8370759d-1d32-452a-979f-1784bc2eb25e, queue size before: 15)
2026-01-22 12:56:38,044 - DEBUG - ag_ui_adk.adk_agent - Event queued: TextMessageContentEvent (thread 8370759d-1d32-452a-979f-1784bc2eb25e, queue size after: 16)
2026-01-22 12:56:38,044 - DEBUG - ag_ui_adk.adk_agent - Emitting event to queue: TextMessageContentEvent (thread 8370759d-1d32-452a-979f-1784bc2eb25e, queue size before: 16)
2026-01-22 12:56:38,044 - DEBUG - ag_ui_adk.adk_agent - Event queued: TextMessageContentEvent (thread 8370759d-1d32-452a-979f-1784bc2eb25e, queue size after: 17)
2026-01-22 12:56:38,045 - DEBUG - ag_ui_adk.adk_agent - Emitting event to queue: TextMessageContentEvent (thread 8370759d-1d32-452a-979f-1784bc2eb25e, queue size before: 17)
2026-01-22 12:56:38,045 - DEBUG - ag_ui_adk.adk_agent - Event queued: TextMessageContentEvent (thread 8370759d-1d32-452a-979f-1784bc2eb25e, queue size after: 18)
2026-01-22 12:56:38,045 - DEBUG - ag_ui_adk.adk_agent - Emitting event to queue: TextMessageContentEvent (thread 8370759d-1d32-452a-979f-1784bc2eb25e, queue size before: 18)
2026-01-22 12:56:38,045 - DEBUG - ag_ui_adk.adk_agent - Event queued: TextMessageContentEvent (thread 8370759d-1d32-452a-979f-1784bc2eb25e, queue size after: 19)
2026-01-22 12:56:38,045 - DEBUG - ag_ui_adk.adk_agent - Emitting event to queue: TextMessageContentEvent (thread 8370759d-1d32-452a-979f-1784bc2eb25e, queue size before: 19)
2026-01-22 12:56:38,046 - DEBUG - ag_ui_adk.adk_agent - Event queued: TextMessageContentEvent (thread 8370759d-1d32-452a-979f-1784bc2eb25e, queue size after: 20)
2026-01-22 12:56:38,046 - DEBUG - ag_ui_adk.adk_agent - Emitting event to queue: TextMessageContentEvent (thread 8370759d-1d32-452a-979f-1784bc2eb25e, queue size before: 20)
2026-01-22 12:56:38,046 - DEBUG - ag_ui_adk.adk_agent - Event queued: TextMessageContentEvent (thread 8370759d-1d32-452a-979f-1784bc2eb25e, queue size after: 21)
2026-01-22 12:56:38,047 - DEBUG - ag_ui_adk.adk_agent - Emitting event to queue: TextMessageContentEvent (thread 8370759d-1d32-452a-979f-1784bc2eb25e, queue size before: 21)
2026-01-22 12:56:38,047 - DEBUG - ag_ui_adk.adk_agent - Event queued: TextMessageContentEvent (thread 8370759d-1d32-452a-979f-1784bc2eb25e, queue size after: 22)
2026-01-22 12:56:38,048 - DEBUG - ag_ui_adk.adk_agent - Emitting event to queue: TextMessageContentEvent (thread 8370759d-1d32-452a-979f-1784bc2eb25e, queue size before: 22)
2026-01-22 12:56:38,048 - DEBUG - ag_ui_adk.adk_agent - Event queued: TextMessageContentEvent (thread 8370759d-1d32-452a-979f-1784bc2eb25e, queue size after: 23)
2026-01-22 12:56:38,048 - DEBUG - ag_ui_adk.adk_agent - Emitting event to queue: TextMessageContentEvent (thread 8370759d-1d32-452a-979f-1784bc2eb25e, queue size before: 23)
2026-01-22 12:56:38,048 - DEBUG - ag_ui_adk.adk_agent - Event queued: TextMessageContentEvent (thread 8370759d-1d32-452a-979f-1784bc2eb25e, queue size after: 24)
2026-01-22 12:56:38,049 - DEBUG - ag_ui_adk.adk_agent - Emitting event to queue: TextMessageContentEvent (thread 8370759d-1d32-452a-979f-1784bc2eb25e, queue size before: 24)
2026-01-22 12:56:38,049 - DEBUG - ag_ui_adk.adk_agent - Event queued: TextMessageContentEvent (thread 8370759d-1d32-452a-979f-1784bc2eb25e, queue size after: 25)
2026-01-22 12:56:38,049 - DEBUG - ag_ui_adk.adk_agent - Emitting event to queue: TextMessageContentEvent (thread 8370759d-1d32-452a-979f-1784bc2eb25e, queue size before: 25)
2026-01-22 12:56:38,049 - DEBUG - ag_ui_adk.adk_agent - Event queued: TextMessageContentEvent (thread 8370759d-1d32-452a-979f-1784bc2eb25e, queue size after: 26)
2026-01-22 12:56:38,050 - DEBUG - ag_ui_adk.adk_agent - Emitting event to queue: TextMessageContentEvent (thread 8370759d-1d32-452a-979f-1784bc2eb25e, queue size before: 26)
2026-01-22 12:56:38,050 - DEBUG - ag_ui_adk.adk_agent - Event queued: TextMessageContentEvent (thread 8370759d-1d32-452a-979f-1784bc2eb25e, queue size after: 27)
2026-01-22 12:56:38,050 - DEBUG - ag_ui_adk.adk_agent - Got event #76 from queue: TextMessageContentEvent (thread 8370759d-1d32-452a-979f-1784bc2eb25e)
2026-01-22 12:56:38,050 - DEBUG - ag_ui_adk.adk_agent - Streaming event #76: TextMessageContentEvent (thread 8370759d-1d32-452a-979f-1784bc2eb25e)
2026-01-22 12:56:38,050 - DEBUG - ag_ui_adk.adk_agent - Yielding event: TextMessageContentEvent
2026-01-22 12:56:38,050 - DEBUG - ag_ui_adk.endpoint - HTTP Response: data: {"type":"TEXT_MESSAGE_CONTENT","messageId":"902bc37c-9d09-40e5-b3f7-57e6d4715d11","delta":" or"}


2026-01-22 12:56:38,050 - DEBUG - ag_ui_adk.adk_agent - Waiting for event from queue (thread 8370759d-1d32-452a-979f-1784bc2eb25e, queue size: 26)
2026-01-22 12:56:38,050 - DEBUG - ag_ui_adk.adk_agent - Got event #77 from queue: TextMessageContentEvent (thread 8370759d-1d32-452a-979f-1784bc2eb25e)
2026-01-22 12:56:38,050 - DEBUG - ag_ui_adk.adk_agent - Streaming event #77: TextMessageContentEvent (thread 8370759d-1d32-452a-979f-1784bc2eb25e)
2026-01-22 12:56:38,050 - DEBUG - ag_ui_adk.adk_agent - Yielding event: TextMessageContentEvent
2026-01-22 12:56:38,050 - DEBUG - ag_ui_adk.endpoint - HTTP Response: data: {"type":"TEXT_MESSAGE_CONTENT","messageId":"902bc37c-9d09-40e5-b3f7-57e6d4715d11","delta":" everything"}


2026-01-22 12:56:38,050 - DEBUG - ag_ui_adk.adk_agent - Waiting for event from queue (thread 8370759d-1d32-452a-979f-1784bc2eb25e, queue size: 25)
2026-01-22 12:56:38,050 - DEBUG - ag_ui_adk.adk_agent - Got event #78 from queue: TextMessageContentEvent (thread 8370759d-1d32-452a-979f-1784bc2eb25e)
2026-01-22 12:56:38,050 - DEBUG - ag_ui_adk.adk_agent - Streaming event #78: TextMessageContentEvent (thread 8370759d-1d32-452a-979f-1784bc2eb25e)
2026-01-22 12:56:38,050 - DEBUG - ag_ui_adk.adk_agent - Yielding event: TextMessageContentEvent
2026-01-22 12:56:38,050 - DEBUG - ag_ui_adk.endpoint - HTTP Response: data: {"type":"TEXT_MESSAGE_CONTENT","messageId":"902bc37c-9d09-40e5-b3f7-57e6d4715d11","delta":" including"}


2026-01-22 12:56:38,050 - DEBUG - ag_ui_adk.adk_agent - Waiting for event from queue (thread 8370759d-1d32-452a-979f-1784bc2eb25e, queue size: 24)
2026-01-22 12:56:38,050 - DEBUG - ag_ui_adk.adk_agent - Got event #79 from queue: TextMessageContentEvent (thread 8370759d-1d32-452a-979f-1784bc2eb25e)
2026-01-22 12:56:38,050 - DEBUG - ag_ui_adk.adk_agent - Streaming event #79: TextMessageContentEvent (thread 8370759d-1d32-452a-979f-1784bc2eb25e)
2026-01-22 12:56:38,050 - DEBUG - ag_ui_adk.adk_agent - Yielding event: TextMessageContentEvent
2026-01-22 12:56:38,050 - DEBUG - ag_ui_adk.endpoint - HTTP Response: data: {"type":"TEXT_MESSAGE_CONTENT","messageId":"902bc37c-9d09-40e5-b3f7-57e6d4715d11","delta":" zero"}


2026-01-22 12:56:38,050 - DEBUG - ag_ui_adk.adk_agent - Waiting for event from queue (thread 8370759d-1d32-452a-979f-1784bc2eb25e, queue size: 23)
2026-01-22 12:56:38,050 - DEBUG - ag_ui_adk.adk_agent - Got event #80 from queue: TextMessageContentEvent (thread 8370759d-1d32-452a-979f-1784bc2eb25e)
2026-01-22 12:56:38,050 - DEBUG - ag_ui_adk.adk_agent - Streaming event #80: TextMessageContentEvent (thread 8370759d-1d32-452a-979f-1784bc2eb25e)
2026-01-22 12:56:38,050 - DEBUG - ag_ui_adk.adk_agent - Yielding event: TextMessageContentEvent
2026-01-22 12:56:38,050 - DEBUG - ag_ui_adk.endpoint - HTTP Response: data: {"type":"TEXT_MESSAGE_CONTENT","messageId":"902bc37c-9d09-40e5-b3f7-57e6d4715d11","delta":"/back"}


2026-01-22 12:56:38,050 - DEBUG - ag_ui_adk.adk_agent - Waiting for event from queue (thread 8370759d-1d32-452a-979f-1784bc2eb25e, queue size: 22)
2026-01-22 12:56:38,050 - DEBUG - ag_ui_adk.adk_agent - Got event #81 from queue: TextMessageContentEvent (thread 8370759d-1d32-452a-979f-1784bc2eb25e)
2026-01-22 12:56:38,050 - DEBUG - ag_ui_adk.adk_agent - Streaming event #81: TextMessageContentEvent (thread 8370759d-1d32-452a-979f-1784bc2eb25e)
2026-01-22 12:56:38,050 - DEBUG - ag_ui_adk.adk_agent - Yielding event: TextMessageContentEvent
2026-01-22 12:56:38,050 - DEBUG - ag_ui_adk.endpoint - HTTP Response: data: {"type":"TEXT_MESSAGE_CONTENT","messageId":"902bc37c-9d09-40e5-b3f7-57e6d4715d11","delta":"ordered"}


2026-01-22 12:56:38,050 - DEBUG - ag_ui_adk.adk_agent - Waiting for event from queue (thread 8370759d-1d32-452a-979f-1784bc2eb25e, queue size: 21)
2026-01-22 12:56:38,050 - DEBUG - ag_ui_adk.adk_agent - Got event #82 from queue: TextMessageContentEvent (thread 8370759d-1d32-452a-979f-1784bc2eb25e)
2026-01-22 12:56:38,050 - DEBUG - ag_ui_adk.adk_agent - Streaming event #82: TextMessageContentEvent (thread 8370759d-1d32-452a-979f-1784bc2eb25e)
2026-01-22 12:56:38,050 - DEBUG - ag_ui_adk.adk_agent - Yielding event: TextMessageContentEvent
2026-01-22 12:56:38,050 - DEBUG - ag_ui_adk.endpoint - HTTP Response: data: {"type":"TEXT_MESSAGE_CONTENT","messageId":"902bc37c-9d09-40e5-b3f7-57e6d4715d11","delta":"?\n"}


2026-01-22 12:56:38,050 - DEBUG - ag_ui_adk.adk_agent - Waiting for event from queue (thread 8370759d-1d32-452a-979f-1784bc2eb25e, queue size: 20)
2026-01-22 12:56:38,050 - DEBUG - ag_ui_adk.adk_agent - Got event #83 from queue: TextMessageContentEvent (thread 8370759d-1d32-452a-979f-1784bc2eb25e)
2026-01-22 12:56:38,050 - DEBUG - ag_ui_adk.adk_agent - Streaming event #83: TextMessageContentEvent (thread 8370759d-1d32-452a-979f-1784bc2eb25e)
2026-01-22 12:56:38,050 - DEBUG - ag_ui_adk.adk_agent - Yielding event: TextMessageContentEvent
2026-01-22 12:56:38,050 - DEBUG - ag_ui_adk.endpoint - HTTP Response: data: {"type":"TEXT_MESSAGE_CONTENT","messageId":"902bc37c-9d09-40e5-b3f7-57e6d4715d11","delta":"-"}


2026-01-22 12:56:38,050 - DEBUG - ag_ui_adk.adk_agent - Waiting for event from queue (thread 8370759d-1d32-452a-979f-1784bc2eb25e, queue size: 19)
2026-01-22 12:56:38,050 - DEBUG - ag_ui_adk.adk_agent - Got event #84 from queue: TextMessageContentEvent (thread 8370759d-1d32-452a-979f-1784bc2eb25e)
2026-01-22 12:56:38,050 - DEBUG - ag_ui_adk.adk_agent - Streaming event #84: TextMessageContentEvent (thread 8370759d-1d32-452a-979f-1784bc2eb25e)
2026-01-22 12:56:38,050 - DEBUG - ag_ui_adk.adk_agent - Yielding event: TextMessageContentEvent
2026-01-22 12:56:38,050 - DEBUG - ag_ui_adk.endpoint - HTTP Response: data: {"type":"TEXT_MESSAGE_CONTENT","messageId":"902bc37c-9d09-40e5-b3f7-57e6d4715d11","delta":" Columns"}


2026-01-22 12:56:38,050 - DEBUG - ag_ui_adk.adk_agent - Waiting for event from queue (thread 8370759d-1d32-452a-979f-1784bc2eb25e, queue size: 18)
2026-01-22 12:56:38,050 - DEBUG - ag_ui_adk.adk_agent - Got event #85 from queue: TextMessageContentEvent (thread 8370759d-1d32-452a-979f-1784bc2eb25e)
2026-01-22 12:56:38,050 - DEBUG - ag_ui_adk.adk_agent - Streaming event #85: TextMessageContentEvent (thread 8370759d-1d32-452a-979f-1784bc2eb25e)
2026-01-22 12:56:38,050 - DEBUG - ag_ui_adk.adk_agent - Yielding event: TextMessageContentEvent
2026-01-22 12:56:38,050 - DEBUG - ag_ui_adk.endpoint - HTTP Response: data: {"type":"TEXT_MESSAGE_CONTENT","messageId":"902bc37c-9d09-40e5-b3f7-57e6d4715d11","delta":" you"}


2026-01-22 12:56:38,050 - DEBUG - ag_ui_adk.adk_agent - Waiting for event from queue (thread 8370759d-1d32-452a-979f-1784bc2eb25e, queue size: 17)
2026-01-22 12:56:38,050 - DEBUG - ag_ui_adk.adk_agent - Got event #86 from queue: TextMessageContentEvent (thread 8370759d-1d32-452a-979f-1784bc2eb25e)
2026-01-22 12:56:38,050 - DEBUG - ag_ui_adk.adk_agent - Streaming event #86: TextMessageContentEvent (thread 8370759d-1d32-452a-979f-1784bc2eb25e)
2026-01-22 12:56:38,050 - DEBUG - ag_ui_adk.adk_agent - Yielding event: TextMessageContentEvent
2026-01-22 12:56:38,050 - DEBUG - ag_ui_adk.endpoint - HTTP Response: data: {"type":"TEXT_MESSAGE_CONTENT","messageId":"902bc37c-9d09-40e5-b3f7-57e6d4715d11","delta":" want"}


2026-01-22 12:56:38,050 - DEBUG - ag_ui_adk.adk_agent - Waiting for event from queue (thread 8370759d-1d32-452a-979f-1784bc2eb25e, queue size: 16)
2026-01-22 12:56:38,050 - DEBUG - ag_ui_adk.adk_agent - Got event #87 from queue: TextMessageContentEvent (thread 8370759d-1d32-452a-979f-1784bc2eb25e)
2026-01-22 12:56:38,050 - DEBUG - ag_ui_adk.adk_agent - Streaming event #87: TextMessageContentEvent (thread 8370759d-1d32-452a-979f-1784bc2eb25e)
2026-01-22 12:56:38,050 - DEBUG - ag_ui_adk.adk_agent - Yielding event: TextMessageContentEvent
2026-01-22 12:56:38,050 - DEBUG - ag_ui_adk.endpoint - HTTP Response: data: {"type":"TEXT_MESSAGE_CONTENT","messageId":"902bc37c-9d09-40e5-b3f7-57e6d4715d11","delta":":"}


2026-01-22 12:56:38,050 - DEBUG - ag_ui_adk.adk_agent - Waiting for event from queue (thread 8370759d-1d32-452a-979f-1784bc2eb25e, queue size: 15)
2026-01-22 12:56:38,050 - DEBUG - ag_ui_adk.adk_agent - Got event #88 from queue: TextMessageContentEvent (thread 8370759d-1d32-452a-979f-1784bc2eb25e)
2026-01-22 12:56:38,050 - DEBUG - ag_ui_adk.adk_agent - Streaming event #88: TextMessageContentEvent (thread 8370759d-1d32-452a-979f-1784bc2eb25e)
2026-01-22 12:56:38,051 - DEBUG - ag_ui_adk.adk_agent - Yielding event: TextMessageContentEvent
2026-01-22 12:56:38,051 - DEBUG - ag_ui_adk.endpoint - HTTP Response: data: {"type":"TEXT_MESSAGE_CONTENT","messageId":"902bc37c-9d09-40e5-b3f7-57e6d4715d11","delta":" SKU"}


2026-01-22 12:56:38,051 - DEBUG - ag_ui_adk.adk_agent - Waiting for event from queue (thread 8370759d-1d32-452a-979f-1784bc2eb25e, queue size: 14)
2026-01-22 12:56:38,051 - DEBUG - ag_ui_adk.adk_agent - Got event #89 from queue: TextMessageContentEvent (thread 8370759d-1d32-452a-979f-1784bc2eb25e)
2026-01-22 12:56:38,051 - DEBUG - ag_ui_adk.adk_agent - Streaming event #89: TextMessageContentEvent (thread 8370759d-1d32-452a-979f-1784bc2eb25e)
2026-01-22 12:56:38,051 - DEBUG - ag_ui_adk.adk_agent - Yielding event: TextMessageContentEvent
2026-01-22 12:56:38,051 - DEBUG - ag_ui_adk.endpoint - HTTP Response: data: {"type":"TEXT_MESSAGE_CONTENT","messageId":"902bc37c-9d09-40e5-b3f7-57e6d4715d11","delta":","}


2026-01-22 12:56:38,051 - DEBUG - ag_ui_adk.adk_agent - Waiting for event from queue (thread 8370759d-1d32-452a-979f-1784bc2eb25e, queue size: 13)
2026-01-22 12:56:38,051 - DEBUG - ag_ui_adk.adk_agent - Got event #90 from queue: TextMessageContentEvent (thread 8370759d-1d32-452a-979f-1784bc2eb25e)
2026-01-22 12:56:38,051 - DEBUG - ag_ui_adk.adk_agent - Streaming event #90: TextMessageContentEvent (thread 8370759d-1d32-452a-979f-1784bc2eb25e)
2026-01-22 12:56:38,051 - DEBUG - ag_ui_adk.adk_agent - Yielding event: TextMessageContentEvent
2026-01-22 12:56:38,051 - DEBUG - ag_ui_adk.endpoint - HTTP Response: data: {"type":"TEXT_MESSAGE_CONTENT","messageId":"902bc37c-9d09-40e5-b3f7-57e6d4715d11","delta":" item"}


2026-01-22 12:56:38,051 - DEBUG - ag_ui_adk.adk_agent - Waiting for event from queue (thread 8370759d-1d32-452a-979f-1784bc2eb25e, queue size: 12)
2026-01-22 12:56:38,051 - DEBUG - ag_ui_adk.adk_agent - Got event #91 from queue: TextMessageContentEvent (thread 8370759d-1d32-452a-979f-1784bc2eb25e)
2026-01-22 12:56:38,051 - DEBUG - ag_ui_adk.adk_agent - Streaming event #91: TextMessageContentEvent (thread 8370759d-1d32-452a-979f-1784bc2eb25e)
2026-01-22 12:56:38,051 - DEBUG - ag_ui_adk.adk_agent - Yielding event: TextMessageContentEvent
2026-01-22 12:56:38,051 - DEBUG - ag_ui_adk.endpoint - HTTP Response: data: {"type":"TEXT_MESSAGE_CONTENT","messageId":"902bc37c-9d09-40e5-b3f7-57e6d4715d11","delta":" name"}


2026-01-22 12:56:38,051 - DEBUG - ag_ui_adk.adk_agent - Waiting for event from queue (thread 8370759d-1d32-452a-979f-1784bc2eb25e, queue size: 11)
2026-01-22 12:56:38,051 - DEBUG - ag_ui_adk.adk_agent - Got event #92 from queue: TextMessageContentEvent (thread 8370759d-1d32-452a-979f-1784bc2eb25e)
2026-01-22 12:56:38,051 - DEBUG - ag_ui_adk.adk_agent - Streaming event #92: TextMessageContentEvent (thread 8370759d-1d32-452a-979f-1784bc2eb25e)
2026-01-22 12:56:38,051 - DEBUG - ag_ui_adk.adk_agent - Yielding event: TextMessageContentEvent
2026-01-22 12:56:38,051 - DEBUG - ag_ui_adk.endpoint - HTTP Response: data: {"type":"TEXT_MESSAGE_CONTENT","messageId":"902bc37c-9d09-40e5-b3f7-57e6d4715d11","delta":","}


2026-01-22 12:56:38,051 - DEBUG - ag_ui_adk.adk_agent - Waiting for event from queue (thread 8370759d-1d32-452a-979f-1784bc2eb25e, queue size: 10)
2026-01-22 12:56:38,051 - DEBUG - ag_ui_adk.adk_agent - Got event #93 from queue: TextMessageContentEvent (thread 8370759d-1d32-452a-979f-1784bc2eb25e)
2026-01-22 12:56:38,051 - DEBUG - ag_ui_adk.adk_agent - Streaming event #93: TextMessageContentEvent (thread 8370759d-1d32-452a-979f-1784bc2eb25e)
2026-01-22 12:56:38,051 - DEBUG - ag_ui_adk.adk_agent - Yielding event: TextMessageContentEvent
2026-01-22 12:56:38,051 - DEBUG - ag_ui_adk.endpoint - HTTP Response: data: {"type":"TEXT_MESSAGE_CONTENT","messageId":"902bc37c-9d09-40e5-b3f7-57e6d4715d11","delta":" quantity"}


2026-01-22 12:56:38,051 - DEBUG - ag_ui_adk.adk_agent - Waiting for event from queue (thread 8370759d-1d32-452a-979f-1784bc2eb25e, queue size: 9)
2026-01-22 12:56:38,051 - DEBUG - ag_ui_adk.adk_agent - Got event #94 from queue: TextMessageContentEvent (thread 8370759d-1d32-452a-979f-1784bc2eb25e)
2026-01-22 12:56:38,051 - DEBUG - ag_ui_adk.adk_agent - Streaming event #94: TextMessageContentEvent (thread 8370759d-1d32-452a-979f-1784bc2eb25e)
2026-01-22 12:56:38,051 - DEBUG - ag_ui_adk.adk_agent - Yielding event: TextMessageContentEvent
2026-01-22 12:56:38,051 - DEBUG - ag_ui_adk.endpoint - HTTP Response: data: {"type":"TEXT_MESSAGE_CONTENT","messageId":"902bc37c-9d09-40e5-b3f7-57e6d4715d11","delta":","}


2026-01-22 12:56:38,051 - DEBUG - ag_ui_adk.adk_agent - Waiting for event from queue (thread 8370759d-1d32-452a-979f-1784bc2eb25e, queue size: 8)
2026-01-22 12:56:38,051 - DEBUG - ag_ui_adk.adk_agent - Got event #95 from queue: TextMessageContentEvent (thread 8370759d-1d32-452a-979f-1784bc2eb25e)
2026-01-22 12:56:38,051 - DEBUG - ag_ui_adk.adk_agent - Streaming event #95: TextMessageContentEvent (thread 8370759d-1d32-452a-979f-1784bc2eb25e)
2026-01-22 12:56:38,051 - DEBUG - ag_ui_adk.adk_agent - Yielding event: TextMessageContentEvent
2026-01-22 12:56:38,051 - DEBUG - ag_ui_adk.endpoint - HTTP Response: data: {"type":"TEXT_MESSAGE_CONTENT","messageId":"902bc37c-9d09-40e5-b3f7-57e6d4715d11","delta":" location"}


2026-01-22 12:56:38,051 - DEBUG - ag_ui_adk.adk_agent - Waiting for event from queue (thread 8370759d-1d32-452a-979f-1784bc2eb25e, queue size: 7)
2026-01-22 12:56:38,051 - DEBUG - ag_ui_adk.adk_agent - Got event #96 from queue: TextMessageContentEvent (thread 8370759d-1d32-452a-979f-1784bc2eb25e)
2026-01-22 12:56:38,051 - DEBUG - ag_ui_adk.adk_agent - Streaming event #96: TextMessageContentEvent (thread 8370759d-1d32-452a-979f-1784bc2eb25e)
2026-01-22 12:56:38,051 - DEBUG - ag_ui_adk.adk_agent - Yielding event: TextMessageContentEvent
2026-01-22 12:56:38,051 - DEBUG - ag_ui_adk.endpoint - HTTP Response: data: {"type":"TEXT_MESSAGE_CONTENT","messageId":"902bc37c-9d09-40e5-b3f7-57e6d4715d11","delta":","}


2026-01-22 12:56:38,051 - DEBUG - ag_ui_adk.adk_agent - Waiting for event from queue (thread 8370759d-1d32-452a-979f-1784bc2eb25e, queue size: 6)
2026-01-22 12:56:38,051 - DEBUG - ag_ui_adk.adk_agent - Got event #97 from queue: TextMessageContentEvent (thread 8370759d-1d32-452a-979f-1784bc2eb25e)
2026-01-22 12:56:38,051 - DEBUG - ag_ui_adk.adk_agent - Streaming event #97: TextMessageContentEvent (thread 8370759d-1d32-452a-979f-1784bc2eb25e)
2026-01-22 12:56:38,051 - DEBUG - ag_ui_adk.adk_agent - Yielding event: TextMessageContentEvent
2026-01-22 12:56:38,051 - DEBUG - ag_ui_adk.endpoint - HTTP Response: data: {"type":"TEXT_MESSAGE_CONTENT","messageId":"902bc37c-9d09-40e5-b3f7-57e6d4715d11","delta":" unit"}


2026-01-22 12:56:38,051 - DEBUG - ag_ui_adk.adk_agent - Waiting for event from queue (thread 8370759d-1d32-452a-979f-1784bc2eb25e, queue size: 5)
2026-01-22 12:56:38,051 - DEBUG - ag_ui_adk.adk_agent - Got event #98 from queue: TextMessageContentEvent (thread 8370759d-1d32-452a-979f-1784bc2eb25e)
2026-01-22 12:56:38,051 - DEBUG - ag_ui_adk.adk_agent - Streaming event #98: TextMessageContentEvent (thread 8370759d-1d32-452a-979f-1784bc2eb25e)
2026-01-22 12:56:38,051 - DEBUG - ag_ui_adk.adk_agent - Yielding event: TextMessageContentEvent
2026-01-22 12:56:38,051 - DEBUG - ag_ui_adk.endpoint - HTTP Response: data: {"type":"TEXT_MESSAGE_CONTENT","messageId":"902bc37c-9d09-40e5-b3f7-57e6d4715d11","delta":" price"}


2026-01-22 12:56:38,051 - DEBUG - ag_ui_adk.adk_agent - Waiting for event from queue (thread 8370759d-1d32-452a-979f-1784bc2eb25e, queue size: 4)
2026-01-22 12:56:38,051 - DEBUG - ag_ui_adk.adk_agent - Got event #99 from queue: TextMessageContentEvent (thread 8370759d-1d32-452a-979f-1784bc2eb25e)
2026-01-22 12:56:38,051 - DEBUG - ag_ui_adk.adk_agent - Streaming event #99: TextMessageContentEvent (thread 8370759d-1d32-452a-979f-1784bc2eb25e)
2026-01-22 12:56:38,051 - DEBUG - ag_ui_adk.adk_agent - Yielding event: TextMessageContentEvent
2026-01-22 12:56:38,051 - DEBUG - ag_ui_adk.endpoint - HTTP Response: data: {"type":"TEXT_MESSAGE_CONTENT","messageId":"902bc37c-9d09-40e5-b3f7-57e6d4715d11","delta":","}


2026-01-22 12:56:38,051 - DEBUG - ag_ui_adk.adk_agent - Waiting for event from queue (thread 8370759d-1d32-452a-979f-1784bc2eb25e, queue size: 3)
2026-01-22 12:56:38,051 - DEBUG - ag_ui_adk.adk_agent - Got event #100 from queue: TextMessageContentEvent (thread 8370759d-1d32-452a-979f-1784bc2eb25e)
2026-01-22 12:56:38,051 - DEBUG - ag_ui_adk.adk_agent - Streaming event #100: TextMessageContentEvent (thread 8370759d-1d32-452a-979f-1784bc2eb25e)
2026-01-22 12:56:38,051 - DEBUG - ag_ui_adk.adk_agent - Yielding event: TextMessageContentEvent
2026-01-22 12:56:38,051 - DEBUG - ag_ui_adk.endpoint - HTTP Response: data: {"type":"TEXT_MESSAGE_CONTENT","messageId":"902bc37c-9d09-40e5-b3f7-57e6d4715d11","delta":" reorder"}


2026-01-22 12:56:38,051 - DEBUG - ag_ui_adk.adk_agent - Waiting for event from queue (thread 8370759d-1d32-452a-979f-1784bc2eb25e, queue size: 2)
2026-01-22 12:56:38,051 - DEBUG - ag_ui_adk.adk_agent - Got event #101 from queue: TextMessageContentEvent (thread 8370759d-1d32-452a-979f-1784bc2eb25e)
2026-01-22 12:56:38,051 - DEBUG - ag_ui_adk.adk_agent - Streaming event #101: TextMessageContentEvent (thread 8370759d-1d32-452a-979f-1784bc2eb25e)
2026-01-22 12:56:38,051 - DEBUG - ag_ui_adk.adk_agent - Yielding event: TextMessageContentEvent
2026-01-22 12:56:38,051 - DEBUG - ag_ui_adk.endpoint - HTTP Response: data: {"type":"TEXT_MESSAGE_CONTENT","messageId":"902bc37c-9d09-40e5-b3f7-57e6d4715d11","delta":" threshold"}


2026-01-22 12:56:38,051 - DEBUG - ag_ui_adk.adk_agent - Waiting for event from queue (thread 8370759d-1d32-452a-979f-1784bc2eb25e, queue size: 1)
2026-01-22 12:56:38,052 - DEBUG - ag_ui_adk.adk_agent - Got event #102 from queue: TextMessageContentEvent (thread 8370759d-1d32-452a-979f-1784bc2eb25e)
2026-01-22 12:56:38,052 - DEBUG - ag_ui_adk.adk_agent - Streaming event #102: TextMessageContentEvent (thread 8370759d-1d32-452a-979f-1784bc2eb25e)
2026-01-22 12:56:38,052 - DEBUG - ag_ui_adk.adk_agent - Yielding event: TextMessageContentEvent
2026-01-22 12:56:38,053 - DEBUG - ag_ui_adk.endpoint - HTTP Response: data: {"type":"TEXT_MESSAGE_CONTENT","messageId":"902bc37c-9d09-40e5-b3f7-57e6d4715d11","delta":","}


2026-01-22 12:56:38,053 - DEBUG - ag_ui_adk.adk_agent - Waiting for event from queue (thread 8370759d-1d32-452a-979f-1784bc2eb25e, queue size: 0)
2026-01-22 12:56:38,054 - DEBUG - ag_ui_adk.adk_agent - Emitting event to queue: TextMessageContentEvent (thread 8370759d-1d32-452a-979f-1784bc2eb25e, queue size before: 0)
2026-01-22 12:56:38,054 - DEBUG - ag_ui_adk.adk_agent - Event queued: TextMessageContentEvent (thread 8370759d-1d32-452a-979f-1784bc2eb25e, queue size after: 1)
2026-01-22 12:56:38,054 - DEBUG - ag_ui_adk.adk_agent - Emitting event to queue: TextMessageContentEvent (thread 8370759d-1d32-452a-979f-1784bc2eb25e, queue size before: 1)
2026-01-22 12:56:38,054 - DEBUG - ag_ui_adk.adk_agent - Event queued: TextMessageContentEvent (thread 8370759d-1d32-452a-979f-1784bc2eb25e, queue size after: 2)
2026-01-22 12:56:38,055 - DEBUG - ag_ui_adk.adk_agent - Emitting event to queue: TextMessageContentEvent (thread 8370759d-1d32-452a-979f-1784bc2eb25e, queue size before: 2)
2026-01-22 12:56:38,055 - DEBUG - ag_ui_adk.adk_agent - Event queued: TextMessageContentEvent (thread 8370759d-1d32-452a-979f-1784bc2eb25e, queue size after: 3)
2026-01-22 12:56:38,055 - DEBUG - ag_ui_adk.adk_agent - Emitting event to queue: TextMessageContentEvent (thread 8370759d-1d32-452a-979f-1784bc2eb25e, queue size before: 3)
2026-01-22 12:56:38,055 - DEBUG - ag_ui_adk.adk_agent - Event queued: TextMessageContentEvent (thread 8370759d-1d32-452a-979f-1784bc2eb25e, queue size after: 4)
2026-01-22 12:56:38,056 - DEBUG - ag_ui_adk.adk_agent - Emitting event to queue: TextMessageContentEvent (thread 8370759d-1d32-452a-979f-1784bc2eb25e, queue size before: 4)
2026-01-22 12:56:38,056 - DEBUG - ag_ui_adk.adk_agent - Event queued: TextMessageContentEvent (thread 8370759d-1d32-452a-979f-1784bc2eb25e, queue size after: 5)
2026-01-22 12:56:38,056 - DEBUG - ag_ui_adk.adk_agent - Emitting event to queue: TextMessageContentEvent (thread 8370759d-1d32-452a-979f-1784bc2eb25e, queue size before: 5)
2026-01-22 12:56:38,056 - DEBUG - ag_ui_adk.adk_agent - Event queued: TextMessageContentEvent (thread 8370759d-1d32-452a-979f-1784bc2eb25e, queue size after: 6)
2026-01-22 12:56:38,057 - DEBUG - ag_ui_adk.adk_agent - Emitting event to queue: TextMessageContentEvent (thread 8370759d-1d32-452a-979f-1784bc2eb25e, queue size before: 6)
2026-01-22 12:56:38,058 - DEBUG - ag_ui_adk.adk_agent - Event queued: TextMessageContentEvent (thread 8370759d-1d32-452a-979f-1784bc2eb25e, queue size after: 7)
2026-01-22 12:56:38,058 - DEBUG - ag_ui_adk.adk_agent - Emitting event to queue: TextMessageContentEvent (thread 8370759d-1d32-452a-979f-1784bc2eb25e, queue size before: 7)
2026-01-22 12:56:38,058 - DEBUG - ag_ui_adk.adk_agent - Event queued: TextMessageContentEvent (thread 8370759d-1d32-452a-979f-1784bc2eb25e, queue size after: 8)
2026-01-22 12:56:38,059 - DEBUG - ag_ui_adk.adk_agent - Emitting event to queue: TextMessageContentEvent (thread 8370759d-1d32-452a-979f-1784bc2eb25e, queue size before: 8)
2026-01-22 12:56:38,059 - DEBUG - ag_ui_adk.adk_agent - Event queued: TextMessageContentEvent (thread 8370759d-1d32-452a-979f-1784bc2eb25e, queue size after: 9)
2026-01-22 12:56:38,059 - DEBUG - ag_ui_adk.adk_agent - Emitting event to queue: TextMessageContentEvent (thread 8370759d-1d32-452a-979f-1784bc2eb25e, queue size before: 9)
2026-01-22 12:56:38,059 - DEBUG - ag_ui_adk.adk_agent - Event queued: TextMessageContentEvent (thread 8370759d-1d32-452a-979f-1784bc2eb25e, queue size after: 10)
2026-01-22 12:56:38,060 - DEBUG - ag_ui_adk.adk_agent - Emitting event to queue: TextMessageContentEvent (thread 8370759d-1d32-452a-979f-1784bc2eb25e, queue size before: 10)
2026-01-22 12:56:38,060 - DEBUG - ag_ui_adk.adk_agent - Event queued: TextMessageContentEvent (thread 8370759d-1d32-452a-979f-1784bc2eb25e, queue size after: 11)
2026-01-22 12:56:38,060 - DEBUG - ag_ui_adk.adk_agent - Emitting event to queue: TextMessageContentEvent (thread 8370759d-1d32-452a-979f-1784bc2eb25e, queue size before: 11)
2026-01-22 12:56:38,060 - DEBUG - ag_ui_adk.adk_agent - Event queued: TextMessageContentEvent (thread 8370759d-1d32-452a-979f-1784bc2eb25e, queue size after: 12)
2026-01-22 12:56:38,061 - DEBUG - ag_ui_adk.adk_agent - Emitting event to queue: TextMessageContentEvent (thread 8370759d-1d32-452a-979f-1784bc2eb25e, queue size before: 12)
2026-01-22 12:56:38,061 - DEBUG - ag_ui_adk.adk_agent - Event queued: TextMessageContentEvent (thread 8370759d-1d32-452a-979f-1784bc2eb25e, queue size after: 13)
2026-01-22 12:56:38,061 - DEBUG - ag_ui_adk.adk_agent - Emitting event to queue: TextMessageContentEvent (thread 8370759d-1d32-452a-979f-1784bc2eb25e, queue size before: 13)
2026-01-22 12:56:38,061 - DEBUG - ag_ui_adk.adk_agent - Event queued: TextMessageContentEvent (thread 8370759d-1d32-452a-979f-1784bc2eb25e, queue size after: 14)
2026-01-22 12:56:38,061 - DEBUG - ag_ui_adk.adk_agent - Emitting event to queue: TextMessageContentEvent (thread 8370759d-1d32-452a-979f-1784bc2eb25e, queue size before: 14)
2026-01-22 12:56:38,061 - DEBUG - ag_ui_adk.adk_agent - Event queued: TextMessageContentEvent (thread 8370759d-1d32-452a-979f-1784bc2eb25e, queue size after: 15)
2026-01-22 12:56:38,062 - DEBUG - ag_ui_adk.adk_agent - Emitting event to queue: TextMessageContentEvent (thread 8370759d-1d32-452a-979f-1784bc2eb25e, queue size before: 15)
2026-01-22 12:56:38,062 - DEBUG - ag_ui_adk.adk_agent - Event queued: TextMessageContentEvent (thread 8370759d-1d32-452a-979f-1784bc2eb25e, queue size after: 16)
2026-01-22 12:56:38,063 - DEBUG - ag_ui_adk.adk_agent - Emitting event to queue: TextMessageContentEvent (thread 8370759d-1d32-452a-979f-1784bc2eb25e, queue size before: 16)
2026-01-22 12:56:38,063 - DEBUG - ag_ui_adk.adk_agent - Event queued: TextMessageContentEvent (thread 8370759d-1d32-452a-979f-1784bc2eb25e, queue size after: 17)
2026-01-22 12:56:38,063 - DEBUG - ag_ui_adk.adk_agent - Emitting event to queue: TextMessageContentEvent (thread 8370759d-1d32-452a-979f-1784bc2eb25e, queue size before: 17)
2026-01-22 12:56:38,063 - DEBUG - ag_ui_adk.adk_agent - Event queued: TextMessageContentEvent (thread 8370759d-1d32-452a-979f-1784bc2eb25e, queue size after: 18)
2026-01-22 12:56:38,064 - DEBUG - ag_ui_adk.adk_agent - Emitting event to queue: TextMessageContentEvent (thread 8370759d-1d32-452a-979f-1784bc2eb25e, queue size before: 18)
2026-01-22 12:56:38,064 - DEBUG - ag_ui_adk.adk_agent - Event queued: TextMessageContentEvent (thread 8370759d-1d32-452a-979f-1784bc2eb25e, queue size after: 19)
2026-01-22 12:56:38,064 - DEBUG - ag_ui_adk.adk_agent - Emitting event to queue: TextMessageContentEvent (thread 8370759d-1d32-452a-979f-1784bc2eb25e, queue size before: 19)
2026-01-22 12:56:38,064 - DEBUG - ag_ui_adk.adk_agent - Event queued: TextMessageContentEvent (thread 8370759d-1d32-452a-979f-1784bc2eb25e, queue size after: 20)
2026-01-22 12:56:38,065 - DEBUG - ag_ui_adk.adk_agent - Emitting event to queue: TextMessageContentEvent (thread 8370759d-1d32-452a-979f-1784bc2eb25e, queue size before: 20)
2026-01-22 12:56:38,065 - DEBUG - ag_ui_adk.adk_agent - Event queued: TextMessageContentEvent (thread 8370759d-1d32-452a-979f-1784bc2eb25e, queue size after: 21)
2026-01-22 12:56:38,065 - DEBUG - ag_ui_adk.adk_agent - Emitting event to queue: TextMessageContentEvent (thread 8370759d-1d32-452a-979f-1784bc2eb25e, queue size before: 21)
2026-01-22 12:56:38,065 - DEBUG - ag_ui_adk.adk_agent - Event queued: TextMessageContentEvent (thread 8370759d-1d32-452a-979f-1784bc2eb25e, queue size after: 22)
2026-01-22 12:56:38,065 - DEBUG - ag_ui_adk.adk_agent - Emitting event to queue: TextMessageContentEvent (thread 8370759d-1d32-452a-979f-1784bc2eb25e, queue size before: 22)
2026-01-22 12:56:38,065 - DEBUG - ag_ui_adk.adk_agent - Event queued: TextMessageContentEvent (thread 8370759d-1d32-452a-979f-1784bc2eb25e, queue size after: 23)
2026-01-22 12:56:38,066 - DEBUG - ag_ui_adk.adk_agent - Emitting event to queue: TextMessageContentEvent (thread 8370759d-1d32-452a-979f-1784bc2eb25e, queue size before: 23)
2026-01-22 12:56:38,066 - DEBUG - ag_ui_adk.adk_agent - Event queued: TextMessageContentEvent (thread 8370759d-1d32-452a-979f-1784bc2eb25e, queue size after: 24)
2026-01-22 12:56:38,067 - DEBUG - ag_ui_adk.adk_agent - Emitting event to queue: TextMessageContentEvent (thread 8370759d-1d32-452a-979f-1784bc2eb25e, queue size before: 24)
2026-01-22 12:56:38,067 - DEBUG - ag_ui_adk.adk_agent - Event queued: TextMessageContentEvent (thread 8370759d-1d32-452a-979f-1784bc2eb25e, queue size after: 25)
2026-01-22 12:56:38,068 - DEBUG - ag_ui_adk.adk_agent - Emitting event to queue: TextMessageContentEvent (thread 8370759d-1d32-452a-979f-1784bc2eb25e, queue size before: 25)
2026-01-22 12:56:38,068 - DEBUG - ag_ui_adk.adk_agent - Event queued: TextMessageContentEvent (thread 8370759d-1d32-452a-979f-1784bc2eb25e, queue size after: 26)
2026-01-22 12:56:38,068 - DEBUG - ag_ui_adk.adk_agent - Emitting event to queue: TextMessageContentEvent (thread 8370759d-1d32-452a-979f-1784bc2eb25e, queue size before: 26)
2026-01-22 12:56:38,068 - DEBUG - ag_ui_adk.adk_agent - Event queued: TextMessageContentEvent (thread 8370759d-1d32-452a-979f-1784bc2eb25e, queue size after: 27)
2026-01-22 12:56:38,068 - DEBUG - ag_ui_adk.adk_agent - Emitting event to queue: TextMessageContentEvent (thread 8370759d-1d32-452a-979f-1784bc2eb25e, queue size before: 27)
2026-01-22 12:56:38,068 - DEBUG - ag_ui_adk.adk_agent - Event queued: TextMessageContentEvent (thread 8370759d-1d32-452a-979f-1784bc2eb25e, queue size after: 28)
2026-01-22 12:56:38,069 - DEBUG - ag_ui_adk.adk_agent - Emitting event to queue: TextMessageContentEvent (thread 8370759d-1d32-452a-979f-1784bc2eb25e, queue size before: 28)
2026-01-22 12:56:38,069 - DEBUG - ag_ui_adk.adk_agent - Event queued: TextMessageContentEvent (thread 8370759d-1d32-452a-979f-1784bc2eb25e, queue size after: 29)
2026-01-22 12:56:38,069 - DEBUG - ag_ui_adk.adk_agent - Emitting event to queue: TextMessageContentEvent (thread 8370759d-1d32-452a-979f-1784bc2eb25e, queue size before: 29)
2026-01-22 12:56:38,069 - DEBUG - ag_ui_adk.adk_agent - Event queued: TextMessageContentEvent (thread 8370759d-1d32-452a-979f-1784bc2eb25e, queue size after: 30)
2026-01-22 12:56:38,070 - DEBUG - ag_ui_adk.adk_agent - Emitting event to queue: TextMessageContentEvent (thread 8370759d-1d32-452a-979f-1784bc2eb25e, queue size before: 30)
2026-01-22 12:56:38,070 - DEBUG - ag_ui_adk.adk_agent - Event queued: TextMessageContentEvent (thread 8370759d-1d32-452a-979f-1784bc2eb25e, queue size after: 31)
2026-01-22 12:56:38,070 - DEBUG - ag_ui_adk.adk_agent - Emitting event to queue: TextMessageContentEvent (thread 8370759d-1d32-452a-979f-1784bc2eb25e, queue size before: 31)
2026-01-22 12:56:38,070 - DEBUG - ag_ui_adk.adk_agent - Event queued: TextMessageContentEvent (thread 8370759d-1d32-452a-979f-1784bc2eb25e, queue size after: 32)
2026-01-22 12:56:38,071 - DEBUG - ag_ui_adk.adk_agent - Emitting event to queue: TextMessageContentEvent (thread 8370759d-1d32-452a-979f-1784bc2eb25e, queue size before: 32)
2026-01-22 12:56:38,071 - DEBUG - ag_ui_adk.adk_agent - Event queued: TextMessageContentEvent (thread 8370759d-1d32-452a-979f-1784bc2eb25e, queue size after: 33)
2026-01-22 12:56:38,071 - DEBUG - ag_ui_adk.adk_agent - Emitting event to queue: TextMessageContentEvent (thread 8370759d-1d32-452a-979f-1784bc2eb25e, queue size before: 33)
2026-01-22 12:56:38,071 - DEBUG - ag_ui_adk.adk_agent - Event queued: TextMessageContentEvent (thread 8370759d-1d32-452a-979f-1784bc2eb25e, queue size after: 34)
2026-01-22 12:56:38,071 - DEBUG - ag_ui_adk.adk_agent - Emitting event to queue: TextMessageContentEvent (thread 8370759d-1d32-452a-979f-1784bc2eb25e, queue size before: 34)
2026-01-22 12:56:38,071 - DEBUG - ag_ui_adk.adk_agent - Event queued: TextMessageContentEvent (thread 8370759d-1d32-452a-979f-1784bc2eb25e, queue size after: 35)
2026-01-22 12:56:38,072 - DEBUG - ag_ui_adk.adk_agent - Emitting event to queue: TextMessageContentEvent (thread 8370759d-1d32-452a-979f-1784bc2eb25e, queue size before: 35)
2026-01-22 12:56:38,072 - DEBUG - ag_ui_adk.adk_agent - Event queued: TextMessageContentEvent (thread 8370759d-1d32-452a-979f-1784bc2eb25e, queue size after: 36)
2026-01-22 12:56:38,073 - DEBUG - ag_ui_adk.adk_agent - Emitting event to queue: TextMessageContentEvent (thread 8370759d-1d32-452a-979f-1784bc2eb25e, queue size before: 36)
2026-01-22 12:56:38,073 - DEBUG - ag_ui_adk.adk_agent - Event queued: TextMessageContentEvent (thread 8370759d-1d32-452a-979f-1784bc2eb25e, queue size after: 37)
2026-01-22 12:56:38,073 - DEBUG - ag_ui_adk.adk_agent - Emitting event to queue: TextMessageContentEvent (thread 8370759d-1d32-452a-979f-1784bc2eb25e, queue size before: 37)
2026-01-22 12:56:38,073 - DEBUG - ag_ui_adk.adk_agent - Event queued: TextMessageContentEvent (thread 8370759d-1d32-452a-979f-1784bc2eb25e, queue size after: 38)
2026-01-22 12:56:38,074 - DEBUG - ag_ui_adk.adk_agent - Emitting event to queue: TextMessageContentEvent (thread 8370759d-1d32-452a-979f-1784bc2eb25e, queue size before: 38)
2026-01-22 12:56:38,074 - DEBUG - ag_ui_adk.adk_agent - Event queued: TextMessageContentEvent (thread 8370759d-1d32-452a-979f-1784bc2eb25e, queue size after: 39)
2026-01-22 12:56:38,074 - DEBUG - ag_ui_adk.adk_agent - Emitting event to queue: TextMessageContentEvent (thread 8370759d-1d32-452a-979f-1784bc2eb25e, queue size before: 39)
2026-01-22 12:56:38,074 - DEBUG - ag_ui_adk.adk_agent - Event queued: TextMessageContentEvent (thread 8370759d-1d32-452a-979f-1784bc2eb25e, queue size after: 40)
2026-01-22 12:56:38,075 - DEBUG - ag_ui_adk.adk_agent - Emitting event to queue: TextMessageContentEvent (thread 8370759d-1d32-452a-979f-1784bc2eb25e, queue size before: 40)
2026-01-22 12:56:38,075 - DEBUG - ag_ui_adk.adk_agent - Event queued: TextMessageContentEvent (thread 8370759d-1d32-452a-979f-1784bc2eb25e, queue size after: 41)
2026-01-22 12:56:38,075 - DEBUG - ag_ui_adk.adk_agent - Emitting event to queue: TextMessageContentEvent (thread 8370759d-1d32-452a-979f-1784bc2eb25e, queue size before: 41)
2026-01-22 12:56:38,075 - DEBUG - ag_ui_adk.adk_agent - Event queued: TextMessageContentEvent (thread 8370759d-1d32-452a-979f-1784bc2eb25e, queue size after: 42)
2026-01-22 12:56:38,076 - DEBUG - ag_ui_adk.adk_agent - Emitting event to queue: TextMessageContentEvent (thread 8370759d-1d32-452a-979f-1784bc2eb25e, queue size before: 42)
2026-01-22 12:56:38,076 - DEBUG - ag_ui_adk.adk_agent - Event queued: TextMessageContentEvent (thread 8370759d-1d32-452a-979f-1784bc2eb25e, queue size after: 43)
2026-01-22 12:56:38,076 - DEBUG - ag_ui_adk.adk_agent - Emitting event to queue: TextMessageContentEvent (thread 8370759d-1d32-452a-979f-1784bc2eb25e, queue size before: 43)
2026-01-22 12:56:38,076 - DEBUG - ag_ui_adk.adk_agent - Event queued: TextMessageContentEvent (thread 8370759d-1d32-452a-979f-1784bc2eb25e, queue size after: 44)
2026-01-22 12:56:38,077 - DEBUG - ag_ui_adk.adk_agent - Emitting event to queue: TextMessageContentEvent (thread 8370759d-1d32-452a-979f-1784bc2eb25e, queue size before: 44)
2026-01-22 12:56:38,077 - DEBUG - ag_ui_adk.adk_agent - Event queued: TextMessageContentEvent (thread 8370759d-1d32-452a-979f-1784bc2eb25e, queue size after: 45)
2026-01-22 12:56:38,078 - DEBUG - ag_ui_adk.adk_agent - Emitting event to queue: TextMessageContentEvent (thread 8370759d-1d32-452a-979f-1784bc2eb25e, queue size before: 45)
2026-01-22 12:56:38,078 - DEBUG - ag_ui_adk.adk_agent - Event queued: TextMessageContentEvent (thread 8370759d-1d32-452a-979f-1784bc2eb25e, queue size after: 46)
2026-01-22 12:56:38,078 - DEBUG - ag_ui_adk.adk_agent - Emitting event to queue: TextMessageContentEvent (thread 8370759d-1d32-452a-979f-1784bc2eb25e, queue size before: 46)
2026-01-22 12:56:38,078 - DEBUG - ag_ui_adk.adk_agent - Event queued: TextMessageContentEvent (thread 8370759d-1d32-452a-979f-1784bc2eb25e, queue size after: 47)
2026-01-22 12:56:38,079 - DEBUG - ag_ui_adk.adk_agent - Emitting event to queue: TextMessageContentEvent (thread 8370759d-1d32-452a-979f-1784bc2eb25e, queue size before: 47)
2026-01-22 12:56:38,079 - DEBUG - ag_ui_adk.adk_agent - Event queued: TextMessageContentEvent (thread 8370759d-1d32-452a-979f-1784bc2eb25e, queue size after: 48)
2026-01-22 12:56:38,079 - DEBUG - ag_ui_adk.adk_agent - Emitting event to queue: TextMessageContentEvent (thread 8370759d-1d32-452a-979f-1784bc2eb25e, queue size before: 48)
2026-01-22 12:56:38,079 - DEBUG - ag_ui_adk.adk_agent - Event queued: TextMessageContentEvent (thread 8370759d-1d32-452a-979f-1784bc2eb25e, queue size after: 49)
2026-01-22 12:56:38,080 - DEBUG - ag_ui_adk.adk_agent - Emitting event to queue: TextMessageContentEvent (thread 8370759d-1d32-452a-979f-1784bc2eb25e, queue size before: 49)
2026-01-22 12:56:38,080 - DEBUG - ag_ui_adk.adk_agent - Event queued: TextMessageContentEvent (thread 8370759d-1d32-452a-979f-1784bc2eb25e, queue size after: 50)
2026-01-22 12:56:38,080 - DEBUG - ag_ui_adk.adk_agent - Emitting event to queue: TextMessageContentEvent (thread 8370759d-1d32-452a-979f-1784bc2eb25e, queue size before: 50)
2026-01-22 12:56:38,080 - DEBUG - ag_ui_adk.adk_agent - Event queued: TextMessageContentEvent (thread 8370759d-1d32-452a-979f-1784bc2eb25e, queue size after: 51)
2026-01-22 12:56:38,081 - DEBUG - ag_ui_adk.adk_agent - Emitting event to queue: TextMessageContentEvent (thread 8370759d-1d32-452a-979f-1784bc2eb25e, queue size before: 51)
2026-01-22 12:56:38,081 - DEBUG - ag_ui_adk.adk_agent - Event queued: TextMessageContentEvent (thread 8370759d-1d32-452a-979f-1784bc2eb25e, queue size after: 52)
2026-01-22 12:56:38,081 - DEBUG - ag_ui_adk.adk_agent - Emitting event to queue: TextMessageContentEvent (thread 8370759d-1d32-452a-979f-1784bc2eb25e, queue size before: 52)
2026-01-22 12:56:38,081 - DEBUG - ag_ui_adk.adk_agent - Event queued: TextMessageContentEvent (thread 8370759d-1d32-452a-979f-1784bc2eb25e, queue size after: 53)
2026-01-22 12:56:38,081 - DEBUG - ag_ui_adk.adk_agent - Emitting event to queue: TextMessageContentEvent (thread 8370759d-1d32-452a-979f-1784bc2eb25e, queue size before: 53)
2026-01-22 12:56:38,081 - DEBUG - ag_ui_adk.adk_agent - Event queued: TextMessageContentEvent (thread 8370759d-1d32-452a-979f-1784bc2eb25e, queue size after: 54)
2026-01-22 12:56:38,082 - DEBUG - ag_ui_adk.adk_agent - Got event #103 from queue: TextMessageContentEvent (thread 8370759d-1d32-452a-979f-1784bc2eb25e)
2026-01-22 12:56:38,082 - DEBUG - ag_ui_adk.adk_agent - Streaming event #103: TextMessageContentEvent (thread 8370759d-1d32-452a-979f-1784bc2eb25e)
2026-01-22 12:56:38,082 - DEBUG - ag_ui_adk.adk_agent - Yielding event: TextMessageContentEvent
2026-01-22 12:56:38,082 - DEBUG - ag_ui_adk.endpoint - HTTP Response: data: {"type":"TEXT_MESSAGE_CONTENT","messageId":"902bc37c-9d09-40e5-b3f7-57e6d4715d11","delta":" etc"}


2026-01-22 12:56:38,082 - DEBUG - ag_ui_adk.adk_agent - Waiting for event from queue (thread 8370759d-1d32-452a-979f-1784bc2eb25e, queue size: 53)
2026-01-22 12:56:38,082 - DEBUG - ag_ui_adk.adk_agent - Got event #104 from queue: TextMessageContentEvent (thread 8370759d-1d32-452a-979f-1784bc2eb25e)
2026-01-22 12:56:38,082 - DEBUG - ag_ui_adk.adk_agent - Streaming event #104: TextMessageContentEvent (thread 8370759d-1d32-452a-979f-1784bc2eb25e)
2026-01-22 12:56:38,082 - DEBUG - ag_ui_adk.adk_agent - Yielding event: TextMessageContentEvent
2026-01-22 12:56:38,082 - DEBUG - ag_ui_adk.endpoint - HTTP Response: data: {"type":"TEXT_MESSAGE_CONTENT","messageId":"902bc37c-9d09-40e5-b3f7-57e6d4715d11","delta":"."}


2026-01-22 12:56:38,082 - DEBUG - ag_ui_adk.adk_agent - Waiting for event from queue (thread 8370759d-1d32-452a-979f-1784bc2eb25e, queue size: 52)
2026-01-22 12:56:38,082 - DEBUG - ag_ui_adk.adk_agent - Got event #105 from queue: TextMessageContentEvent (thread 8370759d-1d32-452a-979f-1784bc2eb25e)
2026-01-22 12:56:38,082 - DEBUG - ag_ui_adk.adk_agent - Streaming event #105: TextMessageContentEvent (thread 8370759d-1d32-452a-979f-1784bc2eb25e)
2026-01-22 12:56:38,082 - DEBUG - ag_ui_adk.adk_agent - Yielding event: TextMessageContentEvent
2026-01-22 12:56:38,082 - DEBUG - ag_ui_adk.endpoint - HTTP Response: data: {"type":"TEXT_MESSAGE_CONTENT","messageId":"902bc37c-9d09-40e5-b3f7-57e6d4715d11","delta":"?\n"}


2026-01-22 12:56:38,082 - DEBUG - ag_ui_adk.adk_agent - Waiting for event from queue (thread 8370759d-1d32-452a-979f-1784bc2eb25e, queue size: 51)
2026-01-22 12:56:38,082 - DEBUG - ag_ui_adk.adk_agent - Got event #106 from queue: TextMessageContentEvent (thread 8370759d-1d32-452a-979f-1784bc2eb25e)
2026-01-22 12:56:38,082 - DEBUG - ag_ui_adk.adk_agent - Streaming event #106: TextMessageContentEvent (thread 8370759d-1d32-452a-979f-1784bc2eb25e)
2026-01-22 12:56:38,082 - DEBUG - ag_ui_adk.adk_agent - Yielding event: TextMessageContentEvent
2026-01-22 12:56:38,082 - DEBUG - ag_ui_adk.endpoint - HTTP Response: data: {"type":"TEXT_MESSAGE_CONTENT","messageId":"902bc37c-9d09-40e5-b3f7-57e6d4715d11","delta":"-"}


2026-01-22 12:56:38,082 - DEBUG - ag_ui_adk.adk_agent - Waiting for event from queue (thread 8370759d-1d32-452a-979f-1784bc2eb25e, queue size: 50)
2026-01-22 12:56:38,082 - DEBUG - ag_ui_adk.adk_agent - Got event #107 from queue: TextMessageContentEvent (thread 8370759d-1d32-452a-979f-1784bc2eb25e)
2026-01-22 12:56:38,082 - DEBUG - ag_ui_adk.adk_agent - Streaming event #107: TextMessageContentEvent (thread 8370759d-1d32-452a-979f-1784bc2eb25e)
2026-01-22 12:56:38,082 - DEBUG - ag_ui_adk.adk_agent - Yielding event: TextMessageContentEvent
2026-01-22 12:56:38,082 - DEBUG - ag_ui_adk.endpoint - HTTP Response: data: {"type":"TEXT_MESSAGE_CONTENT","messageId":"902bc37c-9d09-40e5-b3f7-57e6d4715d11","delta":" Preferred"}


2026-01-22 12:56:38,082 - DEBUG - ag_ui_adk.adk_agent - Waiting for event from queue (thread 8370759d-1d32-452a-979f-1784bc2eb25e, queue size: 49)
2026-01-22 12:56:38,082 - DEBUG - ag_ui_adk.adk_agent - Got event #108 from queue: TextMessageContentEvent (thread 8370759d-1d32-452a-979f-1784bc2eb25e)
2026-01-22 12:56:38,082 - DEBUG - ag_ui_adk.adk_agent - Streaming event #108: TextMessageContentEvent (thread 8370759d-1d32-452a-979f-1784bc2eb25e)
2026-01-22 12:56:38,082 - DEBUG - ag_ui_adk.adk_agent - Yielding event: TextMessageContentEvent
2026-01-22 12:56:38,082 - DEBUG - ag_ui_adk.endpoint - HTTP Response: data: {"type":"TEXT_MESSAGE_CONTENT","messageId":"902bc37c-9d09-40e5-b3f7-57e6d4715d11","delta":" output"}


2026-01-22 12:56:38,082 - DEBUG - ag_ui_adk.adk_agent - Waiting for event from queue (thread 8370759d-1d32-452a-979f-1784bc2eb25e, queue size: 48)
2026-01-22 12:56:38,082 - DEBUG - ag_ui_adk.adk_agent - Got event #109 from queue: TextMessageContentEvent (thread 8370759d-1d32-452a-979f-1784bc2eb25e)
2026-01-22 12:56:38,082 - DEBUG - ag_ui_adk.adk_agent - Streaming event #109: TextMessageContentEvent (thread 8370759d-1d32-452a-979f-1784bc2eb25e)
2026-01-22 12:56:38,082 - DEBUG - ag_ui_adk.adk_agent - Yielding event: TextMessageContentEvent
2026-01-22 12:56:38,082 - DEBUG - ag_ui_adk.endpoint - HTTP Response: data: {"type":"TEXT_MESSAGE_CONTENT","messageId":"902bc37c-9d09-40e5-b3f7-57e6d4715d11","delta":":"}


2026-01-22 12:56:38,082 - DEBUG - ag_ui_adk.adk_agent - Waiting for event from queue (thread 8370759d-1d32-452a-979f-1784bc2eb25e, queue size: 47)
2026-01-22 12:56:38,082 - DEBUG - ag_ui_adk.adk_agent - Got event #110 from queue: TextMessageContentEvent (thread 8370759d-1d32-452a-979f-1784bc2eb25e)
2026-01-22 12:56:38,082 - DEBUG - ag_ui_adk.adk_agent - Streaming event #110: TextMessageContentEvent (thread 8370759d-1d32-452a-979f-1784bc2eb25e)
2026-01-22 12:56:38,082 - DEBUG - ag_ui_adk.adk_agent - Yielding event: TextMessageContentEvent
2026-01-22 12:56:38,082 - DEBUG - ag_ui_adk.endpoint - HTTP Response: data: {"type":"TEXT_MESSAGE_CONTENT","messageId":"902bc37c-9d09-40e5-b3f7-57e6d4715d11","delta":" plain"}


2026-01-22 12:56:38,082 - DEBUG - ag_ui_adk.adk_agent - Waiting for event from queue (thread 8370759d-1d32-452a-979f-1784bc2eb25e, queue size: 46)
2026-01-22 12:56:38,082 - DEBUG - ag_ui_adk.adk_agent - Got event #111 from queue: TextMessageContentEvent (thread 8370759d-1d32-452a-979f-1784bc2eb25e)
2026-01-22 12:56:38,082 - DEBUG - ag_ui_adk.adk_agent - Streaming event #111: TextMessageContentEvent (thread 8370759d-1d32-452a-979f-1784bc2eb25e)
2026-01-22 12:56:38,082 - DEBUG - ag_ui_adk.adk_agent - Yielding event: TextMessageContentEvent
2026-01-22 12:56:38,082 - DEBUG - ag_ui_adk.endpoint - HTTP Response: data: {"type":"TEXT_MESSAGE_CONTENT","messageId":"902bc37c-9d09-40e5-b3f7-57e6d4715d11","delta":" list"}


2026-01-22 12:56:38,082 - DEBUG - ag_ui_adk.adk_agent - Waiting for event from queue (thread 8370759d-1d32-452a-979f-1784bc2eb25e, queue size: 45)
2026-01-22 12:56:38,082 - DEBUG - ag_ui_adk.adk_agent - Got event #112 from queue: TextMessageContentEvent (thread 8370759d-1d32-452a-979f-1784bc2eb25e)
2026-01-22 12:56:38,082 - DEBUG - ag_ui_adk.adk_agent - Streaming event #112: TextMessageContentEvent (thread 8370759d-1d32-452a-979f-1784bc2eb25e)
2026-01-22 12:56:38,082 - DEBUG - ag_ui_adk.adk_agent - Yielding event: TextMessageContentEvent
2026-01-22 12:56:38,082 - DEBUG - ag_ui_adk.endpoint - HTTP Response: data: {"type":"TEXT_MESSAGE_CONTENT","messageId":"902bc37c-9d09-40e5-b3f7-57e6d4715d11","delta":","}


2026-01-22 12:56:38,082 - DEBUG - ag_ui_adk.adk_agent - Waiting for event from queue (thread 8370759d-1d32-452a-979f-1784bc2eb25e, queue size: 44)
2026-01-22 12:56:38,082 - DEBUG - ag_ui_adk.adk_agent - Got event #113 from queue: TextMessageContentEvent (thread 8370759d-1d32-452a-979f-1784bc2eb25e)
2026-01-22 12:56:38,082 - DEBUG - ag_ui_adk.adk_agent - Streaming event #113: TextMessageContentEvent (thread 8370759d-1d32-452a-979f-1784bc2eb25e)
2026-01-22 12:56:38,082 - DEBUG - ag_ui_adk.adk_agent - Yielding event: TextMessageContentEvent
2026-01-22 12:56:38,082 - DEBUG - ag_ui_adk.endpoint - HTTP Response: data: {"type":"TEXT_MESSAGE_CONTENT","messageId":"902bc37c-9d09-40e5-b3f7-57e6d4715d11","delta":" table"}


2026-01-22 12:56:38,083 - DEBUG - ag_ui_adk.adk_agent - Waiting for event from queue (thread 8370759d-1d32-452a-979f-1784bc2eb25e, queue size: 43)
2026-01-22 12:56:38,083 - DEBUG - ag_ui_adk.adk_agent - Got event #114 from queue: TextMessageContentEvent (thread 8370759d-1d32-452a-979f-1784bc2eb25e)
2026-01-22 12:56:38,083 - DEBUG - ag_ui_adk.adk_agent - Streaming event #114: TextMessageContentEvent (thread 8370759d-1d32-452a-979f-1784bc2eb25e)
2026-01-22 12:56:38,083 - DEBUG - ag_ui_adk.adk_agent - Yielding event: TextMessageContentEvent
2026-01-22 12:56:38,083 - DEBUG - ag_ui_adk.endpoint - HTTP Response: data: {"type":"TEXT_MESSAGE_CONTENT","messageId":"902bc37c-9d09-40e5-b3f7-57e6d4715d11","delta":","}


2026-01-22 12:56:38,083 - DEBUG - ag_ui_adk.adk_agent - Waiting for event from queue (thread 8370759d-1d32-452a-979f-1784bc2eb25e, queue size: 42)
2026-01-22 12:56:38,083 - DEBUG - ag_ui_adk.adk_agent - Got event #115 from queue: TextMessageContentEvent (thread 8370759d-1d32-452a-979f-1784bc2eb25e)
2026-01-22 12:56:38,083 - DEBUG - ag_ui_adk.adk_agent - Streaming event #115: TextMessageContentEvent (thread 8370759d-1d32-452a-979f-1784bc2eb25e)
2026-01-22 12:56:38,083 - DEBUG - ag_ui_adk.adk_agent - Yielding event: TextMessageContentEvent
2026-01-22 12:56:38,083 - DEBUG - ag_ui_adk.endpoint - HTTP Response: data: {"type":"TEXT_MESSAGE_CONTENT","messageId":"902bc37c-9d09-40e5-b3f7-57e6d4715d11","delta":" CSV"}


2026-01-22 12:56:38,083 - DEBUG - ag_ui_adk.adk_agent - Waiting for event from queue (thread 8370759d-1d32-452a-979f-1784bc2eb25e, queue size: 41)
2026-01-22 12:56:38,083 - DEBUG - ag_ui_adk.adk_agent - Got event #116 from queue: TextMessageContentEvent (thread 8370759d-1d32-452a-979f-1784bc2eb25e)
2026-01-22 12:56:38,083 - DEBUG - ag_ui_adk.adk_agent - Streaming event #116: TextMessageContentEvent (thread 8370759d-1d32-452a-979f-1784bc2eb25e)
2026-01-22 12:56:38,083 - DEBUG - ag_ui_adk.adk_agent - Yielding event: TextMessageContentEvent
2026-01-22 12:56:38,083 - DEBUG - ag_ui_adk.endpoint - HTTP Response: data: {"type":"TEXT_MESSAGE_CONTENT","messageId":"902bc37c-9d09-40e5-b3f7-57e6d4715d11","delta":" download"}


2026-01-22 12:56:38,083 - DEBUG - ag_ui_adk.adk_agent - Waiting for event from queue (thread 8370759d-1d32-452a-979f-1784bc2eb25e, queue size: 40)
2026-01-22 12:56:38,083 - DEBUG - ag_ui_adk.adk_agent - Got event #117 from queue: TextMessageContentEvent (thread 8370759d-1d32-452a-979f-1784bc2eb25e)
2026-01-22 12:56:38,084 - DEBUG - ag_ui_adk.adk_agent - Streaming event #117: TextMessageContentEvent (thread 8370759d-1d32-452a-979f-1784bc2eb25e)
2026-01-22 12:56:38,084 - DEBUG - ag_ui_adk.adk_agent - Yielding event: TextMessageContentEvent
2026-01-22 12:56:38,084 - DEBUG - ag_ui_adk.endpoint - HTTP Response: data: {"type":"TEXT_MESSAGE_CONTENT","messageId":"902bc37c-9d09-40e5-b3f7-57e6d4715d11","delta":","}


2026-01-22 12:56:38,084 - DEBUG - ag_ui_adk.adk_agent - Waiting for event from queue (thread 8370759d-1d32-452a-979f-1784bc2eb25e, queue size: 39)
2026-01-22 12:56:38,084 - DEBUG - ag_ui_adk.adk_agent - Got event #118 from queue: TextMessageContentEvent (thread 8370759d-1d32-452a-979f-1784bc2eb25e)
2026-01-22 12:56:38,084 - DEBUG - ag_ui_adk.adk_agent - Streaming event #118: TextMessageContentEvent (thread 8370759d-1d32-452a-979f-1784bc2eb25e)
2026-01-22 12:56:38,084 - DEBUG - ag_ui_adk.adk_agent - Yielding event: TextMessageContentEvent
2026-01-22 12:56:38,084 - DEBUG - ag_ui_adk.endpoint - HTTP Response: data: {"type":"TEXT_MESSAGE_CONTENT","messageId":"902bc37c-9d09-40e5-b3f7-57e6d4715d11","delta":" or"}


2026-01-22 12:56:38,084 - DEBUG - ag_ui_adk.adk_agent - Waiting for event from queue (thread 8370759d-1d32-452a-979f-1784bc2eb25e, queue size: 38)
2026-01-22 12:56:38,084 - DEBUG - ag_ui_adk.adk_agent - Got event #119 from queue: TextMessageContentEvent (thread 8370759d-1d32-452a-979f-1784bc2eb25e)
2026-01-22 12:56:38,084 - DEBUG - ag_ui_adk.adk_agent - Streaming event #119: TextMessageContentEvent (thread 8370759d-1d32-452a-979f-1784bc2eb25e)
2026-01-22 12:56:38,084 - DEBUG - ag_ui_adk.adk_agent - Yielding event: TextMessageContentEvent
2026-01-22 12:56:38,084 - DEBUG - ag_ui_adk.endpoint - HTTP Response: data: {"type":"TEXT_MESSAGE_CONTENT","messageId":"902bc37c-9d09-40e5-b3f7-57e6d4715d11","delta":" JSON"}


2026-01-22 12:56:38,084 - DEBUG - ag_ui_adk.adk_agent - Waiting for event from queue (thread 8370759d-1d32-452a-979f-1784bc2eb25e, queue size: 37)
2026-01-22 12:56:38,084 - DEBUG - ag_ui_adk.adk_agent - Got event #120 from queue: TextMessageContentEvent (thread 8370759d-1d32-452a-979f-1784bc2eb25e)
2026-01-22 12:56:38,084 - DEBUG - ag_ui_adk.adk_agent - Streaming event #120: TextMessageContentEvent (thread 8370759d-1d32-452a-979f-1784bc2eb25e)
2026-01-22 12:56:38,084 - DEBUG - ag_ui_adk.adk_agent - Yielding event: TextMessageContentEvent
2026-01-22 12:56:38,084 - DEBUG - ag_ui_adk.endpoint - HTTP Response: data: {"type":"TEXT_MESSAGE_CONTENT","messageId":"902bc37c-9d09-40e5-b3f7-57e6d4715d11","delta":"?\n\n"}


2026-01-22 12:56:38,084 - DEBUG - ag_ui_adk.adk_agent - Waiting for event from queue (thread 8370759d-1d32-452a-979f-1784bc2eb25e, queue size: 36)
2026-01-22 12:56:38,084 - DEBUG - ag_ui_adk.adk_agent - Got event #121 from queue: TextMessageContentEvent (thread 8370759d-1d32-452a-979f-1784bc2eb25e)
2026-01-22 12:56:38,084 - DEBUG - ag_ui_adk.adk_agent - Streaming event #121: TextMessageContentEvent (thread 8370759d-1d32-452a-979f-1784bc2eb25e)
2026-01-22 12:56:38,084 - DEBUG - ag_ui_adk.adk_agent - Yielding event: TextMessageContentEvent
2026-01-22 12:56:38,084 - DEBUG - ag_ui_adk.endpoint - HTTP Response: data: {"type":"TEXT_MESSAGE_CONTENT","messageId":"902bc37c-9d09-40e5-b3f7-57e6d4715d11","delta":"If"}


2026-01-22 12:56:38,084 - DEBUG - ag_ui_adk.adk_agent - Waiting for event from queue (thread 8370759d-1d32-452a-979f-1784bc2eb25e, queue size: 35)
2026-01-22 12:56:38,084 - DEBUG - ag_ui_adk.adk_agent - Got event #122 from queue: TextMessageContentEvent (thread 8370759d-1d32-452a-979f-1784bc2eb25e)
2026-01-22 12:56:38,084 - DEBUG - ag_ui_adk.adk_agent - Streaming event #122: TextMessageContentEvent (thread 8370759d-1d32-452a-979f-1784bc2eb25e)
2026-01-22 12:56:38,084 - DEBUG - ag_ui_adk.adk_agent - Yielding event: TextMessageContentEvent
2026-01-22 12:56:38,084 - DEBUG - ag_ui_adk.endpoint - HTTP Response: data: {"type":"TEXT_MESSAGE_CONTENT","messageId":"902bc37c-9d09-40e5-b3f7-57e6d4715d11","delta":" you"}


2026-01-22 12:56:38,084 - DEBUG - ag_ui_adk.adk_agent - Waiting for event from queue (thread 8370759d-1d32-452a-979f-1784bc2eb25e, queue size: 34)
2026-01-22 12:56:38,084 - DEBUG - ag_ui_adk.adk_agent - Got event #123 from queue: TextMessageContentEvent (thread 8370759d-1d32-452a-979f-1784bc2eb25e)
2026-01-22 12:56:38,084 - DEBUG - ag_ui_adk.adk_agent - Streaming event #123: TextMessageContentEvent (thread 8370759d-1d32-452a-979f-1784bc2eb25e)
2026-01-22 12:56:38,084 - DEBUG - ag_ui_adk.adk_agent - Yielding event: TextMessageContentEvent
2026-01-22 12:56:38,084 - DEBUG - ag_ui_adk.endpoint - HTTP Response: data: {"type":"TEXT_MESSAGE_CONTENT","messageId":"902bc37c-9d09-40e5-b3f7-57e6d4715d11","delta":" don"}


2026-01-22 12:56:38,084 - DEBUG - ag_ui_adk.adk_agent - Waiting for event from queue (thread 8370759d-1d32-452a-979f-1784bc2eb25e, queue size: 33)
2026-01-22 12:56:38,084 - DEBUG - ag_ui_adk.adk_agent - Got event #124 from queue: TextMessageContentEvent (thread 8370759d-1d32-452a-979f-1784bc2eb25e)
2026-01-22 12:56:38,084 - DEBUG - ag_ui_adk.adk_agent - Streaming event #124: TextMessageContentEvent (thread 8370759d-1d32-452a-979f-1784bc2eb25e)
2026-01-22 12:56:38,084 - DEBUG - ag_ui_adk.adk_agent - Yielding event: TextMessageContentEvent
2026-01-22 12:56:38,084 - DEBUG - ag_ui_adk.endpoint - HTTP Response: data: {"type":"TEXT_MESSAGE_CONTENT","messageId":"902bc37c-9d09-40e5-b3f7-57e6d4715d11","delta":"’t"}


2026-01-22 12:56:38,084 - DEBUG - ag_ui_adk.adk_agent - Waiting for event from queue (thread 8370759d-1d32-452a-979f-1784bc2eb25e, queue size: 32)
2026-01-22 12:56:38,084 - DEBUG - ag_ui_adk.adk_agent - Got event #125 from queue: TextMessageContentEvent (thread 8370759d-1d32-452a-979f-1784bc2eb25e)
2026-01-22 12:56:38,084 - DEBUG - ag_ui_adk.adk_agent - Streaming event #125: TextMessageContentEvent (thread 8370759d-1d32-452a-979f-1784bc2eb25e)
2026-01-22 12:56:38,084 - DEBUG - ag_ui_adk.adk_agent - Yielding event: TextMessageContentEvent
2026-01-22 12:56:38,084 - DEBUG - ag_ui_adk.endpoint - HTTP Response: data: {"type":"TEXT_MESSAGE_CONTENT","messageId":"902bc37c-9d09-40e5-b3f7-57e6d4715d11","delta":" have"}


2026-01-22 12:56:38,084 - DEBUG - ag_ui_adk.adk_agent - Waiting for event from queue (thread 8370759d-1d32-452a-979f-1784bc2eb25e, queue size: 31)
2026-01-22 12:56:38,084 - DEBUG - ag_ui_adk.adk_agent - Got event #126 from queue: TextMessageContentEvent (thread 8370759d-1d32-452a-979f-1784bc2eb25e)
2026-01-22 12:56:38,084 - DEBUG - ag_ui_adk.adk_agent - Streaming event #126: TextMessageContentEvent (thread 8370759d-1d32-452a-979f-1784bc2eb25e)
2026-01-22 12:56:38,084 - DEBUG - ag_ui_adk.adk_agent - Yielding event: TextMessageContentEvent
2026-01-22 12:56:38,084 - DEBUG - ag_ui_adk.endpoint - HTTP Response: data: {"type":"TEXT_MESSAGE_CONTENT","messageId":"902bc37c-9d09-40e5-b3f7-57e6d4715d11","delta":" a"}


2026-01-22 12:56:38,084 - DEBUG - ag_ui_adk.adk_agent - Waiting for event from queue (thread 8370759d-1d32-452a-979f-1784bc2eb25e, queue size: 30)
2026-01-22 12:56:38,084 - DEBUG - ag_ui_adk.adk_agent - Got event #127 from queue: TextMessageContentEvent (thread 8370759d-1d32-452a-979f-1784bc2eb25e)
2026-01-22 12:56:38,084 - DEBUG - ag_ui_adk.adk_agent - Streaming event #127: TextMessageContentEvent (thread 8370759d-1d32-452a-979f-1784bc2eb25e)
2026-01-22 12:56:38,084 - DEBUG - ag_ui_adk.adk_agent - Yielding event: TextMessageContentEvent
2026-01-22 12:56:38,084 - DEBUG - ag_ui_adk.endpoint - HTTP Response: data: {"type":"TEXT_MESSAGE_CONTENT","messageId":"902bc37c-9d09-40e5-b3f7-57e6d4715d11","delta":" connected"}


2026-01-22 12:56:38,084 - DEBUG - ag_ui_adk.adk_agent - Waiting for event from queue (thread 8370759d-1d32-452a-979f-1784bc2eb25e, queue size: 29)
2026-01-22 12:56:38,084 - DEBUG - ag_ui_adk.adk_agent - Got event #128 from queue: TextMessageContentEvent (thread 8370759d-1d32-452a-979f-1784bc2eb25e)
2026-01-22 12:56:38,084 - DEBUG - ag_ui_adk.adk_agent - Streaming event #128: TextMessageContentEvent (thread 8370759d-1d32-452a-979f-1784bc2eb25e)
2026-01-22 12:56:38,084 - DEBUG - ag_ui_adk.adk_agent - Yielding event: TextMessageContentEvent
2026-01-22 12:56:38,084 - DEBUG - ag_ui_adk.endpoint - HTTP Response: data: {"type":"TEXT_MESSAGE_CONTENT","messageId":"902bc37c-9d09-40e5-b3f7-57e6d4715d11","delta":" system"}


2026-01-22 12:56:38,084 - DEBUG - ag_ui_adk.adk_agent - Waiting for event from queue (thread 8370759d-1d32-452a-979f-1784bc2eb25e, queue size: 28)
2026-01-22 12:56:38,084 - DEBUG - ag_ui_adk.adk_agent - Got event #129 from queue: TextMessageContentEvent (thread 8370759d-1d32-452a-979f-1784bc2eb25e)
2026-01-22 12:56:38,084 - DEBUG - ag_ui_adk.adk_agent - Streaming event #129: TextMessageContentEvent (thread 8370759d-1d32-452a-979f-1784bc2eb25e)
2026-01-22 12:56:38,084 - DEBUG - ag_ui_adk.adk_agent - Yielding event: TextMessageContentEvent
2026-01-22 12:56:38,084 - DEBUG - ag_ui_adk.endpoint - HTTP Response: data: {"type":"TEXT_MESSAGE_CONTENT","messageId":"902bc37c-9d09-40e5-b3f7-57e6d4715d11","delta":","}


2026-01-22 12:56:38,085 - DEBUG - ag_ui_adk.adk_agent - Waiting for event from queue (thread 8370759d-1d32-452a-979f-1784bc2eb25e, queue size: 27)
2026-01-22 12:56:38,085 - DEBUG - ag_ui_adk.adk_agent - Got event #130 from queue: TextMessageContentEvent (thread 8370759d-1d32-452a-979f-1784bc2eb25e)
2026-01-22 12:56:38,085 - DEBUG - ag_ui_adk.adk_agent - Streaming event #130: TextMessageContentEvent (thread 8370759d-1d32-452a-979f-1784bc2eb25e)
2026-01-22 12:56:38,085 - DEBUG - ag_ui_adk.adk_agent - Yielding event: TextMessageContentEvent
2026-01-22 12:56:38,085 - DEBUG - ag_ui_adk.endpoint - HTTP Response: data: {"type":"TEXT_MESSAGE_CONTENT","messageId":"902bc37c-9d09-40e5-b3f7-57e6d4715d11","delta":" you"}


2026-01-22 12:56:38,085 - DEBUG - ag_ui_adk.adk_agent - Waiting for event from queue (thread 8370759d-1d32-452a-979f-1784bc2eb25e, queue size: 26)
2026-01-22 12:56:38,085 - DEBUG - ag_ui_adk.adk_agent - Got event #131 from queue: TextMessageContentEvent (thread 8370759d-1d32-452a-979f-1784bc2eb25e)
2026-01-22 12:56:38,085 - DEBUG - ag_ui_adk.adk_agent - Streaming event #131: TextMessageContentEvent (thread 8370759d-1d32-452a-979f-1784bc2eb25e)
2026-01-22 12:56:38,085 - DEBUG - ag_ui_adk.adk_agent - Yielding event: TextMessageContentEvent
2026-01-22 12:56:38,085 - DEBUG - ag_ui_adk.endpoint - HTTP Response: data: {"type":"TEXT_MESSAGE_CONTENT","messageId":"902bc37c-9d09-40e5-b3f7-57e6d4715d11","delta":" can"}


2026-01-22 12:56:38,085 - DEBUG - ag_ui_adk.adk_agent - Waiting for event from queue (thread 8370759d-1d32-452a-979f-1784bc2eb25e, queue size: 25)
2026-01-22 12:56:38,085 - DEBUG - ag_ui_adk.adk_agent - Got event #132 from queue: TextMessageContentEvent (thread 8370759d-1d32-452a-979f-1784bc2eb25e)
2026-01-22 12:56:38,085 - DEBUG - ag_ui_adk.adk_agent - Streaming event #132: TextMessageContentEvent (thread 8370759d-1d32-452a-979f-1784bc2eb25e)
2026-01-22 12:56:38,085 - DEBUG - ag_ui_adk.adk_agent - Yielding event: TextMessageContentEvent
2026-01-22 12:56:38,085 - DEBUG - ag_ui_adk.endpoint - HTTP Response: data: {"type":"TEXT_MESSAGE_CONTENT","messageId":"902bc37c-9d09-40e5-b3f7-57e6d4715d11","delta":" upload"}


2026-01-22 12:56:38,085 - DEBUG - ag_ui_adk.adk_agent - Waiting for event from queue (thread 8370759d-1d32-452a-979f-1784bc2eb25e, queue size: 24)
2026-01-22 12:56:38,085 - DEBUG - ag_ui_adk.adk_agent - Got event #133 from queue: TextMessageContentEvent (thread 8370759d-1d32-452a-979f-1784bc2eb25e)
2026-01-22 12:56:38,085 - DEBUG - ag_ui_adk.adk_agent - Streaming event #133: TextMessageContentEvent (thread 8370759d-1d32-452a-979f-1784bc2eb25e)
2026-01-22 12:56:38,085 - DEBUG - ag_ui_adk.adk_agent - Yielding event: TextMessageContentEvent
2026-01-22 12:56:38,085 - DEBUG - ag_ui_adk.endpoint - HTTP Response: data: {"type":"TEXT_MESSAGE_CONTENT","messageId":"902bc37c-9d09-40e5-b3f7-57e6d4715d11","delta":" a"}


2026-01-22 12:56:38,085 - DEBUG - ag_ui_adk.adk_agent - Waiting for event from queue (thread 8370759d-1d32-452a-979f-1784bc2eb25e, queue size: 23)
2026-01-22 12:56:38,085 - DEBUG - ag_ui_adk.adk_agent - Got event #134 from queue: TextMessageContentEvent (thread 8370759d-1d32-452a-979f-1784bc2eb25e)
2026-01-22 12:56:38,085 - DEBUG - ag_ui_adk.adk_agent - Streaming event #134: TextMessageContentEvent (thread 8370759d-1d32-452a-979f-1784bc2eb25e)
2026-01-22 12:56:38,085 - DEBUG - ag_ui_adk.adk_agent - Yielding event: TextMessageContentEvent
2026-01-22 12:56:38,085 - DEBUG - ag_ui_adk.endpoint - HTTP Response: data: {"type":"TEXT_MESSAGE_CONTENT","messageId":"902bc37c-9d09-40e5-b3f7-57e6d4715d11","delta":" CSV"}


2026-01-22 12:56:38,085 - DEBUG - ag_ui_adk.adk_agent - Waiting for event from queue (thread 8370759d-1d32-452a-979f-1784bc2eb25e, queue size: 22)
2026-01-22 12:56:38,085 - DEBUG - ag_ui_adk.adk_agent - Got event #135 from queue: TextMessageContentEvent (thread 8370759d-1d32-452a-979f-1784bc2eb25e)
2026-01-22 12:56:38,085 - DEBUG - ag_ui_adk.adk_agent - Streaming event #135: TextMessageContentEvent (thread 8370759d-1d32-452a-979f-1784bc2eb25e)
2026-01-22 12:56:38,085 - DEBUG - ag_ui_adk.adk_agent - Yielding event: TextMessageContentEvent
2026-01-22 12:56:38,085 - DEBUG - ag_ui_adk.endpoint - HTTP Response: data: {"type":"TEXT_MESSAGE_CONTENT","messageId":"902bc37c-9d09-40e5-b3f7-57e6d4715d11","delta":" ("}


2026-01-22 12:56:38,085 - DEBUG - ag_ui_adk.adk_agent - Waiting for event from queue (thread 8370759d-1d32-452a-979f-1784bc2eb25e, queue size: 21)
2026-01-22 12:56:38,085 - DEBUG - ag_ui_adk.adk_agent - Got event #136 from queue: TextMessageContentEvent (thread 8370759d-1d32-452a-979f-1784bc2eb25e)
2026-01-22 12:56:38,085 - DEBUG - ag_ui_adk.adk_agent - Streaming event #136: TextMessageContentEvent (thread 8370759d-1d32-452a-979f-1784bc2eb25e)
2026-01-22 12:56:38,085 - DEBUG - ag_ui_adk.adk_agent - Yielding event: TextMessageContentEvent
2026-01-22 12:56:38,085 - DEBUG - ag_ui_adk.endpoint - HTTP Response: data: {"type":"TEXT_MESSAGE_CONTENT","messageId":"902bc37c-9d09-40e5-b3f7-57e6d4715d11","delta":"or"}


2026-01-22 12:56:38,085 - DEBUG - ag_ui_adk.adk_agent - Waiting for event from queue (thread 8370759d-1d32-452a-979f-1784bc2eb25e, queue size: 20)
2026-01-22 12:56:38,085 - DEBUG - ag_ui_adk.adk_agent - Got event #137 from queue: TextMessageContentEvent (thread 8370759d-1d32-452a-979f-1784bc2eb25e)
2026-01-22 12:56:38,085 - DEBUG - ag_ui_adk.adk_agent - Streaming event #137: TextMessageContentEvent (thread 8370759d-1d32-452a-979f-1784bc2eb25e)
2026-01-22 12:56:38,085 - DEBUG - ag_ui_adk.adk_agent - Yielding event: TextMessageContentEvent
2026-01-22 12:56:38,085 - DEBUG - ag_ui_adk.endpoint - HTTP Response: data: {"type":"TEXT_MESSAGE_CONTENT","messageId":"902bc37c-9d09-40e5-b3f7-57e6d4715d11","delta":" paste"}


2026-01-22 12:56:38,085 - DEBUG - ag_ui_adk.adk_agent - Waiting for event from queue (thread 8370759d-1d32-452a-979f-1784bc2eb25e, queue size: 19)
2026-01-22 12:56:38,085 - DEBUG - ag_ui_adk.adk_agent - Got event #138 from queue: TextMessageContentEvent (thread 8370759d-1d32-452a-979f-1784bc2eb25e)
2026-01-22 12:56:38,085 - DEBUG - ag_ui_adk.adk_agent - Streaming event #138: TextMessageContentEvent (thread 8370759d-1d32-452a-979f-1784bc2eb25e)
2026-01-22 12:56:38,085 - DEBUG - ag_ui_adk.adk_agent - Yielding event: TextMessageContentEvent
2026-01-22 12:56:38,085 - DEBUG - ag_ui_adk.endpoint - HTTP Response: data: {"type":"TEXT_MESSAGE_CONTENT","messageId":"902bc37c-9d09-40e5-b3f7-57e6d4715d11","delta":" data"}


2026-01-22 12:56:38,085 - DEBUG - ag_ui_adk.adk_agent - Waiting for event from queue (thread 8370759d-1d32-452a-979f-1784bc2eb25e, queue size: 18)
2026-01-22 12:56:38,085 - DEBUG - ag_ui_adk.adk_agent - Got event #139 from queue: TextMessageContentEvent (thread 8370759d-1d32-452a-979f-1784bc2eb25e)
2026-01-22 12:56:38,085 - DEBUG - ag_ui_adk.adk_agent - Streaming event #139: TextMessageContentEvent (thread 8370759d-1d32-452a-979f-1784bc2eb25e)
2026-01-22 12:56:38,085 - DEBUG - ag_ui_adk.adk_agent - Yielding event: TextMessageContentEvent
2026-01-22 12:56:38,085 - DEBUG - ag_ui_adk.endpoint - HTTP Response: data: {"type":"TEXT_MESSAGE_CONTENT","messageId":"902bc37c-9d09-40e5-b3f7-57e6d4715d11","delta":")"}


2026-01-22 12:56:38,085 - DEBUG - ag_ui_adk.adk_agent - Waiting for event from queue (thread 8370759d-1d32-452a-979f-1784bc2eb25e, queue size: 17)
2026-01-22 12:56:38,085 - DEBUG - ag_ui_adk.adk_agent - Got event #140 from queue: TextMessageContentEvent (thread 8370759d-1d32-452a-979f-1784bc2eb25e)
2026-01-22 12:56:38,085 - DEBUG - ag_ui_adk.adk_agent - Streaming event #140: TextMessageContentEvent (thread 8370759d-1d32-452a-979f-1784bc2eb25e)
2026-01-22 12:56:38,085 - DEBUG - ag_ui_adk.adk_agent - Yielding event: TextMessageContentEvent
2026-01-22 12:56:38,085 - DEBUG - ag_ui_adk.endpoint - HTTP Response: data: {"type":"TEXT_MESSAGE_CONTENT","messageId":"902bc37c-9d09-40e5-b3f7-57e6d4715d11","delta":" and"}


2026-01-22 12:56:38,085 - DEBUG - ag_ui_adk.adk_agent - Waiting for event from queue (thread 8370759d-1d32-452a-979f-1784bc2eb25e, queue size: 16)
2026-01-22 12:56:38,085 - DEBUG - ag_ui_adk.adk_agent - Got event #141 from queue: TextMessageContentEvent (thread 8370759d-1d32-452a-979f-1784bc2eb25e)
2026-01-22 12:56:38,085 - DEBUG - ag_ui_adk.adk_agent - Streaming event #141: TextMessageContentEvent (thread 8370759d-1d32-452a-979f-1784bc2eb25e)
2026-01-22 12:56:38,085 - DEBUG - ag_ui_adk.adk_agent - Yielding event: TextMessageContentEvent
2026-01-22 12:56:38,085 - DEBUG - ag_ui_adk.endpoint - HTTP Response: data: {"type":"TEXT_MESSAGE_CONTENT","messageId":"902bc37c-9d09-40e5-b3f7-57e6d4715d11","delta":" I"}


2026-01-22 12:56:38,085 - DEBUG - ag_ui_adk.adk_agent - Waiting for event from queue (thread 8370759d-1d32-452a-979f-1784bc2eb25e, queue size: 15)
2026-01-22 12:56:38,085 - DEBUG - ag_ui_adk.adk_agent - Got event #142 from queue: TextMessageContentEvent (thread 8370759d-1d32-452a-979f-1784bc2eb25e)
2026-01-22 12:56:38,085 - DEBUG - ag_ui_adk.adk_agent - Streaming event #142: TextMessageContentEvent (thread 8370759d-1d32-452a-979f-1784bc2eb25e)
2026-01-22 12:56:38,085 - DEBUG - ag_ui_adk.adk_agent - Yielding event: TextMessageContentEvent
2026-01-22 12:56:38,085 - DEBUG - ag_ui_adk.endpoint - HTTP Response: data: {"type":"TEXT_MESSAGE_CONTENT","messageId":"902bc37c-9d09-40e5-b3f7-57e6d4715d11","delta":"’ll"}


2026-01-22 12:56:38,085 - DEBUG - ag_ui_adk.adk_agent - Waiting for event from queue (thread 8370759d-1d32-452a-979f-1784bc2eb25e, queue size: 14)
2026-01-22 12:56:38,085 - DEBUG - ag_ui_adk.adk_agent - Got event #143 from queue: TextMessageContentEvent (thread 8370759d-1d32-452a-979f-1784bc2eb25e)
2026-01-22 12:56:38,085 - DEBUG - ag_ui_adk.adk_agent - Streaming event #143: TextMessageContentEvent (thread 8370759d-1d32-452a-979f-1784bc2eb25e)
2026-01-22 12:56:38,085 - DEBUG - ag_ui_adk.adk_agent - Yielding event: TextMessageContentEvent
2026-01-22 12:56:38,085 - DEBUG - ag_ui_adk.endpoint - HTTP Response: data: {"type":"TEXT_MESSAGE_CONTENT","messageId":"902bc37c-9d09-40e5-b3f7-57e6d4715d11","delta":" list"}


2026-01-22 12:56:38,085 - DEBUG - ag_ui_adk.adk_agent - Waiting for event from queue (thread 8370759d-1d32-452a-979f-1784bc2eb25e, queue size: 13)
2026-01-22 12:56:38,085 - DEBUG - ag_ui_adk.adk_agent - Got event #144 from queue: TextMessageContentEvent (thread 8370759d-1d32-452a-979f-1784bc2eb25e)
2026-01-22 12:56:38,085 - DEBUG - ag_ui_adk.adk_agent - Streaming event #144: TextMessageContentEvent (thread 8370759d-1d32-452a-979f-1784bc2eb25e)
2026-01-22 12:56:38,085 - DEBUG - ag_ui_adk.adk_agent - Yielding event: TextMessageContentEvent
2026-01-22 12:56:38,086 - DEBUG - ag_ui_adk.endpoint - HTTP Response: data: {"type":"TEXT_MESSAGE_CONTENT","messageId":"902bc37c-9d09-40e5-b3f7-57e6d4715d11","delta":" all"}


2026-01-22 12:56:38,086 - DEBUG - ag_ui_adk.adk_agent - Waiting for event from queue (thread 8370759d-1d32-452a-979f-1784bc2eb25e, queue size: 12)
2026-01-22 12:56:38,086 - DEBUG - ag_ui_adk.adk_agent - Got event #145 from queue: TextMessageContentEvent (thread 8370759d-1d32-452a-979f-1784bc2eb25e)
2026-01-22 12:56:38,086 - DEBUG - ag_ui_adk.adk_agent - Streaming event #145: TextMessageContentEvent (thread 8370759d-1d32-452a-979f-1784bc2eb25e)
2026-01-22 12:56:38,086 - DEBUG - ag_ui_adk.adk_agent - Yielding event: TextMessageContentEvent
2026-01-22 12:56:38,086 - DEBUG - ag_ui_adk.endpoint - HTTP Response: data: {"type":"TEXT_MESSAGE_CONTENT","messageId":"902bc37c-9d09-40e5-b3f7-57e6d4715d11","delta":" available"}


2026-01-22 12:56:38,086 - DEBUG - ag_ui_adk.adk_agent - Waiting for event from queue (thread 8370759d-1d32-452a-979f-1784bc2eb25e, queue size: 11)
2026-01-22 12:56:38,086 - DEBUG - ag_ui_adk.adk_agent - Got event #146 from queue: TextMessageContentEvent (thread 8370759d-1d32-452a-979f-1784bc2eb25e)
2026-01-22 12:56:38,086 - DEBUG - ag_ui_adk.adk_agent - Streaming event #146: TextMessageContentEvent (thread 8370759d-1d32-452a-979f-1784bc2eb25e)
2026-01-22 12:56:38,086 - DEBUG - ag_ui_adk.adk_agent - Yielding event: TextMessageContentEvent
2026-01-22 12:56:38,086 - DEBUG - ag_ui_adk.endpoint - HTTP Response: data: {"type":"TEXT_MESSAGE_CONTENT","messageId":"902bc37c-9d09-40e5-b3f7-57e6d4715d11","delta":" items"}


2026-01-22 12:56:38,086 - DEBUG - ag_ui_adk.adk_agent - Waiting for event from queue (thread 8370759d-1d32-452a-979f-1784bc2eb25e, queue size: 10)
2026-01-22 12:56:38,086 - DEBUG - ag_ui_adk.adk_agent - Got event #147 from queue: TextMessageContentEvent (thread 8370759d-1d32-452a-979f-1784bc2eb25e)
2026-01-22 12:56:38,086 - DEBUG - ag_ui_adk.adk_agent - Streaming event #147: TextMessageContentEvent (thread 8370759d-1d32-452a-979f-1784bc2eb25e)
2026-01-22 12:56:38,086 - DEBUG - ag_ui_adk.adk_agent - Yielding event: TextMessageContentEvent
2026-01-22 12:56:38,086 - DEBUG - ag_ui_adk.endpoint - HTTP Response: data: {"type":"TEXT_MESSAGE_CONTENT","messageId":"902bc37c-9d09-40e5-b3f7-57e6d4715d11","delta":" and"}


2026-01-22 12:56:38,086 - DEBUG - ag_ui_adk.adk_agent - Waiting for event from queue (thread 8370759d-1d32-452a-979f-1784bc2eb25e, queue size: 9)
2026-01-22 12:56:38,086 - DEBUG - ag_ui_adk.adk_agent - Got event #148 from queue: TextMessageContentEvent (thread 8370759d-1d32-452a-979f-1784bc2eb25e)
2026-01-22 12:56:38,086 - DEBUG - ag_ui_adk.adk_agent - Streaming event #148: TextMessageContentEvent (thread 8370759d-1d32-452a-979f-1784bc2eb25e)
2026-01-22 12:56:38,086 - DEBUG - ag_ui_adk.adk_agent - Yielding event: TextMessageContentEvent
2026-01-22 12:56:38,086 - DEBUG - ag_ui_adk.endpoint - HTTP Response: data: {"type":"TEXT_MESSAGE_CONTENT","messageId":"902bc37c-9d09-40e5-b3f7-57e6d4715d11","delta":" totals"}


2026-01-22 12:56:38,086 - DEBUG - ag_ui_adk.adk_agent - Waiting for event from queue (thread 8370759d-1d32-452a-979f-1784bc2eb25e, queue size: 8)
2026-01-22 12:56:38,086 - DEBUG - ag_ui_adk.adk_agent - Got event #149 from queue: TextMessageContentEvent (thread 8370759d-1d32-452a-979f-1784bc2eb25e)
2026-01-22 12:56:38,086 - DEBUG - ag_ui_adk.adk_agent - Streaming event #149: TextMessageContentEvent (thread 8370759d-1d32-452a-979f-1784bc2eb25e)
2026-01-22 12:56:38,086 - DEBUG - ag_ui_adk.adk_agent - Yielding event: TextMessageContentEvent
2026-01-22 12:56:38,086 - DEBUG - ag_ui_adk.endpoint - HTTP Response: data: {"type":"TEXT_MESSAGE_CONTENT","messageId":"902bc37c-9d09-40e5-b3f7-57e6d4715d11","delta":"."}


2026-01-22 12:56:38,086 - DEBUG - ag_ui_adk.adk_agent - Waiting for event from queue (thread 8370759d-1d32-452a-979f-1784bc2eb25e, queue size: 7)
2026-01-22 12:56:38,086 - DEBUG - ag_ui_adk.adk_agent - Got event #150 from queue: TextMessageContentEvent (thread 8370759d-1d32-452a-979f-1784bc2eb25e)
2026-01-22 12:56:38,086 - DEBUG - ag_ui_adk.adk_agent - Streaming event #150: TextMessageContentEvent (thread 8370759d-1d32-452a-979f-1784bc2eb25e)
2026-01-22 12:56:38,086 - DEBUG - ag_ui_adk.adk_agent - Yielding event: TextMessageContentEvent
2026-01-22 12:56:38,086 - DEBUG - ag_ui_adk.endpoint - HTTP Response: data: {"type":"TEXT_MESSAGE_CONTENT","messageId":"902bc37c-9d09-40e5-b3f7-57e6d4715d11","delta":" Example"}


2026-01-22 12:56:38,086 - DEBUG - ag_ui_adk.adk_agent - Waiting for event from queue (thread 8370759d-1d32-452a-979f-1784bc2eb25e, queue size: 6)
2026-01-22 12:56:38,086 - DEBUG - ag_ui_adk.adk_agent - Got event #151 from queue: TextMessageContentEvent (thread 8370759d-1d32-452a-979f-1784bc2eb25e)
2026-01-22 12:56:38,086 - DEBUG - ag_ui_adk.adk_agent - Streaming event #151: TextMessageContentEvent (thread 8370759d-1d32-452a-979f-1784bc2eb25e)
2026-01-22 12:56:38,086 - DEBUG - ag_ui_adk.adk_agent - Yielding event: TextMessageContentEvent
2026-01-22 12:56:38,086 - DEBUG - ag_ui_adk.endpoint - HTTP Response: data: {"type":"TEXT_MESSAGE_CONTENT","messageId":"902bc37c-9d09-40e5-b3f7-57e6d4715d11","delta":" of"}


2026-01-22 12:56:38,086 - DEBUG - ag_ui_adk.adk_agent - Waiting for event from queue (thread 8370759d-1d32-452a-979f-1784bc2eb25e, queue size: 5)
2026-01-22 12:56:38,086 - DEBUG - ag_ui_adk.adk_agent - Got event #152 from queue: TextMessageContentEvent (thread 8370759d-1d32-452a-979f-1784bc2eb25e)
2026-01-22 12:56:38,086 - DEBUG - ag_ui_adk.adk_agent - Streaming event #152: TextMessageContentEvent (thread 8370759d-1d32-452a-979f-1784bc2eb25e)
2026-01-22 12:56:38,086 - DEBUG - ag_ui_adk.adk_agent - Yielding event: TextMessageContentEvent
2026-01-22 12:56:38,086 - DEBUG - ag_ui_adk.endpoint - HTTP Response: data: {"type":"TEXT_MESSAGE_CONTENT","messageId":"902bc37c-9d09-40e5-b3f7-57e6d4715d11","delta":" the"}


2026-01-22 12:56:38,086 - DEBUG - ag_ui_adk.adk_agent - Waiting for event from queue (thread 8370759d-1d32-452a-979f-1784bc2eb25e, queue size: 4)
2026-01-22 12:56:38,086 - DEBUG - ag_ui_adk.adk_agent - Got event #153 from queue: TextMessageContentEvent (thread 8370759d-1d32-452a-979f-1784bc2eb25e)
2026-01-22 12:56:38,086 - DEBUG - ag_ui_adk.adk_agent - Streaming event #153: TextMessageContentEvent (thread 8370759d-1d32-452a-979f-1784bc2eb25e)
2026-01-22 12:56:38,086 - DEBUG - ag_ui_adk.adk_agent - Yielding event: TextMessageContentEvent
2026-01-22 12:56:38,086 - DEBUG - ag_ui_adk.endpoint - HTTP Response: data: {"type":"TEXT_MESSAGE_CONTENT","messageId":"902bc37c-9d09-40e5-b3f7-57e6d4715d11","delta":" output"}


2026-01-22 12:56:38,086 - DEBUG - ag_ui_adk.adk_agent - Waiting for event from queue (thread 8370759d-1d32-452a-979f-1784bc2eb25e, queue size: 3)
2026-01-22 12:56:38,086 - DEBUG - ag_ui_adk.adk_agent - Got event #154 from queue: TextMessageContentEvent (thread 8370759d-1d32-452a-979f-1784bc2eb25e)
2026-01-22 12:56:38,086 - DEBUG - ag_ui_adk.adk_agent - Streaming event #154: TextMessageContentEvent (thread 8370759d-1d32-452a-979f-1784bc2eb25e)
2026-01-22 12:56:38,086 - DEBUG - ag_ui_adk.adk_agent - Yielding event: TextMessageContentEvent
2026-01-22 12:56:38,086 - DEBUG - ag_ui_adk.endpoint - HTTP Response: data: {"type":"TEXT_MESSAGE_CONTENT","messageId":"902bc37c-9d09-40e5-b3f7-57e6d4715d11","delta":" I"}


2026-01-22 12:56:38,086 - DEBUG - ag_ui_adk.adk_agent - Waiting for event from queue (thread 8370759d-1d32-452a-979f-1784bc2eb25e, queue size: 2)
2026-01-22 12:56:38,086 - DEBUG - ag_ui_adk.adk_agent - Got event #155 from queue: TextMessageContentEvent (thread 8370759d-1d32-452a-979f-1784bc2eb25e)
2026-01-22 12:56:38,086 - DEBUG - ag_ui_adk.adk_agent - Streaming event #155: TextMessageContentEvent (thread 8370759d-1d32-452a-979f-1784bc2eb25e)
2026-01-22 12:56:38,086 - DEBUG - ag_ui_adk.adk_agent - Yielding event: TextMessageContentEvent
2026-01-22 12:56:38,086 - DEBUG - ag_ui_adk.endpoint - HTTP Response: data: {"type":"TEXT_MESSAGE_CONTENT","messageId":"902bc37c-9d09-40e5-b3f7-57e6d4715d11","delta":"’ll"}


2026-01-22 12:56:38,086 - DEBUG - ag_ui_adk.adk_agent - Waiting for event from queue (thread 8370759d-1d32-452a-979f-1784bc2eb25e, queue size: 1)
2026-01-22 12:56:38,086 - DEBUG - ag_ui_adk.adk_agent - Got event #156 from queue: TextMessageContentEvent (thread 8370759d-1d32-452a-979f-1784bc2eb25e)
2026-01-22 12:56:38,086 - DEBUG - ag_ui_adk.adk_agent - Streaming event #156: TextMessageContentEvent (thread 8370759d-1d32-452a-979f-1784bc2eb25e)
2026-01-22 12:56:38,086 - DEBUG - ag_ui_adk.adk_agent - Yielding event: TextMessageContentEvent
2026-01-22 12:56:38,086 - DEBUG - ag_ui_adk.endpoint - HTTP Response: data: {"type":"TEXT_MESSAGE_CONTENT","messageId":"902bc37c-9d09-40e5-b3f7-57e6d4715d11","delta":" produce"}


2026-01-22 12:56:38,086 - DEBUG - ag_ui_adk.adk_agent - Waiting for event from queue (thread 8370759d-1d32-452a-979f-1784bc2eb25e, queue size: 0)
2026-01-22 12:56:38,118 - DEBUG - ag_ui_adk.adk_agent - Emitting event to queue: TextMessageContentEvent (thread 8370759d-1d32-452a-979f-1784bc2eb25e, queue size before: 0)
2026-01-22 12:56:38,119 - DEBUG - ag_ui_adk.adk_agent - Event queued: TextMessageContentEvent (thread 8370759d-1d32-452a-979f-1784bc2eb25e, queue size after: 1)
2026-01-22 12:56:38,119 - DEBUG - ag_ui_adk.adk_agent - Emitting event to queue: TextMessageContentEvent (thread 8370759d-1d32-452a-979f-1784bc2eb25e, queue size before: 1)
2026-01-22 12:56:38,119 - DEBUG - ag_ui_adk.adk_agent - Event queued: TextMessageContentEvent (thread 8370759d-1d32-452a-979f-1784bc2eb25e, queue size after: 2)
2026-01-22 12:56:38,120 - DEBUG - ag_ui_adk.adk_agent - Emitting event to queue: TextMessageContentEvent (thread 8370759d-1d32-452a-979f-1784bc2eb25e, queue size before: 2)
2026-01-22 12:56:38,120 - DEBUG - ag_ui_adk.adk_agent - Event queued: TextMessageContentEvent (thread 8370759d-1d32-452a-979f-1784bc2eb25e, queue size after: 3)
2026-01-22 12:56:38,120 - DEBUG - ag_ui_adk.adk_agent - Emitting event to queue: TextMessageContentEvent (thread 8370759d-1d32-452a-979f-1784bc2eb25e, queue size before: 3)
2026-01-22 12:56:38,120 - DEBUG - ag_ui_adk.adk_agent - Event queued: TextMessageContentEvent (thread 8370759d-1d32-452a-979f-1784bc2eb25e, queue size after: 4)
2026-01-22 12:56:38,120 - DEBUG - ag_ui_adk.adk_agent - Got event #157 from queue: TextMessageContentEvent (thread 8370759d-1d32-452a-979f-1784bc2eb25e)
2026-01-22 12:56:38,120 - DEBUG - ag_ui_adk.adk_agent - Streaming event #157: TextMessageContentEvent (thread 8370759d-1d32-452a-979f-1784bc2eb25e)
2026-01-22 12:56:38,120 - DEBUG - ag_ui_adk.adk_agent - Yielding event: TextMessageContentEvent
2026-01-22 12:56:38,120 - DEBUG - ag_ui_adk.endpoint - HTTP Response: data: {"type":"TEXT_MESSAGE_CONTENT","messageId":"902bc37c-9d09-40e5-b3f7-57e6d4715d11","delta":" once"}


2026-01-22 12:56:38,120 - DEBUG - ag_ui_adk.adk_agent - Waiting for event from queue (thread 8370759d-1d32-452a-979f-1784bc2eb25e, queue size: 3)
2026-01-22 12:56:38,120 - DEBUG - ag_ui_adk.adk_agent - Got event #158 from queue: TextMessageContentEvent (thread 8370759d-1d32-452a-979f-1784bc2eb25e)
2026-01-22 12:56:38,120 - DEBUG - ag_ui_adk.adk_agent - Streaming event #158: TextMessageContentEvent (thread 8370759d-1d32-452a-979f-1784bc2eb25e)
2026-01-22 12:56:38,120 - DEBUG - ag_ui_adk.adk_agent - Yielding event: TextMessageContentEvent
2026-01-22 12:56:38,120 - DEBUG - ag_ui_adk.endpoint - HTTP Response: data: {"type":"TEXT_MESSAGE_CONTENT","messageId":"902bc37c-9d09-40e5-b3f7-57e6d4715d11","delta":" I"}


2026-01-22 12:56:38,120 - DEBUG - ag_ui_adk.adk_agent - Waiting for event from queue (thread 8370759d-1d32-452a-979f-1784bc2eb25e, queue size: 2)
2026-01-22 12:56:38,120 - DEBUG - ag_ui_adk.adk_agent - Got event #159 from queue: TextMessageContentEvent (thread 8370759d-1d32-452a-979f-1784bc2eb25e)
2026-01-22 12:56:38,120 - DEBUG - ag_ui_adk.adk_agent - Streaming event #159: TextMessageContentEvent (thread 8370759d-1d32-452a-979f-1784bc2eb25e)
2026-01-22 12:56:38,120 - DEBUG - ag_ui_adk.adk_agent - Yielding event: TextMessageContentEvent
2026-01-22 12:56:38,120 - DEBUG - ag_ui_adk.endpoint - HTTP Response: data: {"type":"TEXT_MESSAGE_CONTENT","messageId":"902bc37c-9d09-40e5-b3f7-57e6d4715d11","delta":" have"}


2026-01-22 12:56:38,120 - DEBUG - ag_ui_adk.adk_agent - Waiting for event from queue (thread 8370759d-1d32-452a-979f-1784bc2eb25e, queue size: 1)
2026-01-22 12:56:38,120 - DEBUG - ag_ui_adk.adk_agent - Got event #160 from queue: TextMessageContentEvent (thread 8370759d-1d32-452a-979f-1784bc2eb25e)
2026-01-22 12:56:38,120 - DEBUG - ag_ui_adk.adk_agent - Streaming event #160: TextMessageContentEvent (thread 8370759d-1d32-452a-979f-1784bc2eb25e)
2026-01-22 12:56:38,120 - DEBUG - ag_ui_adk.adk_agent - Yielding event: TextMessageContentEvent
2026-01-22 12:56:38,120 - DEBUG - ag_ui_adk.endpoint - HTTP Response: data: {"type":"TEXT_MESSAGE_CONTENT","messageId":"902bc37c-9d09-40e5-b3f7-57e6d4715d11","delta":" data"}


2026-01-22 12:56:38,121 - DEBUG - ag_ui_adk.adk_agent - Waiting for event from queue (thread 8370759d-1d32-452a-979f-1784bc2eb25e, queue size: 0)
2026-01-22 12:56:38,165 - DEBUG - ag_ui_adk.adk_agent - Emitting event to queue: TextMessageContentEvent (thread 8370759d-1d32-452a-979f-1784bc2eb25e, queue size before: 0)
2026-01-22 12:56:38,165 - DEBUG - ag_ui_adk.adk_agent - Event queued: TextMessageContentEvent (thread 8370759d-1d32-452a-979f-1784bc2eb25e, queue size after: 1)
2026-01-22 12:56:38,166 - DEBUG - ag_ui_adk.adk_agent - Emitting event to queue: TextMessageContentEvent (thread 8370759d-1d32-452a-979f-1784bc2eb25e, queue size before: 1)
2026-01-22 12:56:38,166 - DEBUG - ag_ui_adk.adk_agent - Event queued: TextMessageContentEvent (thread 8370759d-1d32-452a-979f-1784bc2eb25e, queue size after: 2)
2026-01-22 12:56:38,167 - DEBUG - ag_ui_adk.adk_agent - Emitting event to queue: TextMessageContentEvent (thread 8370759d-1d32-452a-979f-1784bc2eb25e, queue size before: 2)
2026-01-22 12:56:38,167 - DEBUG - ag_ui_adk.adk_agent - Event queued: TextMessageContentEvent (thread 8370759d-1d32-452a-979f-1784bc2eb25e, queue size after: 3)
2026-01-22 12:56:38,167 - DEBUG - ag_ui_adk.adk_agent - Emitting event to queue: TextMessageContentEvent (thread 8370759d-1d32-452a-979f-1784bc2eb25e, queue size before: 3)
2026-01-22 12:56:38,167 - DEBUG - ag_ui_adk.adk_agent - Event queued: TextMessageContentEvent (thread 8370759d-1d32-452a-979f-1784bc2eb25e, queue size after: 4)
2026-01-22 12:56:38,167 - DEBUG - ag_ui_adk.adk_agent - Got event #161 from queue: TextMessageContentEvent (thread 8370759d-1d32-452a-979f-1784bc2eb25e)
2026-01-22 12:56:38,167 - DEBUG - ag_ui_adk.adk_agent - Streaming event #161: TextMessageContentEvent (thread 8370759d-1d32-452a-979f-1784bc2eb25e)
2026-01-22 12:56:38,167 - DEBUG - ag_ui_adk.adk_agent - Yielding event: TextMessageContentEvent
2026-01-22 12:56:38,167 - DEBUG - ag_ui_adk.endpoint - HTTP Response: data: {"type":"TEXT_MESSAGE_CONTENT","messageId":"902bc37c-9d09-40e5-b3f7-57e6d4715d11","delta":":\n"}


2026-01-22 12:56:38,167 - DEBUG - ag_ui_adk.adk_agent - Waiting for event from queue (thread 8370759d-1d32-452a-979f-1784bc2eb25e, queue size: 3)
2026-01-22 12:56:38,167 - DEBUG - ag_ui_adk.adk_agent - Got event #162 from queue: TextMessageContentEvent (thread 8370759d-1d32-452a-979f-1784bc2eb25e)
2026-01-22 12:56:38,167 - DEBUG - ag_ui_adk.adk_agent - Streaming event #162: TextMessageContentEvent (thread 8370759d-1d32-452a-979f-1784bc2eb25e)
2026-01-22 12:56:38,167 - DEBUG - ag_ui_adk.adk_agent - Yielding event: TextMessageContentEvent
2026-01-22 12:56:38,167 - DEBUG - ag_ui_adk.endpoint - HTTP Response: data: {"type":"TEXT_MESSAGE_CONTENT","messageId":"902bc37c-9d09-40e5-b3f7-57e6d4715d11","delta":"-"}


2026-01-22 12:56:38,167 - DEBUG - ag_ui_adk.adk_agent - Waiting for event from queue (thread 8370759d-1d32-452a-979f-1784bc2eb25e, queue size: 2)
2026-01-22 12:56:38,167 - DEBUG - ag_ui_adk.adk_agent - Got event #163 from queue: TextMessageContentEvent (thread 8370759d-1d32-452a-979f-1784bc2eb25e)
2026-01-22 12:56:38,167 - DEBUG - ag_ui_adk.adk_agent - Streaming event #163: TextMessageContentEvent (thread 8370759d-1d32-452a-979f-1784bc2eb25e)
2026-01-22 12:56:38,167 - DEBUG - ag_ui_adk.adk_agent - Yielding event: TextMessageContentEvent
2026-01-22 12:56:38,167 - DEBUG - ag_ui_adk.endpoint - HTTP Response: data: {"type":"TEXT_MESSAGE_CONTENT","messageId":"902bc37c-9d09-40e5-b3f7-57e6d4715d11","delta":" SKU"}


2026-01-22 12:56:38,168 - DEBUG - ag_ui_adk.adk_agent - Waiting for event from queue (thread 8370759d-1d32-452a-979f-1784bc2eb25e, queue size: 1)
2026-01-22 12:56:38,168 - DEBUG - ag_ui_adk.adk_agent - Got event #164 from queue: TextMessageContentEvent (thread 8370759d-1d32-452a-979f-1784bc2eb25e)
2026-01-22 12:56:38,168 - DEBUG - ag_ui_adk.adk_agent - Streaming event #164: TextMessageContentEvent (thread 8370759d-1d32-452a-979f-1784bc2eb25e)
2026-01-22 12:56:38,168 - DEBUG - ag_ui_adk.adk_agent - Yielding event: TextMessageContentEvent
2026-01-22 12:56:38,168 - DEBUG - ag_ui_adk.endpoint - HTTP Response: data: {"type":"TEXT_MESSAGE_CONTENT","messageId":"902bc37c-9d09-40e5-b3f7-57e6d4715d11","delta":":"}


2026-01-22 12:56:38,168 - DEBUG - ag_ui_adk.adk_agent - Waiting for event from queue (thread 8370759d-1d32-452a-979f-1784bc2eb25e, queue size: 0)
2026-01-22 12:56:38,168 - DEBUG - ag_ui_adk.adk_agent - Emitting event to queue: TextMessageContentEvent (thread 8370759d-1d32-452a-979f-1784bc2eb25e, queue size before: 0)
2026-01-22 12:56:38,168 - DEBUG - ag_ui_adk.adk_agent - Event queued: TextMessageContentEvent (thread 8370759d-1d32-452a-979f-1784bc2eb25e, queue size after: 1)
2026-01-22 12:56:38,169 - DEBUG - ag_ui_adk.adk_agent - Emitting event to queue: TextMessageContentEvent (thread 8370759d-1d32-452a-979f-1784bc2eb25e, queue size before: 1)
2026-01-22 12:56:38,169 - DEBUG - ag_ui_adk.adk_agent - Event queued: TextMessageContentEvent (thread 8370759d-1d32-452a-979f-1784bc2eb25e, queue size after: 2)
2026-01-22 12:56:38,169 - DEBUG - ag_ui_adk.adk_agent - Emitting event to queue: TextMessageContentEvent (thread 8370759d-1d32-452a-979f-1784bc2eb25e, queue size before: 2)
2026-01-22 12:56:38,169 - DEBUG - ag_ui_adk.adk_agent - Event queued: TextMessageContentEvent (thread 8370759d-1d32-452a-979f-1784bc2eb25e, queue size after: 3)
2026-01-22 12:56:38,170 - DEBUG - ag_ui_adk.adk_agent - Emitting event to queue: TextMessageContentEvent (thread 8370759d-1d32-452a-979f-1784bc2eb25e, queue size before: 3)
2026-01-22 12:56:38,170 - DEBUG - ag_ui_adk.adk_agent - Event queued: TextMessageContentEvent (thread 8370759d-1d32-452a-979f-1784bc2eb25e, queue size after: 4)
2026-01-22 12:56:38,170 - DEBUG - ag_ui_adk.adk_agent - Got event #165 from queue: TextMessageContentEvent (thread 8370759d-1d32-452a-979f-1784bc2eb25e)
2026-01-22 12:56:38,170 - DEBUG - ag_ui_adk.adk_agent - Streaming event #165: TextMessageContentEvent (thread 8370759d-1d32-452a-979f-1784bc2eb25e)
2026-01-22 12:56:38,170 - DEBUG - ag_ui_adk.adk_agent - Yielding event: TextMessageContentEvent
2026-01-22 12:56:38,170 - DEBUG - ag_ui_adk.endpoint - HTTP Response: data: {"type":"TEXT_MESSAGE_CONTENT","messageId":"902bc37c-9d09-40e5-b3f7-57e6d4715d11","delta":" A"}


2026-01-22 12:56:38,170 - DEBUG - ag_ui_adk.adk_agent - Waiting for event from queue (thread 8370759d-1d32-452a-979f-1784bc2eb25e, queue size: 3)
2026-01-22 12:56:38,170 - DEBUG - ag_ui_adk.adk_agent - Got event #166 from queue: TextMessageContentEvent (thread 8370759d-1d32-452a-979f-1784bc2eb25e)
2026-01-22 12:56:38,170 - DEBUG - ag_ui_adk.adk_agent - Streaming event #166: TextMessageContentEvent (thread 8370759d-1d32-452a-979f-1784bc2eb25e)
2026-01-22 12:56:38,170 - DEBUG - ag_ui_adk.adk_agent - Yielding event: TextMessageContentEvent
2026-01-22 12:56:38,170 - DEBUG - ag_ui_adk.endpoint - HTTP Response: data: {"type":"TEXT_MESSAGE_CONTENT","messageId":"902bc37c-9d09-40e5-b3f7-57e6d4715d11","delta":"123"}


2026-01-22 12:56:38,170 - DEBUG - ag_ui_adk.adk_agent - Waiting for event from queue (thread 8370759d-1d32-452a-979f-1784bc2eb25e, queue size: 2)
2026-01-22 12:56:38,170 - DEBUG - ag_ui_adk.adk_agent - Got event #167 from queue: TextMessageContentEvent (thread 8370759d-1d32-452a-979f-1784bc2eb25e)
2026-01-22 12:56:38,170 - DEBUG - ag_ui_adk.adk_agent - Streaming event #167: TextMessageContentEvent (thread 8370759d-1d32-452a-979f-1784bc2eb25e)
2026-01-22 12:56:38,170 - DEBUG - ag_ui_adk.adk_agent - Yielding event: TextMessageContentEvent
2026-01-22 12:56:38,170 - DEBUG - ag_ui_adk.endpoint - HTTP Response: data: {"type":"TEXT_MESSAGE_CONTENT","messageId":"902bc37c-9d09-40e5-b3f7-57e6d4715d11","delta":" —"}


2026-01-22 12:56:38,170 - DEBUG - ag_ui_adk.adk_agent - Waiting for event from queue (thread 8370759d-1d32-452a-979f-1784bc2eb25e, queue size: 1)
2026-01-22 12:56:38,170 - DEBUG - ag_ui_adk.adk_agent - Got event #168 from queue: TextMessageContentEvent (thread 8370759d-1d32-452a-979f-1784bc2eb25e)
2026-01-22 12:56:38,170 - DEBUG - ag_ui_adk.adk_agent - Streaming event #168: TextMessageContentEvent (thread 8370759d-1d32-452a-979f-1784bc2eb25e)
2026-01-22 12:56:38,170 - DEBUG - ag_ui_adk.adk_agent - Yielding event: TextMessageContentEvent
2026-01-22 12:56:38,170 - DEBUG - ag_ui_adk.endpoint - HTTP Response: data: {"type":"TEXT_MESSAGE_CONTENT","messageId":"902bc37c-9d09-40e5-b3f7-57e6d4715d11","delta":" Name"}


2026-01-22 12:56:38,170 - DEBUG - ag_ui_adk.adk_agent - Waiting for event from queue (thread 8370759d-1d32-452a-979f-1784bc2eb25e, queue size: 0)
2026-01-22 12:56:38,271 - DEBUG - ag_ui_adk.adk_agent - Emitting event to queue: TextMessageContentEvent (thread 8370759d-1d32-452a-979f-1784bc2eb25e, queue size before: 0)
2026-01-22 12:56:38,271 - DEBUG - ag_ui_adk.adk_agent - Event queued: TextMessageContentEvent (thread 8370759d-1d32-452a-979f-1784bc2eb25e, queue size after: 1)
2026-01-22 12:56:38,272 - DEBUG - ag_ui_adk.adk_agent - Emitting event to queue: TextMessageContentEvent (thread 8370759d-1d32-452a-979f-1784bc2eb25e, queue size before: 1)
2026-01-22 12:56:38,272 - DEBUG - ag_ui_adk.adk_agent - Event queued: TextMessageContentEvent (thread 8370759d-1d32-452a-979f-1784bc2eb25e, queue size after: 2)
2026-01-22 12:56:38,272 - DEBUG - ag_ui_adk.adk_agent - Emitting event to queue: TextMessageContentEvent (thread 8370759d-1d32-452a-979f-1784bc2eb25e, queue size before: 2)
2026-01-22 12:56:38,272 - DEBUG - ag_ui_adk.adk_agent - Event queued: TextMessageContentEvent (thread 8370759d-1d32-452a-979f-1784bc2eb25e, queue size after: 3)
2026-01-22 12:56:38,273 - DEBUG - ag_ui_adk.adk_agent - Emitting event to queue: TextMessageContentEvent (thread 8370759d-1d32-452a-979f-1784bc2eb25e, queue size before: 3)
2026-01-22 12:56:38,273 - DEBUG - ag_ui_adk.adk_agent - Event queued: TextMessageContentEvent (thread 8370759d-1d32-452a-979f-1784bc2eb25e, queue size after: 4)
2026-01-22 12:56:38,273 - DEBUG - ag_ui_adk.adk_agent - Got event #169 from queue: TextMessageContentEvent (thread 8370759d-1d32-452a-979f-1784bc2eb25e)
2026-01-22 12:56:38,273 - DEBUG - ag_ui_adk.adk_agent - Streaming event #169: TextMessageContentEvent (thread 8370759d-1d32-452a-979f-1784bc2eb25e)
2026-01-22 12:56:38,273 - DEBUG - ag_ui_adk.adk_agent - Yielding event: TextMessageContentEvent
2026-01-22 12:56:38,273 - DEBUG - ag_ui_adk.endpoint - HTTP Response: data: {"type":"TEXT_MESSAGE_CONTENT","messageId":"902bc37c-9d09-40e5-b3f7-57e6d4715d11","delta":":"}


2026-01-22 12:56:38,273 - DEBUG - ag_ui_adk.adk_agent - Waiting for event from queue (thread 8370759d-1d32-452a-979f-1784bc2eb25e, queue size: 3)
2026-01-22 12:56:38,273 - DEBUG - ag_ui_adk.adk_agent - Got event #170 from queue: TextMessageContentEvent (thread 8370759d-1d32-452a-979f-1784bc2eb25e)
2026-01-22 12:56:38,273 - DEBUG - ag_ui_adk.adk_agent - Streaming event #170: TextMessageContentEvent (thread 8370759d-1d32-452a-979f-1784bc2eb25e)
2026-01-22 12:56:38,273 - DEBUG - ag_ui_adk.adk_agent - Yielding event: TextMessageContentEvent
2026-01-22 12:56:38,273 - DEBUG - ag_ui_adk.endpoint - HTTP Response: data: {"type":"TEXT_MESSAGE_CONTENT","messageId":"902bc37c-9d09-40e5-b3f7-57e6d4715d11","delta":" Widget"}


2026-01-22 12:56:38,273 - DEBUG - ag_ui_adk.adk_agent - Waiting for event from queue (thread 8370759d-1d32-452a-979f-1784bc2eb25e, queue size: 2)
2026-01-22 12:56:38,273 - DEBUG - ag_ui_adk.adk_agent - Got event #171 from queue: TextMessageContentEvent (thread 8370759d-1d32-452a-979f-1784bc2eb25e)
2026-01-22 12:56:38,273 - DEBUG - ag_ui_adk.adk_agent - Streaming event #171: TextMessageContentEvent (thread 8370759d-1d32-452a-979f-1784bc2eb25e)
2026-01-22 12:56:38,273 - DEBUG - ag_ui_adk.adk_agent - Yielding event: TextMessageContentEvent
2026-01-22 12:56:38,273 - DEBUG - ag_ui_adk.endpoint - HTTP Response: data: {"type":"TEXT_MESSAGE_CONTENT","messageId":"902bc37c-9d09-40e5-b3f7-57e6d4715d11","delta":" Pro"}


2026-01-22 12:56:38,273 - DEBUG - ag_ui_adk.adk_agent - Waiting for event from queue (thread 8370759d-1d32-452a-979f-1784bc2eb25e, queue size: 1)
2026-01-22 12:56:38,273 - DEBUG - ag_ui_adk.adk_agent - Got event #172 from queue: TextMessageContentEvent (thread 8370759d-1d32-452a-979f-1784bc2eb25e)
2026-01-22 12:56:38,273 - DEBUG - ag_ui_adk.adk_agent - Streaming event #172: TextMessageContentEvent (thread 8370759d-1d32-452a-979f-1784bc2eb25e)
2026-01-22 12:56:38,273 - DEBUG - ag_ui_adk.adk_agent - Yielding event: TextMessageContentEvent
2026-01-22 12:56:38,273 - DEBUG - ag_ui_adk.endpoint - HTTP Response: data: {"type":"TEXT_MESSAGE_CONTENT","messageId":"902bc37c-9d09-40e5-b3f7-57e6d4715d11","delta":" —"}


2026-01-22 12:56:38,273 - DEBUG - ag_ui_adk.adk_agent - Waiting for event from queue (thread 8370759d-1d32-452a-979f-1784bc2eb25e, queue size: 0)
2026-01-22 12:56:38,274 - DEBUG - ag_ui_adk.adk_agent - Emitting event to queue: TextMessageContentEvent (thread 8370759d-1d32-452a-979f-1784bc2eb25e, queue size before: 0)
2026-01-22 12:56:38,274 - DEBUG - ag_ui_adk.adk_agent - Event queued: TextMessageContentEvent (thread 8370759d-1d32-452a-979f-1784bc2eb25e, queue size after: 1)
2026-01-22 12:56:38,275 - DEBUG - ag_ui_adk.adk_agent - Emitting event to queue: TextMessageContentEvent (thread 8370759d-1d32-452a-979f-1784bc2eb25e, queue size before: 1)
2026-01-22 12:56:38,275 - DEBUG - ag_ui_adk.adk_agent - Event queued: TextMessageContentEvent (thread 8370759d-1d32-452a-979f-1784bc2eb25e, queue size after: 2)
2026-01-22 12:56:38,275 - DEBUG - ag_ui_adk.adk_agent - Emitting event to queue: TextMessageContentEvent (thread 8370759d-1d32-452a-979f-1784bc2eb25e, queue size before: 2)
2026-01-22 12:56:38,275 - DEBUG - ag_ui_adk.adk_agent - Event queued: TextMessageContentEvent (thread 8370759d-1d32-452a-979f-1784bc2eb25e, queue size after: 3)
2026-01-22 12:56:38,276 - DEBUG - ag_ui_adk.adk_agent - Emitting event to queue: TextMessageContentEvent (thread 8370759d-1d32-452a-979f-1784bc2eb25e, queue size before: 3)
2026-01-22 12:56:38,276 - DEBUG - ag_ui_adk.adk_agent - Event queued: TextMessageContentEvent (thread 8370759d-1d32-452a-979f-1784bc2eb25e, queue size after: 4)
2026-01-22 12:56:38,276 - DEBUG - ag_ui_adk.adk_agent - Got event #173 from queue: TextMessageContentEvent (thread 8370759d-1d32-452a-979f-1784bc2eb25e)
2026-01-22 12:56:38,276 - DEBUG - ag_ui_adk.adk_agent - Streaming event #173: TextMessageContentEvent (thread 8370759d-1d32-452a-979f-1784bc2eb25e)
2026-01-22 12:56:38,276 - DEBUG - ag_ui_adk.adk_agent - Yielding event: TextMessageContentEvent
2026-01-22 12:56:38,276 - DEBUG - ag_ui_adk.endpoint - HTTP Response: data: {"type":"TEXT_MESSAGE_CONTENT","messageId":"902bc37c-9d09-40e5-b3f7-57e6d4715d11","delta":" Quantity"}


2026-01-22 12:56:38,276 - DEBUG - ag_ui_adk.adk_agent - Waiting for event from queue (thread 8370759d-1d32-452a-979f-1784bc2eb25e, queue size: 3)
2026-01-22 12:56:38,276 - DEBUG - ag_ui_adk.adk_agent - Got event #174 from queue: TextMessageContentEvent (thread 8370759d-1d32-452a-979f-1784bc2eb25e)
2026-01-22 12:56:38,276 - DEBUG - ag_ui_adk.adk_agent - Streaming event #174: TextMessageContentEvent (thread 8370759d-1d32-452a-979f-1784bc2eb25e)
2026-01-22 12:56:38,276 - DEBUG - ag_ui_adk.adk_agent - Yielding event: TextMessageContentEvent
2026-01-22 12:56:38,276 - DEBUG - ag_ui_adk.endpoint - HTTP Response: data: {"type":"TEXT_MESSAGE_CONTENT","messageId":"902bc37c-9d09-40e5-b3f7-57e6d4715d11","delta":":"}


2026-01-22 12:56:38,276 - DEBUG - ag_ui_adk.adk_agent - Waiting for event from queue (thread 8370759d-1d32-452a-979f-1784bc2eb25e, queue size: 2)
2026-01-22 12:56:38,276 - DEBUG - ag_ui_adk.adk_agent - Got event #175 from queue: TextMessageContentEvent (thread 8370759d-1d32-452a-979f-1784bc2eb25e)
2026-01-22 12:56:38,276 - DEBUG - ag_ui_adk.adk_agent - Streaming event #175: TextMessageContentEvent (thread 8370759d-1d32-452a-979f-1784bc2eb25e)
2026-01-22 12:56:38,276 - DEBUG - ag_ui_adk.adk_agent - Yielding event: TextMessageContentEvent
2026-01-22 12:56:38,276 - DEBUG - ag_ui_adk.endpoint - HTTP Response: data: {"type":"TEXT_MESSAGE_CONTENT","messageId":"902bc37c-9d09-40e5-b3f7-57e6d4715d11","delta":" "}


2026-01-22 12:56:38,276 - DEBUG - ag_ui_adk.adk_agent - Waiting for event from queue (thread 8370759d-1d32-452a-979f-1784bc2eb25e, queue size: 1)
2026-01-22 12:56:38,276 - DEBUG - ag_ui_adk.adk_agent - Got event #176 from queue: TextMessageContentEvent (thread 8370759d-1d32-452a-979f-1784bc2eb25e)
2026-01-22 12:56:38,276 - DEBUG - ag_ui_adk.adk_agent - Streaming event #176: TextMessageContentEvent (thread 8370759d-1d32-452a-979f-1784bc2eb25e)
2026-01-22 12:56:38,276 - DEBUG - ag_ui_adk.adk_agent - Yielding event: TextMessageContentEvent
2026-01-22 12:56:38,276 - DEBUG - ag_ui_adk.endpoint - HTTP Response: data: {"type":"TEXT_MESSAGE_CONTENT","messageId":"902bc37c-9d09-40e5-b3f7-57e6d4715d11","delta":"120"}


2026-01-22 12:56:38,276 - DEBUG - ag_ui_adk.adk_agent - Waiting for event from queue (thread 8370759d-1d32-452a-979f-1784bc2eb25e, queue size: 0)
2026-01-22 12:56:38,345 - DEBUG - ag_ui_adk.adk_agent - Emitting event to queue: TextMessageContentEvent (thread 8370759d-1d32-452a-979f-1784bc2eb25e, queue size before: 0)
2026-01-22 12:56:38,345 - DEBUG - ag_ui_adk.adk_agent - Event queued: TextMessageContentEvent (thread 8370759d-1d32-452a-979f-1784bc2eb25e, queue size after: 1)
2026-01-22 12:56:38,346 - DEBUG - ag_ui_adk.adk_agent - Emitting event to queue: TextMessageContentEvent (thread 8370759d-1d32-452a-979f-1784bc2eb25e, queue size before: 1)
2026-01-22 12:56:38,346 - DEBUG - ag_ui_adk.adk_agent - Event queued: TextMessageContentEvent (thread 8370759d-1d32-452a-979f-1784bc2eb25e, queue size after: 2)
2026-01-22 12:56:38,346 - DEBUG - ag_ui_adk.adk_agent - Emitting event to queue: TextMessageContentEvent (thread 8370759d-1d32-452a-979f-1784bc2eb25e, queue size before: 2)
2026-01-22 12:56:38,346 - DEBUG - ag_ui_adk.adk_agent - Event queued: TextMessageContentEvent (thread 8370759d-1d32-452a-979f-1784bc2eb25e, queue size after: 3)
2026-01-22 12:56:38,347 - DEBUG - ag_ui_adk.adk_agent - Emitting event to queue: TextMessageContentEvent (thread 8370759d-1d32-452a-979f-1784bc2eb25e, queue size before: 3)
2026-01-22 12:56:38,347 - DEBUG - ag_ui_adk.adk_agent - Event queued: TextMessageContentEvent (thread 8370759d-1d32-452a-979f-1784bc2eb25e, queue size after: 4)
2026-01-22 12:56:38,347 - DEBUG - ag_ui_adk.adk_agent - Got event #177 from queue: TextMessageContentEvent (thread 8370759d-1d32-452a-979f-1784bc2eb25e)
2026-01-22 12:56:38,347 - DEBUG - ag_ui_adk.adk_agent - Streaming event #177: TextMessageContentEvent (thread 8370759d-1d32-452a-979f-1784bc2eb25e)
2026-01-22 12:56:38,347 - DEBUG - ag_ui_adk.adk_agent - Yielding event: TextMessageContentEvent
2026-01-22 12:56:38,347 - DEBUG - ag_ui_adk.endpoint - HTTP Response: data: {"type":"TEXT_MESSAGE_CONTENT","messageId":"902bc37c-9d09-40e5-b3f7-57e6d4715d11","delta":" —"}


2026-01-22 12:56:38,347 - DEBUG - ag_ui_adk.adk_agent - Waiting for event from queue (thread 8370759d-1d32-452a-979f-1784bc2eb25e, queue size: 3)
2026-01-22 12:56:38,347 - DEBUG - ag_ui_adk.adk_agent - Got event #178 from queue: TextMessageContentEvent (thread 8370759d-1d32-452a-979f-1784bc2eb25e)
2026-01-22 12:56:38,347 - DEBUG - ag_ui_adk.adk_agent - Streaming event #178: TextMessageContentEvent (thread 8370759d-1d32-452a-979f-1784bc2eb25e)
2026-01-22 12:56:38,347 - DEBUG - ag_ui_adk.adk_agent - Yielding event: TextMessageContentEvent
2026-01-22 12:56:38,347 - DEBUG - ag_ui_adk.endpoint - HTTP Response: data: {"type":"TEXT_MESSAGE_CONTENT","messageId":"902bc37c-9d09-40e5-b3f7-57e6d4715d11","delta":" Location"}


2026-01-22 12:56:38,347 - DEBUG - ag_ui_adk.adk_agent - Waiting for event from queue (thread 8370759d-1d32-452a-979f-1784bc2eb25e, queue size: 2)
2026-01-22 12:56:38,347 - DEBUG - ag_ui_adk.adk_agent - Got event #179 from queue: TextMessageContentEvent (thread 8370759d-1d32-452a-979f-1784bc2eb25e)
2026-01-22 12:56:38,347 - DEBUG - ag_ui_adk.adk_agent - Streaming event #179: TextMessageContentEvent (thread 8370759d-1d32-452a-979f-1784bc2eb25e)
2026-01-22 12:56:38,347 - DEBUG - ag_ui_adk.adk_agent - Yielding event: TextMessageContentEvent
2026-01-22 12:56:38,347 - DEBUG - ag_ui_adk.endpoint - HTTP Response: data: {"type":"TEXT_MESSAGE_CONTENT","messageId":"902bc37c-9d09-40e5-b3f7-57e6d4715d11","delta":":"}


2026-01-22 12:56:38,347 - DEBUG - ag_ui_adk.adk_agent - Waiting for event from queue (thread 8370759d-1d32-452a-979f-1784bc2eb25e, queue size: 1)
2026-01-22 12:56:38,347 - DEBUG - ag_ui_adk.adk_agent - Got event #180 from queue: TextMessageContentEvent (thread 8370759d-1d32-452a-979f-1784bc2eb25e)
2026-01-22 12:56:38,347 - DEBUG - ag_ui_adk.adk_agent - Streaming event #180: TextMessageContentEvent (thread 8370759d-1d32-452a-979f-1784bc2eb25e)
2026-01-22 12:56:38,347 - DEBUG - ag_ui_adk.adk_agent - Yielding event: TextMessageContentEvent
2026-01-22 12:56:38,347 - DEBUG - ag_ui_adk.endpoint - HTTP Response: data: {"type":"TEXT_MESSAGE_CONTENT","messageId":"902bc37c-9d09-40e5-b3f7-57e6d4715d11","delta":" Warehouse"}


2026-01-22 12:56:38,347 - DEBUG - ag_ui_adk.adk_agent - Waiting for event from queue (thread 8370759d-1d32-452a-979f-1784bc2eb25e, queue size: 0)
2026-01-22 12:56:38,392 - DEBUG - ag_ui_adk.adk_agent - Emitting event to queue: TextMessageContentEvent (thread 8370759d-1d32-452a-979f-1784bc2eb25e, queue size before: 0)
2026-01-22 12:56:38,392 - DEBUG - ag_ui_adk.adk_agent - Event queued: TextMessageContentEvent (thread 8370759d-1d32-452a-979f-1784bc2eb25e, queue size after: 1)
2026-01-22 12:56:38,393 - DEBUG - ag_ui_adk.adk_agent - Emitting event to queue: TextMessageContentEvent (thread 8370759d-1d32-452a-979f-1784bc2eb25e, queue size before: 1)
2026-01-22 12:56:38,393 - DEBUG - ag_ui_adk.adk_agent - Event queued: TextMessageContentEvent (thread 8370759d-1d32-452a-979f-1784bc2eb25e, queue size after: 2)
2026-01-22 12:56:38,393 - DEBUG - ag_ui_adk.adk_agent - Emitting event to queue: TextMessageContentEvent (thread 8370759d-1d32-452a-979f-1784bc2eb25e, queue size before: 2)
2026-01-22 12:56:38,393 - DEBUG - ag_ui_adk.adk_agent - Event queued: TextMessageContentEvent (thread 8370759d-1d32-452a-979f-1784bc2eb25e, queue size after: 3)
2026-01-22 12:56:38,394 - DEBUG - ag_ui_adk.adk_agent - Got event #181 from queue: TextMessageContentEvent (thread 8370759d-1d32-452a-979f-1784bc2eb25e)
2026-01-22 12:56:38,394 - DEBUG - ag_ui_adk.adk_agent - Streaming event #181: TextMessageContentEvent (thread 8370759d-1d32-452a-979f-1784bc2eb25e)
2026-01-22 12:56:38,394 - DEBUG - ag_ui_adk.adk_agent - Yielding event: TextMessageContentEvent
2026-01-22 12:56:38,394 - DEBUG - ag_ui_adk.endpoint - HTTP Response: data: {"type":"TEXT_MESSAGE_CONTENT","messageId":"902bc37c-9d09-40e5-b3f7-57e6d4715d11","delta":" A"}


2026-01-22 12:56:38,394 - DEBUG - ag_ui_adk.adk_agent - Waiting for event from queue (thread 8370759d-1d32-452a-979f-1784bc2eb25e, queue size: 2)
2026-01-22 12:56:38,394 - DEBUG - ag_ui_adk.adk_agent - Got event #182 from queue: TextMessageContentEvent (thread 8370759d-1d32-452a-979f-1784bc2eb25e)
2026-01-22 12:56:38,394 - DEBUG - ag_ui_adk.adk_agent - Streaming event #182: TextMessageContentEvent (thread 8370759d-1d32-452a-979f-1784bc2eb25e)
2026-01-22 12:56:38,394 - DEBUG - ag_ui_adk.adk_agent - Yielding event: TextMessageContentEvent
2026-01-22 12:56:38,394 - DEBUG - ag_ui_adk.endpoint - HTTP Response: data: {"type":"TEXT_MESSAGE_CONTENT","messageId":"902bc37c-9d09-40e5-b3f7-57e6d4715d11","delta":"\n"}


2026-01-22 12:56:38,394 - DEBUG - ag_ui_adk.adk_agent - Waiting for event from queue (thread 8370759d-1d32-452a-979f-1784bc2eb25e, queue size: 1)
2026-01-22 12:56:38,394 - DEBUG - ag_ui_adk.adk_agent - Got event #183 from queue: TextMessageContentEvent (thread 8370759d-1d32-452a-979f-1784bc2eb25e)
2026-01-22 12:56:38,394 - DEBUG - ag_ui_adk.adk_agent - Streaming event #183: TextMessageContentEvent (thread 8370759d-1d32-452a-979f-1784bc2eb25e)
2026-01-22 12:56:38,394 - DEBUG - ag_ui_adk.adk_agent - Yielding event: TextMessageContentEvent
2026-01-22 12:56:38,394 - DEBUG - ag_ui_adk.endpoint - HTTP Response: data: {"type":"TEXT_MESSAGE_CONTENT","messageId":"902bc37c-9d09-40e5-b3f7-57e6d4715d11","delta":"-"}


2026-01-22 12:56:38,394 - DEBUG - ag_ui_adk.adk_agent - Waiting for event from queue (thread 8370759d-1d32-452a-979f-1784bc2eb25e, queue size: 0)
2026-01-22 12:56:38,395 - DEBUG - ag_ui_adk.adk_agent - Emitting event to queue: TextMessageContentEvent (thread 8370759d-1d32-452a-979f-1784bc2eb25e, queue size before: 0)
2026-01-22 12:56:38,395 - DEBUG - ag_ui_adk.adk_agent - Event queued: TextMessageContentEvent (thread 8370759d-1d32-452a-979f-1784bc2eb25e, queue size after: 1)
2026-01-22 12:56:38,395 - DEBUG - ag_ui_adk.adk_agent - Emitting event to queue: TextMessageContentEvent (thread 8370759d-1d32-452a-979f-1784bc2eb25e, queue size before: 1)
2026-01-22 12:56:38,395 - DEBUG - ag_ui_adk.adk_agent - Event queued: TextMessageContentEvent (thread 8370759d-1d32-452a-979f-1784bc2eb25e, queue size after: 2)
2026-01-22 12:56:38,396 - DEBUG - ag_ui_adk.adk_agent - Emitting event to queue: TextMessageContentEvent (thread 8370759d-1d32-452a-979f-1784bc2eb25e, queue size before: 2)
2026-01-22 12:56:38,396 - DEBUG - ag_ui_adk.adk_agent - Event queued: TextMessageContentEvent (thread 8370759d-1d32-452a-979f-1784bc2eb25e, queue size after: 3)
2026-01-22 12:56:38,396 - DEBUG - ag_ui_adk.adk_agent - Emitting event to queue: TextMessageContentEvent (thread 8370759d-1d32-452a-979f-1784bc2eb25e, queue size before: 3)
2026-01-22 12:56:38,396 - DEBUG - ag_ui_adk.adk_agent - Event queued: TextMessageContentEvent (thread 8370759d-1d32-452a-979f-1784bc2eb25e, queue size after: 4)
2026-01-22 12:56:38,397 - DEBUG - ag_ui_adk.adk_agent - Emitting event to queue: TextMessageContentEvent (thread 8370759d-1d32-452a-979f-1784bc2eb25e, queue size before: 4)
2026-01-22 12:56:38,397 - DEBUG - ag_ui_adk.adk_agent - Event queued: TextMessageContentEvent (thread 8370759d-1d32-452a-979f-1784bc2eb25e, queue size after: 5)
2026-01-22 12:56:38,397 - DEBUG - ag_ui_adk.adk_agent - Got event #184 from queue: TextMessageContentEvent (thread 8370759d-1d32-452a-979f-1784bc2eb25e)
2026-01-22 12:56:38,397 - DEBUG - ag_ui_adk.adk_agent - Streaming event #184: TextMessageContentEvent (thread 8370759d-1d32-452a-979f-1784bc2eb25e)
2026-01-22 12:56:38,397 - DEBUG - ag_ui_adk.adk_agent - Yielding event: TextMessageContentEvent
2026-01-22 12:56:38,397 - DEBUG - ag_ui_adk.endpoint - HTTP Response: data: {"type":"TEXT_MESSAGE_CONTENT","messageId":"902bc37c-9d09-40e5-b3f7-57e6d4715d11","delta":" SKU"}


2026-01-22 12:56:38,397 - DEBUG - ag_ui_adk.adk_agent - Waiting for event from queue (thread 8370759d-1d32-452a-979f-1784bc2eb25e, queue size: 4)
2026-01-22 12:56:38,397 - DEBUG - ag_ui_adk.adk_agent - Got event #185 from queue: TextMessageContentEvent (thread 8370759d-1d32-452a-979f-1784bc2eb25e)
2026-01-22 12:56:38,397 - DEBUG - ag_ui_adk.adk_agent - Streaming event #185: TextMessageContentEvent (thread 8370759d-1d32-452a-979f-1784bc2eb25e)
2026-01-22 12:56:38,397 - DEBUG - ag_ui_adk.adk_agent - Yielding event: TextMessageContentEvent
2026-01-22 12:56:38,397 - DEBUG - ag_ui_adk.endpoint - HTTP Response: data: {"type":"TEXT_MESSAGE_CONTENT","messageId":"902bc37c-9d09-40e5-b3f7-57e6d4715d11","delta":":"}


2026-01-22 12:56:38,397 - DEBUG - ag_ui_adk.adk_agent - Waiting for event from queue (thread 8370759d-1d32-452a-979f-1784bc2eb25e, queue size: 3)
2026-01-22 12:56:38,398 - DEBUG - ag_ui_adk.adk_agent - Got event #186 from queue: TextMessageContentEvent (thread 8370759d-1d32-452a-979f-1784bc2eb25e)
2026-01-22 12:56:38,398 - DEBUG - ag_ui_adk.adk_agent - Streaming event #186: TextMessageContentEvent (thread 8370759d-1d32-452a-979f-1784bc2eb25e)
2026-01-22 12:56:38,398 - DEBUG - ag_ui_adk.adk_agent - Yielding event: TextMessageContentEvent
2026-01-22 12:56:38,398 - DEBUG - ag_ui_adk.endpoint - HTTP Response: data: {"type":"TEXT_MESSAGE_CONTENT","messageId":"902bc37c-9d09-40e5-b3f7-57e6d4715d11","delta":" B"}


2026-01-22 12:56:38,398 - DEBUG - ag_ui_adk.adk_agent - Waiting for event from queue (thread 8370759d-1d32-452a-979f-1784bc2eb25e, queue size: 2)
2026-01-22 12:56:38,398 - DEBUG - ag_ui_adk.adk_agent - Got event #187 from queue: TextMessageContentEvent (thread 8370759d-1d32-452a-979f-1784bc2eb25e)
2026-01-22 12:56:38,398 - DEBUG - ag_ui_adk.adk_agent - Streaming event #187: TextMessageContentEvent (thread 8370759d-1d32-452a-979f-1784bc2eb25e)
2026-01-22 12:56:38,398 - DEBUG - ag_ui_adk.adk_agent - Yielding event: TextMessageContentEvent
2026-01-22 12:56:38,398 - DEBUG - ag_ui_adk.endpoint - HTTP Response: data: {"type":"TEXT_MESSAGE_CONTENT","messageId":"902bc37c-9d09-40e5-b3f7-57e6d4715d11","delta":"456"}


2026-01-22 12:56:38,398 - DEBUG - ag_ui_adk.adk_agent - Waiting for event from queue (thread 8370759d-1d32-452a-979f-1784bc2eb25e, queue size: 1)
2026-01-22 12:56:38,398 - DEBUG - ag_ui_adk.adk_agent - Got event #188 from queue: TextMessageContentEvent (thread 8370759d-1d32-452a-979f-1784bc2eb25e)
2026-01-22 12:56:38,398 - DEBUG - ag_ui_adk.adk_agent - Streaming event #188: TextMessageContentEvent (thread 8370759d-1d32-452a-979f-1784bc2eb25e)
2026-01-22 12:56:38,398 - DEBUG - ag_ui_adk.adk_agent - Yielding event: TextMessageContentEvent
2026-01-22 12:56:38,398 - DEBUG - ag_ui_adk.endpoint - HTTP Response: data: {"type":"TEXT_MESSAGE_CONTENT","messageId":"902bc37c-9d09-40e5-b3f7-57e6d4715d11","delta":" —"}


2026-01-22 12:56:38,398 - DEBUG - ag_ui_adk.adk_agent - Waiting for event from queue (thread 8370759d-1d32-452a-979f-1784bc2eb25e, queue size: 0)
2026-01-22 12:56:38,442 - DEBUG - ag_ui_adk.adk_agent - Emitting event to queue: TextMessageContentEvent (thread 8370759d-1d32-452a-979f-1784bc2eb25e, queue size before: 0)
2026-01-22 12:56:38,442 - DEBUG - ag_ui_adk.adk_agent - Event queued: TextMessageContentEvent (thread 8370759d-1d32-452a-979f-1784bc2eb25e, queue size after: 1)
2026-01-22 12:56:38,442 - DEBUG - ag_ui_adk.adk_agent - Emitting event to queue: TextMessageContentEvent (thread 8370759d-1d32-452a-979f-1784bc2eb25e, queue size before: 1)
2026-01-22 12:56:38,442 - DEBUG - ag_ui_adk.adk_agent - Event queued: TextMessageContentEvent (thread 8370759d-1d32-452a-979f-1784bc2eb25e, queue size after: 2)
2026-01-22 12:56:38,443 - DEBUG - ag_ui_adk.adk_agent - Emitting event to queue: TextMessageContentEvent (thread 8370759d-1d32-452a-979f-1784bc2eb25e, queue size before: 2)
2026-01-22 12:56:38,443 - DEBUG - ag_ui_adk.adk_agent - Event queued: TextMessageContentEvent (thread 8370759d-1d32-452a-979f-1784bc2eb25e, queue size after: 3)
2026-01-22 12:56:38,443 - DEBUG - ag_ui_adk.adk_agent - Emitting event to queue: TextMessageContentEvent (thread 8370759d-1d32-452a-979f-1784bc2eb25e, queue size before: 3)
2026-01-22 12:56:38,443 - DEBUG - ag_ui_adk.adk_agent - Event queued: TextMessageContentEvent (thread 8370759d-1d32-452a-979f-1784bc2eb25e, queue size after: 4)
2026-01-22 12:56:38,443 - DEBUG - ag_ui_adk.adk_agent - Got event #189 from queue: TextMessageContentEvent (thread 8370759d-1d32-452a-979f-1784bc2eb25e)
2026-01-22 12:56:38,443 - DEBUG - ag_ui_adk.adk_agent - Streaming event #189: TextMessageContentEvent (thread 8370759d-1d32-452a-979f-1784bc2eb25e)
2026-01-22 12:56:38,443 - DEBUG - ag_ui_adk.adk_agent - Yielding event: TextMessageContentEvent
2026-01-22 12:56:38,443 - DEBUG - ag_ui_adk.endpoint - HTTP Response: data: {"type":"TEXT_MESSAGE_CONTENT","messageId":"902bc37c-9d09-40e5-b3f7-57e6d4715d11","delta":" Name"}


2026-01-22 12:56:38,443 - DEBUG - ag_ui_adk.adk_agent - Waiting for event from queue (thread 8370759d-1d32-452a-979f-1784bc2eb25e, queue size: 3)
2026-01-22 12:56:38,443 - DEBUG - ag_ui_adk.adk_agent - Got event #190 from queue: TextMessageContentEvent (thread 8370759d-1d32-452a-979f-1784bc2eb25e)
2026-01-22 12:56:38,443 - DEBUG - ag_ui_adk.adk_agent - Streaming event #190: TextMessageContentEvent (thread 8370759d-1d32-452a-979f-1784bc2eb25e)
2026-01-22 12:56:38,443 - DEBUG - ag_ui_adk.adk_agent - Yielding event: TextMessageContentEvent
2026-01-22 12:56:38,443 - DEBUG - ag_ui_adk.endpoint - HTTP Response: data: {"type":"TEXT_MESSAGE_CONTENT","messageId":"902bc37c-9d09-40e5-b3f7-57e6d4715d11","delta":":"}


2026-01-22 12:56:38,443 - DEBUG - ag_ui_adk.adk_agent - Waiting for event from queue (thread 8370759d-1d32-452a-979f-1784bc2eb25e, queue size: 2)
2026-01-22 12:56:38,443 - DEBUG - ag_ui_adk.adk_agent - Got event #191 from queue: TextMessageContentEvent (thread 8370759d-1d32-452a-979f-1784bc2eb25e)
2026-01-22 12:56:38,443 - DEBUG - ag_ui_adk.adk_agent - Streaming event #191: TextMessageContentEvent (thread 8370759d-1d32-452a-979f-1784bc2eb25e)
2026-01-22 12:56:38,444 - DEBUG - ag_ui_adk.adk_agent - Yielding event: TextMessageContentEvent
2026-01-22 12:56:38,444 - DEBUG - ag_ui_adk.endpoint - HTTP Response: data: {"type":"TEXT_MESSAGE_CONTENT","messageId":"902bc37c-9d09-40e5-b3f7-57e6d4715d11","delta":" Cable"}


2026-01-22 12:56:38,444 - DEBUG - ag_ui_adk.adk_agent - Waiting for event from queue (thread 8370759d-1d32-452a-979f-1784bc2eb25e, queue size: 1)
2026-01-22 12:56:38,444 - DEBUG - ag_ui_adk.adk_agent - Got event #192 from queue: TextMessageContentEvent (thread 8370759d-1d32-452a-979f-1784bc2eb25e)
2026-01-22 12:56:38,444 - DEBUG - ag_ui_adk.adk_agent - Streaming event #192: TextMessageContentEvent (thread 8370759d-1d32-452a-979f-1784bc2eb25e)
2026-01-22 12:56:38,444 - DEBUG - ag_ui_adk.adk_agent - Yielding event: TextMessageContentEvent
2026-01-22 12:56:38,444 - DEBUG - ag_ui_adk.endpoint - HTTP Response: data: {"type":"TEXT_MESSAGE_CONTENT","messageId":"902bc37c-9d09-40e5-b3f7-57e6d4715d11","delta":" "}


2026-01-22 12:56:38,444 - DEBUG - ag_ui_adk.adk_agent - Waiting for event from queue (thread 8370759d-1d32-452a-979f-1784bc2eb25e, queue size: 0)
2026-01-22 12:56:38,444 - DEBUG - ag_ui_adk.adk_agent - Emitting event to queue: TextMessageContentEvent (thread 8370759d-1d32-452a-979f-1784bc2eb25e, queue size before: 0)
2026-01-22 12:56:38,444 - DEBUG - ag_ui_adk.adk_agent - Event queued: TextMessageContentEvent (thread 8370759d-1d32-452a-979f-1784bc2eb25e, queue size after: 1)
2026-01-22 12:56:38,444 - DEBUG - ag_ui_adk.adk_agent - Got event #193 from queue: TextMessageContentEvent (thread 8370759d-1d32-452a-979f-1784bc2eb25e)
2026-01-22 12:56:38,444 - DEBUG - ag_ui_adk.adk_agent - Streaming event #193: TextMessageContentEvent (thread 8370759d-1d32-452a-979f-1784bc2eb25e)
2026-01-22 12:56:38,444 - DEBUG - ag_ui_adk.adk_agent - Yielding event: TextMessageContentEvent
2026-01-22 12:56:38,444 - DEBUG - ag_ui_adk.endpoint - HTTP Response: data: {"type":"TEXT_MESSAGE_CONTENT","messageId":"902bc37c-9d09-40e5-b3f7-57e6d4715d11","delta":"2"}


2026-01-22 12:56:38,444 - DEBUG - ag_ui_adk.adk_agent - Waiting for event from queue (thread 8370759d-1d32-452a-979f-1784bc2eb25e, queue size: 0)
2026-01-22 12:56:39,445 - DEBUG - ag_ui_adk.adk_agent - Timeout #10 waiting for events (thread 8370759d-1d32-452a-979f-1784bc2eb25e, task done: False, queue size: 0)
2026-01-22 12:56:39,445 - DEBUG - ag_ui_adk.adk_agent - Waiting for event from queue (thread 8370759d-1d32-452a-979f-1784bc2eb25e, queue size: 0)
2026-01-22 12:56:39,468 - DEBUG - ag_ui_adk.adk_agent - Emitting event to queue: TextMessageContentEvent (thread 8370759d-1d32-452a-979f-1784bc2eb25e, queue size before: 0)
2026-01-22 12:56:39,468 - DEBUG - ag_ui_adk.adk_agent - Event queued: TextMessageContentEvent (thread 8370759d-1d32-452a-979f-1784bc2eb25e, queue size after: 1)
2026-01-22 12:56:39,470 - DEBUG - ag_ui_adk.adk_agent - Emitting event to queue: TextMessageContentEvent (thread 8370759d-1d32-452a-979f-1784bc2eb25e, queue size before: 1)
2026-01-22 12:56:39,470 - DEBUG - ag_ui_adk.adk_agent - Event queued: TextMessageContentEvent (thread 8370759d-1d32-452a-979f-1784bc2eb25e, queue size after: 2)
2026-01-22 12:56:39,473 - DEBUG - ag_ui_adk.adk_agent - Emitting event to queue: TextMessageContentEvent (thread 8370759d-1d32-452a-979f-1784bc2eb25e, queue size before: 2)
2026-01-22 12:56:39,473 - DEBUG - ag_ui_adk.adk_agent - Event queued: TextMessageContentEvent (thread 8370759d-1d32-452a-979f-1784bc2eb25e, queue size after: 3)
2026-01-22 12:56:39,476 - DEBUG - ag_ui_adk.adk_agent - Emitting event to queue: TextMessageContentEvent (thread 8370759d-1d32-452a-979f-1784bc2eb25e, queue size before: 3)
2026-01-22 12:56:39,476 - DEBUG - ag_ui_adk.adk_agent - Event queued: TextMessageContentEvent (thread 8370759d-1d32-452a-979f-1784bc2eb25e, queue size after: 4)
2026-01-22 12:56:39,477 - DEBUG - ag_ui_adk.adk_agent - Emitting event to queue: TextMessageContentEvent (thread 8370759d-1d32-452a-979f-1784bc2eb25e, queue size before: 4)
2026-01-22 12:56:39,477 - DEBUG - ag_ui_adk.adk_agent - Event queued: TextMessageContentEvent (thread 8370759d-1d32-452a-979f-1784bc2eb25e, queue size after: 5)
2026-01-22 12:56:39,477 - DEBUG - ag_ui_adk.adk_agent - Emitting event to queue: TextMessageContentEvent (thread 8370759d-1d32-452a-979f-1784bc2eb25e, queue size before: 5)
2026-01-22 12:56:39,477 - DEBUG - ag_ui_adk.adk_agent - Event queued: TextMessageContentEvent (thread 8370759d-1d32-452a-979f-1784bc2eb25e, queue size after: 6)
2026-01-22 12:56:39,478 - DEBUG - ag_ui_adk.adk_agent - Emitting event to queue: TextMessageContentEvent (thread 8370759d-1d32-452a-979f-1784bc2eb25e, queue size before: 6)
2026-01-22 12:56:39,478 - DEBUG - ag_ui_adk.adk_agent - Event queued: TextMessageContentEvent (thread 8370759d-1d32-452a-979f-1784bc2eb25e, queue size after: 7)
2026-01-22 12:56:39,478 - DEBUG - ag_ui_adk.adk_agent - Emitting event to queue: TextMessageContentEvent (thread 8370759d-1d32-452a-979f-1784bc2eb25e, queue size before: 7)
2026-01-22 12:56:39,478 - DEBUG - ag_ui_adk.adk_agent - Event queued: TextMessageContentEvent (thread 8370759d-1d32-452a-979f-1784bc2eb25e, queue size after: 8)
2026-01-22 12:56:39,479 - DEBUG - ag_ui_adk.adk_agent - Emitting event to queue: TextMessageContentEvent (thread 8370759d-1d32-452a-979f-1784bc2eb25e, queue size before: 8)
2026-01-22 12:56:39,479 - DEBUG - ag_ui_adk.adk_agent - Event queued: TextMessageContentEvent (thread 8370759d-1d32-452a-979f-1784bc2eb25e, queue size after: 9)
2026-01-22 12:56:39,479 - DEBUG - ag_ui_adk.adk_agent - Emitting event to queue: TextMessageContentEvent (thread 8370759d-1d32-452a-979f-1784bc2eb25e, queue size before: 9)
2026-01-22 12:56:39,479 - DEBUG - ag_ui_adk.adk_agent - Event queued: TextMessageContentEvent (thread 8370759d-1d32-452a-979f-1784bc2eb25e, queue size after: 10)
2026-01-22 12:56:39,480 - DEBUG - ag_ui_adk.adk_agent - Emitting event to queue: TextMessageContentEvent (thread 8370759d-1d32-452a-979f-1784bc2eb25e, queue size before: 10)
2026-01-22 12:56:39,480 - DEBUG - ag_ui_adk.adk_agent - Event queued: TextMessageContentEvent (thread 8370759d-1d32-452a-979f-1784bc2eb25e, queue size after: 11)
2026-01-22 12:56:39,481 - DEBUG - ag_ui_adk.adk_agent - Emitting event to queue: TextMessageContentEvent (thread 8370759d-1d32-452a-979f-1784bc2eb25e, queue size before: 11)
2026-01-22 12:56:39,481 - DEBUG - ag_ui_adk.adk_agent - Event queued: TextMessageContentEvent (thread 8370759d-1d32-452a-979f-1784bc2eb25e, queue size after: 12)
2026-01-22 12:56:39,482 - DEBUG - ag_ui_adk.adk_agent - Emitting event to queue: TextMessageContentEvent (thread 8370759d-1d32-452a-979f-1784bc2eb25e, queue size before: 12)
2026-01-22 12:56:39,482 - DEBUG - ag_ui_adk.adk_agent - Event queued: TextMessageContentEvent (thread 8370759d-1d32-452a-979f-1784bc2eb25e, queue size after: 13)
2026-01-22 12:56:39,483 - DEBUG - ag_ui_adk.adk_agent - Emitting event to queue: TextMessageContentEvent (thread 8370759d-1d32-452a-979f-1784bc2eb25e, queue size before: 13)
2026-01-22 12:56:39,483 - DEBUG - ag_ui_adk.adk_agent - Event queued: TextMessageContentEvent (thread 8370759d-1d32-452a-979f-1784bc2eb25e, queue size after: 14)
2026-01-22 12:56:39,483 - DEBUG - ag_ui_adk.adk_agent - Got event #194 from queue: TextMessageContentEvent (thread 8370759d-1d32-452a-979f-1784bc2eb25e)
2026-01-22 12:56:39,483 - DEBUG - ag_ui_adk.adk_agent - Streaming event #194: TextMessageContentEvent (thread 8370759d-1d32-452a-979f-1784bc2eb25e)
2026-01-22 12:56:39,483 - DEBUG - ag_ui_adk.adk_agent - Yielding event: TextMessageContentEvent
2026-01-22 12:56:39,483 - DEBUG - ag_ui_adk.endpoint - HTTP Response: data: {"type":"TEXT_MESSAGE_CONTENT","messageId":"902bc37c-9d09-40e5-b3f7-57e6d4715d11","delta":"m"}


2026-01-22 12:56:39,484 - DEBUG - ag_ui_adk.adk_agent - Waiting for event from queue (thread 8370759d-1d32-452a-979f-1784bc2eb25e, queue size: 13)
2026-01-22 12:56:39,484 - DEBUG - ag_ui_adk.adk_agent - Got event #195 from queue: TextMessageContentEvent (thread 8370759d-1d32-452a-979f-1784bc2eb25e)
2026-01-22 12:56:39,484 - DEBUG - ag_ui_adk.adk_agent - Streaming event #195: TextMessageContentEvent (thread 8370759d-1d32-452a-979f-1784bc2eb25e)
2026-01-22 12:56:39,484 - DEBUG - ag_ui_adk.adk_agent - Yielding event: TextMessageContentEvent
2026-01-22 12:56:39,484 - DEBUG - ag_ui_adk.endpoint - HTTP Response: data: {"type":"TEXT_MESSAGE_CONTENT","messageId":"902bc37c-9d09-40e5-b3f7-57e6d4715d11","delta":" —"}


2026-01-22 12:56:39,484 - DEBUG - ag_ui_adk.adk_agent - Waiting for event from queue (thread 8370759d-1d32-452a-979f-1784bc2eb25e, queue size: 12)
2026-01-22 12:56:39,484 - DEBUG - ag_ui_adk.adk_agent - Got event #196 from queue: TextMessageContentEvent (thread 8370759d-1d32-452a-979f-1784bc2eb25e)
2026-01-22 12:56:39,484 - DEBUG - ag_ui_adk.adk_agent - Streaming event #196: TextMessageContentEvent (thread 8370759d-1d32-452a-979f-1784bc2eb25e)
2026-01-22 12:56:39,484 - DEBUG - ag_ui_adk.adk_agent - Yielding event: TextMessageContentEvent
2026-01-22 12:56:39,484 - DEBUG - ag_ui_adk.endpoint - HTTP Response: data: {"type":"TEXT_MESSAGE_CONTENT","messageId":"902bc37c-9d09-40e5-b3f7-57e6d4715d11","delta":" Quantity"}


2026-01-22 12:56:39,484 - DEBUG - ag_ui_adk.adk_agent - Waiting for event from queue (thread 8370759d-1d32-452a-979f-1784bc2eb25e, queue size: 11)
2026-01-22 12:56:39,485 - DEBUG - ag_ui_adk.adk_agent - Got event #197 from queue: TextMessageContentEvent (thread 8370759d-1d32-452a-979f-1784bc2eb25e)
2026-01-22 12:56:39,485 - DEBUG - ag_ui_adk.adk_agent - Streaming event #197: TextMessageContentEvent (thread 8370759d-1d32-452a-979f-1784bc2eb25e)
2026-01-22 12:56:39,485 - DEBUG - ag_ui_adk.adk_agent - Yielding event: TextMessageContentEvent
2026-01-22 12:56:39,485 - DEBUG - ag_ui_adk.endpoint - HTTP Response: data: {"type":"TEXT_MESSAGE_CONTENT","messageId":"902bc37c-9d09-40e5-b3f7-57e6d4715d11","delta":":"}


2026-01-22 12:56:39,485 - DEBUG - ag_ui_adk.adk_agent - Waiting for event from queue (thread 8370759d-1d32-452a-979f-1784bc2eb25e, queue size: 10)
2026-01-22 12:56:39,485 - DEBUG - ag_ui_adk.adk_agent - Got event #198 from queue: TextMessageContentEvent (thread 8370759d-1d32-452a-979f-1784bc2eb25e)
2026-01-22 12:56:39,485 - DEBUG - ag_ui_adk.adk_agent - Streaming event #198: TextMessageContentEvent (thread 8370759d-1d32-452a-979f-1784bc2eb25e)
2026-01-22 12:56:39,485 - DEBUG - ag_ui_adk.adk_agent - Yielding event: TextMessageContentEvent
2026-01-22 12:56:39,485 - DEBUG - ag_ui_adk.endpoint - HTTP Response: data: {"type":"TEXT_MESSAGE_CONTENT","messageId":"902bc37c-9d09-40e5-b3f7-57e6d4715d11","delta":" "}


2026-01-22 12:56:39,485 - DEBUG - ag_ui_adk.adk_agent - Waiting for event from queue (thread 8370759d-1d32-452a-979f-1784bc2eb25e, queue size: 9)
2026-01-22 12:56:39,485 - DEBUG - ag_ui_adk.adk_agent - Got event #199 from queue: TextMessageContentEvent (thread 8370759d-1d32-452a-979f-1784bc2eb25e)
2026-01-22 12:56:39,485 - DEBUG - ag_ui_adk.adk_agent - Streaming event #199: TextMessageContentEvent (thread 8370759d-1d32-452a-979f-1784bc2eb25e)
2026-01-22 12:56:39,485 - DEBUG - ag_ui_adk.adk_agent - Yielding event: TextMessageContentEvent
2026-01-22 12:56:39,485 - DEBUG - ag_ui_adk.endpoint - HTTP Response: data: {"type":"TEXT_MESSAGE_CONTENT","messageId":"902bc37c-9d09-40e5-b3f7-57e6d4715d11","delta":"0"}


2026-01-22 12:56:39,485 - DEBUG - ag_ui_adk.adk_agent - Waiting for event from queue (thread 8370759d-1d32-452a-979f-1784bc2eb25e, queue size: 8)
2026-01-22 12:56:39,485 - DEBUG - ag_ui_adk.adk_agent - Got event #200 from queue: TextMessageContentEvent (thread 8370759d-1d32-452a-979f-1784bc2eb25e)
2026-01-22 12:56:39,485 - DEBUG - ag_ui_adk.adk_agent - Streaming event #200: TextMessageContentEvent (thread 8370759d-1d32-452a-979f-1784bc2eb25e)
2026-01-22 12:56:39,485 - DEBUG - ag_ui_adk.adk_agent - Yielding event: TextMessageContentEvent
2026-01-22 12:56:39,485 - DEBUG - ag_ui_adk.endpoint - HTTP Response: data: {"type":"TEXT_MESSAGE_CONTENT","messageId":"902bc37c-9d09-40e5-b3f7-57e6d4715d11","delta":" —"}


2026-01-22 12:56:39,485 - DEBUG - ag_ui_adk.adk_agent - Waiting for event from queue (thread 8370759d-1d32-452a-979f-1784bc2eb25e, queue size: 7)
2026-01-22 12:56:39,485 - DEBUG - ag_ui_adk.adk_agent - Got event #201 from queue: TextMessageContentEvent (thread 8370759d-1d32-452a-979f-1784bc2eb25e)
2026-01-22 12:56:39,486 - DEBUG - ag_ui_adk.adk_agent - Streaming event #201: TextMessageContentEvent (thread 8370759d-1d32-452a-979f-1784bc2eb25e)
2026-01-22 12:56:39,486 - DEBUG - ag_ui_adk.adk_agent - Yielding event: TextMessageContentEvent
2026-01-22 12:56:39,486 - DEBUG - ag_ui_adk.endpoint - HTTP Response: data: {"type":"TEXT_MESSAGE_CONTENT","messageId":"902bc37c-9d09-40e5-b3f7-57e6d4715d11","delta":" Location"}


2026-01-22 12:56:39,486 - DEBUG - ag_ui_adk.adk_agent - Waiting for event from queue (thread 8370759d-1d32-452a-979f-1784bc2eb25e, queue size: 6)
2026-01-22 12:56:39,486 - DEBUG - ag_ui_adk.adk_agent - Got event #202 from queue: TextMessageContentEvent (thread 8370759d-1d32-452a-979f-1784bc2eb25e)
2026-01-22 12:56:39,486 - DEBUG - ag_ui_adk.adk_agent - Streaming event #202: TextMessageContentEvent (thread 8370759d-1d32-452a-979f-1784bc2eb25e)
2026-01-22 12:56:39,486 - DEBUG - ag_ui_adk.adk_agent - Yielding event: TextMessageContentEvent
2026-01-22 12:56:39,486 - DEBUG - ag_ui_adk.endpoint - HTTP Response: data: {"type":"TEXT_MESSAGE_CONTENT","messageId":"902bc37c-9d09-40e5-b3f7-57e6d4715d11","delta":":"}


2026-01-22 12:56:39,486 - DEBUG - ag_ui_adk.adk_agent - Waiting for event from queue (thread 8370759d-1d32-452a-979f-1784bc2eb25e, queue size: 5)
2026-01-22 12:56:39,486 - DEBUG - ag_ui_adk.adk_agent - Got event #203 from queue: TextMessageContentEvent (thread 8370759d-1d32-452a-979f-1784bc2eb25e)
2026-01-22 12:56:39,486 - DEBUG - ag_ui_adk.adk_agent - Streaming event #203: TextMessageContentEvent (thread 8370759d-1d32-452a-979f-1784bc2eb25e)
2026-01-22 12:56:39,486 - DEBUG - ag_ui_adk.adk_agent - Yielding event: TextMessageContentEvent
2026-01-22 12:56:39,486 - DEBUG - ag_ui_adk.endpoint - HTTP Response: data: {"type":"TEXT_MESSAGE_CONTENT","messageId":"902bc37c-9d09-40e5-b3f7-57e6d4715d11","delta":" Warehouse"}


2026-01-22 12:56:39,486 - DEBUG - ag_ui_adk.adk_agent - Waiting for event from queue (thread 8370759d-1d32-452a-979f-1784bc2eb25e, queue size: 4)
2026-01-22 12:56:39,486 - DEBUG - ag_ui_adk.adk_agent - Got event #204 from queue: TextMessageContentEvent (thread 8370759d-1d32-452a-979f-1784bc2eb25e)
2026-01-22 12:56:39,486 - DEBUG - ag_ui_adk.adk_agent - Streaming event #204: TextMessageContentEvent (thread 8370759d-1d32-452a-979f-1784bc2eb25e)
2026-01-22 12:56:39,486 - DEBUG - ag_ui_adk.adk_agent - Yielding event: TextMessageContentEvent
2026-01-22 12:56:39,486 - DEBUG - ag_ui_adk.endpoint - HTTP Response: data: {"type":"TEXT_MESSAGE_CONTENT","messageId":"902bc37c-9d09-40e5-b3f7-57e6d4715d11","delta":" B"}


2026-01-22 12:56:39,486 - DEBUG - ag_ui_adk.adk_agent - Waiting for event from queue (thread 8370759d-1d32-452a-979f-1784bc2eb25e, queue size: 3)
2026-01-22 12:56:39,486 - DEBUG - ag_ui_adk.adk_agent - Got event #205 from queue: TextMessageContentEvent (thread 8370759d-1d32-452a-979f-1784bc2eb25e)
2026-01-22 12:56:39,486 - DEBUG - ag_ui_adk.adk_agent - Streaming event #205: TextMessageContentEvent (thread 8370759d-1d32-452a-979f-1784bc2eb25e)
2026-01-22 12:56:39,486 - DEBUG - ag_ui_adk.adk_agent - Yielding event: TextMessageContentEvent
2026-01-22 12:56:39,486 - DEBUG - ag_ui_adk.endpoint - HTTP Response: data: {"type":"TEXT_MESSAGE_CONTENT","messageId":"902bc37c-9d09-40e5-b3f7-57e6d4715d11","delta":"\n"}


2026-01-22 12:56:39,486 - DEBUG - ag_ui_adk.adk_agent - Waiting for event from queue (thread 8370759d-1d32-452a-979f-1784bc2eb25e, queue size: 2)
2026-01-22 12:56:39,486 - DEBUG - ag_ui_adk.adk_agent - Got event #206 from queue: TextMessageContentEvent (thread 8370759d-1d32-452a-979f-1784bc2eb25e)
2026-01-22 12:56:39,486 - DEBUG - ag_ui_adk.adk_agent - Streaming event #206: TextMessageContentEvent (thread 8370759d-1d32-452a-979f-1784bc2eb25e)
2026-01-22 12:56:39,486 - DEBUG - ag_ui_adk.adk_agent - Yielding event: TextMessageContentEvent
2026-01-22 12:56:39,486 - DEBUG - ag_ui_adk.endpoint - HTTP Response: data: {"type":"TEXT_MESSAGE_CONTENT","messageId":"902bc37c-9d09-40e5-b3f7-57e6d4715d11","delta":"-"}


2026-01-22 12:56:39,486 - DEBUG - ag_ui_adk.adk_agent - Waiting for event from queue (thread 8370759d-1d32-452a-979f-1784bc2eb25e, queue size: 1)
2026-01-22 12:56:39,486 - DEBUG - ag_ui_adk.adk_agent - Got event #207 from queue: TextMessageContentEvent (thread 8370759d-1d32-452a-979f-1784bc2eb25e)
2026-01-22 12:56:39,486 - DEBUG - ag_ui_adk.adk_agent - Streaming event #207: TextMessageContentEvent (thread 8370759d-1d32-452a-979f-1784bc2eb25e)
2026-01-22 12:56:39,486 - DEBUG - ag_ui_adk.adk_agent - Yielding event: TextMessageContentEvent
2026-01-22 12:56:39,486 - DEBUG - ag_ui_adk.endpoint - HTTP Response: data: {"type":"TEXT_MESSAGE_CONTENT","messageId":"902bc37c-9d09-40e5-b3f7-57e6d4715d11","delta":" SKU"}


2026-01-22 12:56:39,486 - DEBUG - ag_ui_adk.adk_agent - Waiting for event from queue (thread 8370759d-1d32-452a-979f-1784bc2eb25e, queue size: 0)
2026-01-22 12:56:39,487 - DEBUG - ag_ui_adk.adk_agent - Emitting event to queue: TextMessageContentEvent (thread 8370759d-1d32-452a-979f-1784bc2eb25e, queue size before: 0)
2026-01-22 12:56:39,487 - DEBUG - ag_ui_adk.adk_agent - Event queued: TextMessageContentEvent (thread 8370759d-1d32-452a-979f-1784bc2eb25e, queue size after: 1)
2026-01-22 12:56:39,488 - DEBUG - ag_ui_adk.adk_agent - Emitting event to queue: TextMessageContentEvent (thread 8370759d-1d32-452a-979f-1784bc2eb25e, queue size before: 1)
2026-01-22 12:56:39,488 - DEBUG - ag_ui_adk.adk_agent - Event queued: TextMessageContentEvent (thread 8370759d-1d32-452a-979f-1784bc2eb25e, queue size after: 2)
2026-01-22 12:56:39,488 - DEBUG - ag_ui_adk.adk_agent - Emitting event to queue: TextMessageContentEvent (thread 8370759d-1d32-452a-979f-1784bc2eb25e, queue size before: 2)
2026-01-22 12:56:39,488 - DEBUG - ag_ui_adk.adk_agent - Event queued: TextMessageContentEvent (thread 8370759d-1d32-452a-979f-1784bc2eb25e, queue size after: 3)
2026-01-22 12:56:39,489 - DEBUG - ag_ui_adk.adk_agent - Emitting event to queue: TextMessageContentEvent (thread 8370759d-1d32-452a-979f-1784bc2eb25e, queue size before: 3)
2026-01-22 12:56:39,489 - DEBUG - ag_ui_adk.adk_agent - Event queued: TextMessageContentEvent (thread 8370759d-1d32-452a-979f-1784bc2eb25e, queue size after: 4)
2026-01-22 12:56:39,489 - DEBUG - ag_ui_adk.adk_agent - Emitting event to queue: TextMessageContentEvent (thread 8370759d-1d32-452a-979f-1784bc2eb25e, queue size before: 4)
2026-01-22 12:56:39,489 - DEBUG - ag_ui_adk.adk_agent - Event queued: TextMessageContentEvent (thread 8370759d-1d32-452a-979f-1784bc2eb25e, queue size after: 5)
2026-01-22 12:56:39,490 - DEBUG - ag_ui_adk.adk_agent - Emitting event to queue: TextMessageContentEvent (thread 8370759d-1d32-452a-979f-1784bc2eb25e, queue size before: 5)
2026-01-22 12:56:39,490 - DEBUG - ag_ui_adk.adk_agent - Event queued: TextMessageContentEvent (thread 8370759d-1d32-452a-979f-1784bc2eb25e, queue size after: 6)
2026-01-22 12:56:39,491 - DEBUG - ag_ui_adk.adk_agent - Emitting event to queue: TextMessageContentEvent (thread 8370759d-1d32-452a-979f-1784bc2eb25e, queue size before: 6)
2026-01-22 12:56:39,491 - DEBUG - ag_ui_adk.adk_agent - Event queued: TextMessageContentEvent (thread 8370759d-1d32-452a-979f-1784bc2eb25e, queue size after: 7)
2026-01-22 12:56:39,491 - DEBUG - ag_ui_adk.adk_agent - Emitting event to queue: TextMessageContentEvent (thread 8370759d-1d32-452a-979f-1784bc2eb25e, queue size before: 7)
2026-01-22 12:56:39,491 - DEBUG - ag_ui_adk.adk_agent - Event queued: TextMessageContentEvent (thread 8370759d-1d32-452a-979f-1784bc2eb25e, queue size after: 8)
2026-01-22 12:56:39,492 - DEBUG - ag_ui_adk.adk_agent - Emitting event to queue: TextMessageContentEvent (thread 8370759d-1d32-452a-979f-1784bc2eb25e, queue size before: 8)
2026-01-22 12:56:39,492 - DEBUG - ag_ui_adk.adk_agent - Event queued: TextMessageContentEvent (thread 8370759d-1d32-452a-979f-1784bc2eb25e, queue size after: 9)
2026-01-22 12:56:39,492 - DEBUG - ag_ui_adk.adk_agent - Emitting event to queue: TextMessageContentEvent (thread 8370759d-1d32-452a-979f-1784bc2eb25e, queue size before: 9)
2026-01-22 12:56:39,492 - DEBUG - ag_ui_adk.adk_agent - Event queued: TextMessageContentEvent (thread 8370759d-1d32-452a-979f-1784bc2eb25e, queue size after: 10)
2026-01-22 12:56:39,493 - DEBUG - ag_ui_adk.adk_agent - Emitting event to queue: TextMessageContentEvent (thread 8370759d-1d32-452a-979f-1784bc2eb25e, queue size before: 10)
2026-01-22 12:56:39,493 - DEBUG - ag_ui_adk.adk_agent - Event queued: TextMessageContentEvent (thread 8370759d-1d32-452a-979f-1784bc2eb25e, queue size after: 11)
2026-01-22 12:56:39,493 - DEBUG - ag_ui_adk.adk_agent - Emitting event to queue: TextMessageContentEvent (thread 8370759d-1d32-452a-979f-1784bc2eb25e, queue size before: 11)
2026-01-22 12:56:39,493 - DEBUG - ag_ui_adk.adk_agent - Event queued: TextMessageContentEvent (thread 8370759d-1d32-452a-979f-1784bc2eb25e, queue size after: 12)
2026-01-22 12:56:39,493 - DEBUG - ag_ui_adk.adk_agent - Emitting event to queue: TextMessageContentEvent (thread 8370759d-1d32-452a-979f-1784bc2eb25e, queue size before: 12)
2026-01-22 12:56:39,493 - DEBUG - ag_ui_adk.adk_agent - Event queued: TextMessageContentEvent (thread 8370759d-1d32-452a-979f-1784bc2eb25e, queue size after: 13)
2026-01-22 12:56:39,494 - DEBUG - ag_ui_adk.adk_agent - Emitting event to queue: TextMessageContentEvent (thread 8370759d-1d32-452a-979f-1784bc2eb25e, queue size before: 13)
2026-01-22 12:56:39,494 - DEBUG - ag_ui_adk.adk_agent - Event queued: TextMessageContentEvent (thread 8370759d-1d32-452a-979f-1784bc2eb25e, queue size after: 14)
2026-01-22 12:56:39,494 - DEBUG - ag_ui_adk.adk_agent - Emitting event to queue: TextMessageContentEvent (thread 8370759d-1d32-452a-979f-1784bc2eb25e, queue size before: 14)
2026-01-22 12:56:39,494 - DEBUG - ag_ui_adk.adk_agent - Event queued: TextMessageContentEvent (thread 8370759d-1d32-452a-979f-1784bc2eb25e, queue size after: 15)
2026-01-22 12:56:39,495 - DEBUG - ag_ui_adk.adk_agent - Emitting event to queue: TextMessageContentEvent (thread 8370759d-1d32-452a-979f-1784bc2eb25e, queue size before: 15)
2026-01-22 12:56:39,496 - DEBUG - ag_ui_adk.adk_agent - Event queued: TextMessageContentEvent (thread 8370759d-1d32-452a-979f-1784bc2eb25e, queue size after: 16)
2026-01-22 12:56:39,496 - DEBUG - ag_ui_adk.adk_agent - Emitting event to queue: TextMessageContentEvent (thread 8370759d-1d32-452a-979f-1784bc2eb25e, queue size before: 16)
2026-01-22 12:56:39,496 - DEBUG - ag_ui_adk.adk_agent - Event queued: TextMessageContentEvent (thread 8370759d-1d32-452a-979f-1784bc2eb25e, queue size after: 17)
2026-01-22 12:56:39,497 - DEBUG - ag_ui_adk.adk_agent - Emitting event to queue: TextMessageContentEvent (thread 8370759d-1d32-452a-979f-1784bc2eb25e, queue size before: 17)
2026-01-22 12:56:39,497 - DEBUG - ag_ui_adk.adk_agent - Event queued: TextMessageContentEvent (thread 8370759d-1d32-452a-979f-1784bc2eb25e, queue size after: 18)
2026-01-22 12:56:39,497 - DEBUG - ag_ui_adk.adk_agent - Emitting event to queue: TextMessageContentEvent (thread 8370759d-1d32-452a-979f-1784bc2eb25e, queue size before: 18)
2026-01-22 12:56:39,497 - DEBUG - ag_ui_adk.adk_agent - Event queued: TextMessageContentEvent (thread 8370759d-1d32-452a-979f-1784bc2eb25e, queue size after: 19)
2026-01-22 12:56:39,498 - DEBUG - ag_ui_adk.adk_agent - Emitting event to queue: TextMessageContentEvent (thread 8370759d-1d32-452a-979f-1784bc2eb25e, queue size before: 19)
2026-01-22 12:56:39,498 - DEBUG - ag_ui_adk.adk_agent - Event queued: TextMessageContentEvent (thread 8370759d-1d32-452a-979f-1784bc2eb25e, queue size after: 20)
2026-01-22 12:56:39,498 - DEBUG - ag_ui_adk.adk_agent - Emitting event to queue: TextMessageContentEvent (thread 8370759d-1d32-452a-979f-1784bc2eb25e, queue size before: 20)
2026-01-22 12:56:39,498 - DEBUG - ag_ui_adk.adk_agent - Event queued: TextMessageContentEvent (thread 8370759d-1d32-452a-979f-1784bc2eb25e, queue size after: 21)
2026-01-22 12:56:39,499 - DEBUG - ag_ui_adk.adk_agent - Emitting event to queue: TextMessageContentEvent (thread 8370759d-1d32-452a-979f-1784bc2eb25e, queue size before: 21)
2026-01-22 12:56:39,499 - DEBUG - ag_ui_adk.adk_agent - Event queued: TextMessageContentEvent (thread 8370759d-1d32-452a-979f-1784bc2eb25e, queue size after: 22)
2026-01-22 12:56:39,499 - DEBUG - ag_ui_adk.adk_agent - Emitting event to queue: TextMessageContentEvent (thread 8370759d-1d32-452a-979f-1784bc2eb25e, queue size before: 22)
2026-01-22 12:56:39,499 - DEBUG - ag_ui_adk.adk_agent - Event queued: TextMessageContentEvent (thread 8370759d-1d32-452a-979f-1784bc2eb25e, queue size after: 23)
2026-01-22 12:56:39,499 - DEBUG - ag_ui_adk.adk_agent - Emitting event to queue: TextMessageContentEvent (thread 8370759d-1d32-452a-979f-1784bc2eb25e, queue size before: 23)
2026-01-22 12:56:39,500 - DEBUG - ag_ui_adk.adk_agent - Event queued: TextMessageContentEvent (thread 8370759d-1d32-452a-979f-1784bc2eb25e, queue size after: 24)
2026-01-22 12:56:39,500 - DEBUG - ag_ui_adk.adk_agent - Emitting event to queue: TextMessageContentEvent (thread 8370759d-1d32-452a-979f-1784bc2eb25e, queue size before: 24)
2026-01-22 12:56:39,500 - DEBUG - ag_ui_adk.adk_agent - Event queued: TextMessageContentEvent (thread 8370759d-1d32-452a-979f-1784bc2eb25e, queue size after: 25)
2026-01-22 12:56:39,501 - DEBUG - ag_ui_adk.adk_agent - Emitting event to queue: TextMessageContentEvent (thread 8370759d-1d32-452a-979f-1784bc2eb25e, queue size before: 25)
2026-01-22 12:56:39,501 - DEBUG - ag_ui_adk.adk_agent - Event queued: TextMessageContentEvent (thread 8370759d-1d32-452a-979f-1784bc2eb25e, queue size after: 26)
2026-01-22 12:56:39,502 - DEBUG - ag_ui_adk.adk_agent - Emitting event to queue: TextMessageContentEvent (thread 8370759d-1d32-452a-979f-1784bc2eb25e, queue size before: 26)
2026-01-22 12:56:39,502 - DEBUG - ag_ui_adk.adk_agent - Event queued: TextMessageContentEvent (thread 8370759d-1d32-452a-979f-1784bc2eb25e, queue size after: 27)
2026-01-22 12:56:39,502 - DEBUG - ag_ui_adk.adk_agent - Emitting event to queue: TextMessageContentEvent (thread 8370759d-1d32-452a-979f-1784bc2eb25e, queue size before: 27)
2026-01-22 12:56:39,502 - DEBUG - ag_ui_adk.adk_agent - Event queued: TextMessageContentEvent (thread 8370759d-1d32-452a-979f-1784bc2eb25e, queue size after: 28)
2026-01-22 12:56:39,503 - DEBUG - ag_ui_adk.adk_agent - Emitting event to queue: TextMessageContentEvent (thread 8370759d-1d32-452a-979f-1784bc2eb25e, queue size before: 28)
2026-01-22 12:56:39,503 - DEBUG - ag_ui_adk.adk_agent - Event queued: TextMessageContentEvent (thread 8370759d-1d32-452a-979f-1784bc2eb25e, queue size after: 29)
2026-01-22 12:56:39,503 - DEBUG - ag_ui_adk.adk_agent - Emitting event to queue: TextMessageContentEvent (thread 8370759d-1d32-452a-979f-1784bc2eb25e, queue size before: 29)
2026-01-22 12:56:39,503 - DEBUG - ag_ui_adk.adk_agent - Event queued: TextMessageContentEvent (thread 8370759d-1d32-452a-979f-1784bc2eb25e, queue size after: 30)
2026-01-22 12:56:39,504 - DEBUG - ag_ui_adk.adk_agent - Emitting event to queue: TextMessageContentEvent (thread 8370759d-1d32-452a-979f-1784bc2eb25e, queue size before: 30)
2026-01-22 12:56:39,504 - DEBUG - ag_ui_adk.adk_agent - Event queued: TextMessageContentEvent (thread 8370759d-1d32-452a-979f-1784bc2eb25e, queue size after: 31)
2026-01-22 12:56:39,504 - DEBUG - ag_ui_adk.adk_agent - Emitting event to queue: TextMessageContentEvent (thread 8370759d-1d32-452a-979f-1784bc2eb25e, queue size before: 31)
2026-01-22 12:56:39,504 - DEBUG - ag_ui_adk.adk_agent - Event queued: TextMessageContentEvent (thread 8370759d-1d32-452a-979f-1784bc2eb25e, queue size after: 32)
2026-01-22 12:56:39,505 - DEBUG - ag_ui_adk.adk_agent - Emitting event to queue: TextMessageContentEvent (thread 8370759d-1d32-452a-979f-1784bc2eb25e, queue size before: 32)
2026-01-22 12:56:39,505 - DEBUG - ag_ui_adk.adk_agent - Event queued: TextMessageContentEvent (thread 8370759d-1d32-452a-979f-1784bc2eb25e, queue size after: 33)
2026-01-22 12:56:39,506 - DEBUG - ag_ui_adk.adk_agent - Emitting event to queue: TextMessageContentEvent (thread 8370759d-1d32-452a-979f-1784bc2eb25e, queue size before: 33)
2026-01-22 12:56:39,506 - DEBUG - ag_ui_adk.adk_agent - Event queued: TextMessageContentEvent (thread 8370759d-1d32-452a-979f-1784bc2eb25e, queue size after: 34)
2026-01-22 12:56:39,513 - INFO - ag_ui_adk.event_translator - ⏭️ Final response event received. Closing active stream.
2026-01-22 12:56:39,514 - DEBUG - ag_ui_adk.adk_agent - Emitting event to queue: TextMessageEndEvent (thread 8370759d-1d32-452a-979f-1784bc2eb25e, queue size before: 34)
2026-01-22 12:56:39,514 - DEBUG - ag_ui_adk.adk_agent - Event queued: TextMessageEndEvent (thread 8370759d-1d32-452a-979f-1784bc2eb25e, queue size after: 35)
2026-01-22 12:56:39,514 - INFO - ag_ui_adk.event_translator - 🏁 Streaming completed via final response
2026-01-22 12:56:39,514 - DEBUG - ag_ui_adk.adk_agent - Background task sending completion signal for thread 8370759d-1d32-452a-979f-1784bc2eb25e
2026-01-22 12:56:39,514 - DEBUG - ag_ui_adk.adk_agent - Background task completion signal sent for thread 8370759d-1d32-452a-979f-1784bc2eb25e
2026-01-22 12:56:39,514 - DEBUG - ag_ui_adk.adk_agent - Got event #208 from queue: TextMessageContentEvent (thread 8370759d-1d32-452a-979f-1784bc2eb25e)
2026-01-22 12:56:39,514 - DEBUG - ag_ui_adk.adk_agent - Streaming event #208: TextMessageContentEvent (thread 8370759d-1d32-452a-979f-1784bc2eb25e)
2026-01-22 12:56:39,514 - DEBUG - ag_ui_adk.adk_agent - Yielding event: TextMessageContentEvent
2026-01-22 12:56:39,514 - DEBUG - ag_ui_adk.endpoint - HTTP Response: data: {"type":"TEXT_MESSAGE_CONTENT","messageId":"902bc37c-9d09-40e5-b3f7-57e6d4715d11","delta":":"}


2026-01-22 12:56:39,514 - DEBUG - ag_ui_adk.adk_agent - Waiting for event from queue (thread 8370759d-1d32-452a-979f-1784bc2eb25e, queue size: 36)
2026-01-22 12:56:39,514 - DEBUG - ag_ui_adk.adk_agent - Got event #209 from queue: TextMessageContentEvent (thread 8370759d-1d32-452a-979f-1784bc2eb25e)
2026-01-22 12:56:39,514 - DEBUG - ag_ui_adk.adk_agent - Streaming event #209: TextMessageContentEvent (thread 8370759d-1d32-452a-979f-1784bc2eb25e)
2026-01-22 12:56:39,514 - DEBUG - ag_ui_adk.adk_agent - Yielding event: TextMessageContentEvent
2026-01-22 12:56:39,514 - DEBUG - ag_ui_adk.endpoint - HTTP Response: data: {"type":"TEXT_MESSAGE_CONTENT","messageId":"902bc37c-9d09-40e5-b3f7-57e6d4715d11","delta":" C"}


2026-01-22 12:56:39,514 - DEBUG - ag_ui_adk.adk_agent - Waiting for event from queue (thread 8370759d-1d32-452a-979f-1784bc2eb25e, queue size: 35)
2026-01-22 12:56:39,514 - DEBUG - ag_ui_adk.adk_agent - Got event #210 from queue: TextMessageContentEvent (thread 8370759d-1d32-452a-979f-1784bc2eb25e)
2026-01-22 12:56:39,514 - DEBUG - ag_ui_adk.adk_agent - Streaming event #210: TextMessageContentEvent (thread 8370759d-1d32-452a-979f-1784bc2eb25e)
2026-01-22 12:56:39,514 - DEBUG - ag_ui_adk.adk_agent - Yielding event: TextMessageContentEvent
2026-01-22 12:56:39,514 - DEBUG - ag_ui_adk.endpoint - HTTP Response: data: {"type":"TEXT_MESSAGE_CONTENT","messageId":"902bc37c-9d09-40e5-b3f7-57e6d4715d11","delta":"789"}


2026-01-22 12:56:39,514 - DEBUG - ag_ui_adk.adk_agent - Waiting for event from queue (thread 8370759d-1d32-452a-979f-1784bc2eb25e, queue size: 34)
2026-01-22 12:56:39,514 - DEBUG - ag_ui_adk.adk_agent - Got event #211 from queue: TextMessageContentEvent (thread 8370759d-1d32-452a-979f-1784bc2eb25e)
2026-01-22 12:56:39,514 - DEBUG - ag_ui_adk.adk_agent - Streaming event #211: TextMessageContentEvent (thread 8370759d-1d32-452a-979f-1784bc2eb25e)
2026-01-22 12:56:39,514 - DEBUG - ag_ui_adk.adk_agent - Yielding event: TextMessageContentEvent
2026-01-22 12:56:39,515 - DEBUG - ag_ui_adk.endpoint - HTTP Response: data: {"type":"TEXT_MESSAGE_CONTENT","messageId":"902bc37c-9d09-40e5-b3f7-57e6d4715d11","delta":" —"}


2026-01-22 12:56:39,515 - DEBUG - ag_ui_adk.adk_agent - Waiting for event from queue (thread 8370759d-1d32-452a-979f-1784bc2eb25e, queue size: 33)
2026-01-22 12:56:39,515 - DEBUG - ag_ui_adk.adk_agent - Got event #212 from queue: TextMessageContentEvent (thread 8370759d-1d32-452a-979f-1784bc2eb25e)
2026-01-22 12:56:39,515 - DEBUG - ag_ui_adk.adk_agent - Streaming event #212: TextMessageContentEvent (thread 8370759d-1d32-452a-979f-1784bc2eb25e)
2026-01-22 12:56:39,515 - DEBUG - ag_ui_adk.adk_agent - Yielding event: TextMessageContentEvent
2026-01-22 12:56:39,515 - DEBUG - ag_ui_adk.endpoint - HTTP Response: data: {"type":"TEXT_MESSAGE_CONTENT","messageId":"902bc37c-9d09-40e5-b3f7-57e6d4715d11","delta":" Name"}


2026-01-22 12:56:39,515 - DEBUG - ag_ui_adk.adk_agent - Waiting for event from queue (thread 8370759d-1d32-452a-979f-1784bc2eb25e, queue size: 32)
2026-01-22 12:56:39,515 - DEBUG - ag_ui_adk.adk_agent - Got event #213 from queue: TextMessageContentEvent (thread 8370759d-1d32-452a-979f-1784bc2eb25e)
2026-01-22 12:56:39,515 - DEBUG - ag_ui_adk.adk_agent - Streaming event #213: TextMessageContentEvent (thread 8370759d-1d32-452a-979f-1784bc2eb25e)
2026-01-22 12:56:39,515 - DEBUG - ag_ui_adk.adk_agent - Yielding event: TextMessageContentEvent
2026-01-22 12:56:39,515 - DEBUG - ag_ui_adk.endpoint - HTTP Response: data: {"type":"TEXT_MESSAGE_CONTENT","messageId":"902bc37c-9d09-40e5-b3f7-57e6d4715d11","delta":":"}


2026-01-22 12:56:39,515 - DEBUG - ag_ui_adk.adk_agent - Waiting for event from queue (thread 8370759d-1d32-452a-979f-1784bc2eb25e, queue size: 31)
2026-01-22 12:56:39,515 - DEBUG - ag_ui_adk.adk_agent - Got event #214 from queue: TextMessageContentEvent (thread 8370759d-1d32-452a-979f-1784bc2eb25e)
2026-01-22 12:56:39,515 - DEBUG - ag_ui_adk.adk_agent - Streaming event #214: TextMessageContentEvent (thread 8370759d-1d32-452a-979f-1784bc2eb25e)
2026-01-22 12:56:39,515 - DEBUG - ag_ui_adk.adk_agent - Yielding event: TextMessageContentEvent
2026-01-22 12:56:39,515 - DEBUG - ag_ui_adk.endpoint - HTTP Response: data: {"type":"TEXT_MESSAGE_CONTENT","messageId":"902bc37c-9d09-40e5-b3f7-57e6d4715d11","delta":" Charger"}


2026-01-22 12:56:39,515 - DEBUG - ag_ui_adk.adk_agent - Waiting for event from queue (thread 8370759d-1d32-452a-979f-1784bc2eb25e, queue size: 30)
2026-01-22 12:56:39,515 - DEBUG - ag_ui_adk.adk_agent - Got event #215 from queue: TextMessageContentEvent (thread 8370759d-1d32-452a-979f-1784bc2eb25e)
2026-01-22 12:56:39,515 - DEBUG - ag_ui_adk.adk_agent - Streaming event #215: TextMessageContentEvent (thread 8370759d-1d32-452a-979f-1784bc2eb25e)
2026-01-22 12:56:39,515 - DEBUG - ag_ui_adk.adk_agent - Yielding event: TextMessageContentEvent
2026-01-22 12:56:39,515 - DEBUG - ag_ui_adk.endpoint - HTTP Response: data: {"type":"TEXT_MESSAGE_CONTENT","messageId":"902bc37c-9d09-40e5-b3f7-57e6d4715d11","delta":" USB"}


2026-01-22 12:56:39,515 - DEBUG - ag_ui_adk.adk_agent - Waiting for event from queue (thread 8370759d-1d32-452a-979f-1784bc2eb25e, queue size: 29)
2026-01-22 12:56:39,515 - DEBUG - ag_ui_adk.adk_agent - Got event #216 from queue: TextMessageContentEvent (thread 8370759d-1d32-452a-979f-1784bc2eb25e)
2026-01-22 12:56:39,515 - DEBUG - ag_ui_adk.adk_agent - Streaming event #216: TextMessageContentEvent (thread 8370759d-1d32-452a-979f-1784bc2eb25e)
2026-01-22 12:56:39,515 - DEBUG - ag_ui_adk.adk_agent - Yielding event: TextMessageContentEvent
2026-01-22 12:56:39,515 - DEBUG - ag_ui_adk.endpoint - HTTP Response: data: {"type":"TEXT_MESSAGE_CONTENT","messageId":"902bc37c-9d09-40e5-b3f7-57e6d4715d11","delta":"-C"}


2026-01-22 12:56:39,515 - DEBUG - ag_ui_adk.adk_agent - Waiting for event from queue (thread 8370759d-1d32-452a-979f-1784bc2eb25e, queue size: 28)
2026-01-22 12:56:39,515 - DEBUG - ag_ui_adk.adk_agent - Got event #217 from queue: TextMessageContentEvent (thread 8370759d-1d32-452a-979f-1784bc2eb25e)
2026-01-22 12:56:39,515 - DEBUG - ag_ui_adk.adk_agent - Streaming event #217: TextMessageContentEvent (thread 8370759d-1d32-452a-979f-1784bc2eb25e)
2026-01-22 12:56:39,515 - DEBUG - ag_ui_adk.adk_agent - Yielding event: TextMessageContentEvent
2026-01-22 12:56:39,515 - DEBUG - ag_ui_adk.endpoint - HTTP Response: data: {"type":"TEXT_MESSAGE_CONTENT","messageId":"902bc37c-9d09-40e5-b3f7-57e6d4715d11","delta":" —"}


2026-01-22 12:56:39,515 - DEBUG - ag_ui_adk.adk_agent - Waiting for event from queue (thread 8370759d-1d32-452a-979f-1784bc2eb25e, queue size: 27)
2026-01-22 12:56:39,515 - DEBUG - ag_ui_adk.adk_agent - Got event #218 from queue: TextMessageContentEvent (thread 8370759d-1d32-452a-979f-1784bc2eb25e)
2026-01-22 12:56:39,515 - DEBUG - ag_ui_adk.adk_agent - Streaming event #218: TextMessageContentEvent (thread 8370759d-1d32-452a-979f-1784bc2eb25e)
2026-01-22 12:56:39,515 - DEBUG - ag_ui_adk.adk_agent - Yielding event: TextMessageContentEvent
2026-01-22 12:56:39,515 - DEBUG - ag_ui_adk.endpoint - HTTP Response: data: {"type":"TEXT_MESSAGE_CONTENT","messageId":"902bc37c-9d09-40e5-b3f7-57e6d4715d11","delta":" Quantity"}


2026-01-22 12:56:39,515 - DEBUG - ag_ui_adk.adk_agent - Waiting for event from queue (thread 8370759d-1d32-452a-979f-1784bc2eb25e, queue size: 26)
2026-01-22 12:56:39,515 - DEBUG - ag_ui_adk.adk_agent - Got event #219 from queue: TextMessageContentEvent (thread 8370759d-1d32-452a-979f-1784bc2eb25e)
2026-01-22 12:56:39,515 - DEBUG - ag_ui_adk.adk_agent - Streaming event #219: TextMessageContentEvent (thread 8370759d-1d32-452a-979f-1784bc2eb25e)
2026-01-22 12:56:39,515 - DEBUG - ag_ui_adk.adk_agent - Yielding event: TextMessageContentEvent
2026-01-22 12:56:39,515 - DEBUG - ag_ui_adk.endpoint - HTTP Response: data: {"type":"TEXT_MESSAGE_CONTENT","messageId":"902bc37c-9d09-40e5-b3f7-57e6d4715d11","delta":":"}


2026-01-22 12:56:39,515 - DEBUG - ag_ui_adk.adk_agent - Waiting for event from queue (thread 8370759d-1d32-452a-979f-1784bc2eb25e, queue size: 25)
2026-01-22 12:56:39,515 - DEBUG - ag_ui_adk.adk_agent - Got event #220 from queue: TextMessageContentEvent (thread 8370759d-1d32-452a-979f-1784bc2eb25e)
2026-01-22 12:56:39,515 - DEBUG - ag_ui_adk.adk_agent - Streaming event #220: TextMessageContentEvent (thread 8370759d-1d32-452a-979f-1784bc2eb25e)
2026-01-22 12:56:39,515 - DEBUG - ag_ui_adk.adk_agent - Yielding event: TextMessageContentEvent
2026-01-22 12:56:39,515 - DEBUG - ag_ui_adk.endpoint - HTTP Response: data: {"type":"TEXT_MESSAGE_CONTENT","messageId":"902bc37c-9d09-40e5-b3f7-57e6d4715d11","delta":" "}


2026-01-22 12:56:39,515 - DEBUG - ag_ui_adk.adk_agent - Waiting for event from queue (thread 8370759d-1d32-452a-979f-1784bc2eb25e, queue size: 24)
2026-01-22 12:56:39,515 - DEBUG - ag_ui_adk.adk_agent - Got event #221 from queue: TextMessageContentEvent (thread 8370759d-1d32-452a-979f-1784bc2eb25e)
2026-01-22 12:56:39,515 - DEBUG - ag_ui_adk.adk_agent - Streaming event #221: TextMessageContentEvent (thread 8370759d-1d32-452a-979f-1784bc2eb25e)
2026-01-22 12:56:39,515 - DEBUG - ag_ui_adk.adk_agent - Yielding event: TextMessageContentEvent
2026-01-22 12:56:39,515 - DEBUG - ag_ui_adk.endpoint - HTTP Response: data: {"type":"TEXT_MESSAGE_CONTENT","messageId":"902bc37c-9d09-40e5-b3f7-57e6d4715d11","delta":"54"}


2026-01-22 12:56:39,515 - DEBUG - ag_ui_adk.adk_agent - Waiting for event from queue (thread 8370759d-1d32-452a-979f-1784bc2eb25e, queue size: 23)
2026-01-22 12:56:39,515 - DEBUG - ag_ui_adk.adk_agent - Got event #222 from queue: TextMessageContentEvent (thread 8370759d-1d32-452a-979f-1784bc2eb25e)
2026-01-22 12:56:39,515 - DEBUG - ag_ui_adk.adk_agent - Streaming event #222: TextMessageContentEvent (thread 8370759d-1d32-452a-979f-1784bc2eb25e)
2026-01-22 12:56:39,515 - DEBUG - ag_ui_adk.adk_agent - Yielding event: TextMessageContentEvent
2026-01-22 12:56:39,515 - DEBUG - ag_ui_adk.endpoint - HTTP Response: data: {"type":"TEXT_MESSAGE_CONTENT","messageId":"902bc37c-9d09-40e5-b3f7-57e6d4715d11","delta":" —"}


2026-01-22 12:56:39,515 - DEBUG - ag_ui_adk.adk_agent - Waiting for event from queue (thread 8370759d-1d32-452a-979f-1784bc2eb25e, queue size: 22)
2026-01-22 12:56:39,515 - DEBUG - ag_ui_adk.adk_agent - Got event #223 from queue: TextMessageContentEvent (thread 8370759d-1d32-452a-979f-1784bc2eb25e)
2026-01-22 12:56:39,515 - DEBUG - ag_ui_adk.adk_agent - Streaming event #223: TextMessageContentEvent (thread 8370759d-1d32-452a-979f-1784bc2eb25e)
2026-01-22 12:56:39,515 - DEBUG - ag_ui_adk.adk_agent - Yielding event: TextMessageContentEvent
2026-01-22 12:56:39,515 - DEBUG - ag_ui_adk.endpoint - HTTP Response: data: {"type":"TEXT_MESSAGE_CONTENT","messageId":"902bc37c-9d09-40e5-b3f7-57e6d4715d11","delta":" Location"}


2026-01-22 12:56:39,515 - DEBUG - ag_ui_adk.adk_agent - Waiting for event from queue (thread 8370759d-1d32-452a-979f-1784bc2eb25e, queue size: 21)
2026-01-22 12:56:39,515 - DEBUG - ag_ui_adk.adk_agent - Got event #224 from queue: TextMessageContentEvent (thread 8370759d-1d32-452a-979f-1784bc2eb25e)
2026-01-22 12:56:39,515 - DEBUG - ag_ui_adk.adk_agent - Streaming event #224: TextMessageContentEvent (thread 8370759d-1d32-452a-979f-1784bc2eb25e)
2026-01-22 12:56:39,515 - DEBUG - ag_ui_adk.adk_agent - Yielding event: TextMessageContentEvent
2026-01-22 12:56:39,515 - DEBUG - ag_ui_adk.endpoint - HTTP Response: data: {"type":"TEXT_MESSAGE_CONTENT","messageId":"902bc37c-9d09-40e5-b3f7-57e6d4715d11","delta":":"}


2026-01-22 12:56:39,515 - DEBUG - ag_ui_adk.adk_agent - Waiting for event from queue (thread 8370759d-1d32-452a-979f-1784bc2eb25e, queue size: 20)
2026-01-22 12:56:39,515 - DEBUG - ag_ui_adk.adk_agent - Got event #225 from queue: TextMessageContentEvent (thread 8370759d-1d32-452a-979f-1784bc2eb25e)
2026-01-22 12:56:39,515 - DEBUG - ag_ui_adk.adk_agent - Streaming event #225: TextMessageContentEvent (thread 8370759d-1d32-452a-979f-1784bc2eb25e)
2026-01-22 12:56:39,515 - DEBUG - ag_ui_adk.adk_agent - Yielding event: TextMessageContentEvent
2026-01-22 12:56:39,516 - DEBUG - ag_ui_adk.endpoint - HTTP Response: data: {"type":"TEXT_MESSAGE_CONTENT","messageId":"902bc37c-9d09-40e5-b3f7-57e6d4715d11","delta":" Store"}


2026-01-22 12:56:39,516 - DEBUG - ag_ui_adk.adk_agent - Waiting for event from queue (thread 8370759d-1d32-452a-979f-1784bc2eb25e, queue size: 19)
2026-01-22 12:56:39,516 - DEBUG - ag_ui_adk.adk_agent - Got event #226 from queue: TextMessageContentEvent (thread 8370759d-1d32-452a-979f-1784bc2eb25e)
2026-01-22 12:56:39,516 - DEBUG - ag_ui_adk.adk_agent - Streaming event #226: TextMessageContentEvent (thread 8370759d-1d32-452a-979f-1784bc2eb25e)
2026-01-22 12:56:39,516 - DEBUG - ag_ui_adk.adk_agent - Yielding event: TextMessageContentEvent
2026-01-22 12:56:39,516 - DEBUG - ag_ui_adk.endpoint - HTTP Response: data: {"type":"TEXT_MESSAGE_CONTENT","messageId":"902bc37c-9d09-40e5-b3f7-57e6d4715d11","delta":" #"}


2026-01-22 12:56:39,516 - DEBUG - ag_ui_adk.adk_agent - Waiting for event from queue (thread 8370759d-1d32-452a-979f-1784bc2eb25e, queue size: 18)
2026-01-22 12:56:39,516 - DEBUG - ag_ui_adk.adk_agent - Got event #227 from queue: TextMessageContentEvent (thread 8370759d-1d32-452a-979f-1784bc2eb25e)
2026-01-22 12:56:39,516 - DEBUG - ag_ui_adk.adk_agent - Streaming event #227: TextMessageContentEvent (thread 8370759d-1d32-452a-979f-1784bc2eb25e)
2026-01-22 12:56:39,516 - DEBUG - ag_ui_adk.adk_agent - Yielding event: TextMessageContentEvent
2026-01-22 12:56:39,516 - DEBUG - ag_ui_adk.endpoint - HTTP Response: data: {"type":"TEXT_MESSAGE_CONTENT","messageId":"902bc37c-9d09-40e5-b3f7-57e6d4715d11","delta":"3"}


2026-01-22 12:56:39,516 - DEBUG - ag_ui_adk.adk_agent - Waiting for event from queue (thread 8370759d-1d32-452a-979f-1784bc2eb25e, queue size: 17)
2026-01-22 12:56:39,516 - DEBUG - ag_ui_adk.adk_agent - Got event #228 from queue: TextMessageContentEvent (thread 8370759d-1d32-452a-979f-1784bc2eb25e)
2026-01-22 12:56:39,516 - DEBUG - ag_ui_adk.adk_agent - Streaming event #228: TextMessageContentEvent (thread 8370759d-1d32-452a-979f-1784bc2eb25e)
2026-01-22 12:56:39,516 - DEBUG - ag_ui_adk.adk_agent - Yielding event: TextMessageContentEvent
2026-01-22 12:56:39,516 - DEBUG - ag_ui_adk.endpoint - HTTP Response: data: {"type":"TEXT_MESSAGE_CONTENT","messageId":"902bc37c-9d09-40e5-b3f7-57e6d4715d11","delta":"\n\n"}


2026-01-22 12:56:39,516 - DEBUG - ag_ui_adk.adk_agent - Waiting for event from queue (thread 8370759d-1d32-452a-979f-1784bc2eb25e, queue size: 16)
2026-01-22 12:56:39,516 - DEBUG - ag_ui_adk.adk_agent - Got event #229 from queue: TextMessageContentEvent (thread 8370759d-1d32-452a-979f-1784bc2eb25e)
2026-01-22 12:56:39,516 - DEBUG - ag_ui_adk.adk_agent - Streaming event #229: TextMessageContentEvent (thread 8370759d-1d32-452a-979f-1784bc2eb25e)
2026-01-22 12:56:39,516 - DEBUG - ag_ui_adk.adk_agent - Yielding event: TextMessageContentEvent
2026-01-22 12:56:39,516 - DEBUG - ag_ui_adk.endpoint - HTTP Response: data: {"type":"TEXT_MESSAGE_CONTENT","messageId":"902bc37c-9d09-40e5-b3f7-57e6d4715d11","delta":"Tell"}


2026-01-22 12:56:39,516 - DEBUG - ag_ui_adk.adk_agent - Waiting for event from queue (thread 8370759d-1d32-452a-979f-1784bc2eb25e, queue size: 15)
2026-01-22 12:56:39,516 - DEBUG - ag_ui_adk.adk_agent - Got event #230 from queue: TextMessageContentEvent (thread 8370759d-1d32-452a-979f-1784bc2eb25e)
2026-01-22 12:56:39,516 - DEBUG - ag_ui_adk.adk_agent - Streaming event #230: TextMessageContentEvent (thread 8370759d-1d32-452a-979f-1784bc2eb25e)
2026-01-22 12:56:39,516 - DEBUG - ag_ui_adk.adk_agent - Yielding event: TextMessageContentEvent
2026-01-22 12:56:39,516 - DEBUG - ag_ui_adk.endpoint - HTTP Response: data: {"type":"TEXT_MESSAGE_CONTENT","messageId":"902bc37c-9d09-40e5-b3f7-57e6d4715d11","delta":" me"}


2026-01-22 12:56:39,516 - DEBUG - ag_ui_adk.adk_agent - Waiting for event from queue (thread 8370759d-1d32-452a-979f-1784bc2eb25e, queue size: 14)
2026-01-22 12:56:39,516 - DEBUG - ag_ui_adk.adk_agent - Got event #231 from queue: TextMessageContentEvent (thread 8370759d-1d32-452a-979f-1784bc2eb25e)
2026-01-22 12:56:39,516 - DEBUG - ag_ui_adk.adk_agent - Streaming event #231: TextMessageContentEvent (thread 8370759d-1d32-452a-979f-1784bc2eb25e)
2026-01-22 12:56:39,516 - DEBUG - ag_ui_adk.adk_agent - Yielding event: TextMessageContentEvent
2026-01-22 12:56:39,516 - DEBUG - ag_ui_adk.endpoint - HTTP Response: data: {"type":"TEXT_MESSAGE_CONTENT","messageId":"902bc37c-9d09-40e5-b3f7-57e6d4715d11","delta":" the"}


2026-01-22 12:56:39,516 - DEBUG - ag_ui_adk.adk_agent - Waiting for event from queue (thread 8370759d-1d32-452a-979f-1784bc2eb25e, queue size: 13)
2026-01-22 12:56:39,516 - DEBUG - ag_ui_adk.adk_agent - Got event #232 from queue: TextMessageContentEvent (thread 8370759d-1d32-452a-979f-1784bc2eb25e)
2026-01-22 12:56:39,516 - DEBUG - ag_ui_adk.adk_agent - Streaming event #232: TextMessageContentEvent (thread 8370759d-1d32-452a-979f-1784bc2eb25e)
2026-01-22 12:56:39,516 - DEBUG - ag_ui_adk.adk_agent - Yielding event: TextMessageContentEvent
2026-01-22 12:56:39,516 - DEBUG - ag_ui_adk.endpoint - HTTP Response: data: {"type":"TEXT_MESSAGE_CONTENT","messageId":"902bc37c-9d09-40e5-b3f7-57e6d4715d11","delta":" source"}


2026-01-22 12:56:39,516 - DEBUG - ag_ui_adk.adk_agent - Waiting for event from queue (thread 8370759d-1d32-452a-979f-1784bc2eb25e, queue size: 12)
2026-01-22 12:56:39,516 - DEBUG - ag_ui_adk.adk_agent - Got event #233 from queue: TextMessageContentEvent (thread 8370759d-1d32-452a-979f-1784bc2eb25e)
2026-01-22 12:56:39,516 - DEBUG - ag_ui_adk.adk_agent - Streaming event #233: TextMessageContentEvent (thread 8370759d-1d32-452a-979f-1784bc2eb25e)
2026-01-22 12:56:39,516 - DEBUG - ag_ui_adk.adk_agent - Yielding event: TextMessageContentEvent
2026-01-22 12:56:39,516 - DEBUG - ag_ui_adk.endpoint - HTTP Response: data: {"type":"TEXT_MESSAGE_CONTENT","messageId":"902bc37c-9d09-40e5-b3f7-57e6d4715d11","delta":" and"}


2026-01-22 12:56:39,516 - DEBUG - ag_ui_adk.adk_agent - Waiting for event from queue (thread 8370759d-1d32-452a-979f-1784bc2eb25e, queue size: 11)
2026-01-22 12:56:39,516 - DEBUG - ag_ui_adk.adk_agent - Got event #234 from queue: TextMessageContentEvent (thread 8370759d-1d32-452a-979f-1784bc2eb25e)
2026-01-22 12:56:39,516 - DEBUG - ag_ui_adk.adk_agent - Streaming event #234: TextMessageContentEvent (thread 8370759d-1d32-452a-979f-1784bc2eb25e)
2026-01-22 12:56:39,516 - DEBUG - ag_ui_adk.adk_agent - Yielding event: TextMessageContentEvent
2026-01-22 12:56:39,516 - DEBUG - ag_ui_adk.endpoint - HTTP Response: data: {"type":"TEXT_MESSAGE_CONTENT","messageId":"902bc37c-9d09-40e5-b3f7-57e6d4715d11","delta":" format"}


2026-01-22 12:56:39,516 - DEBUG - ag_ui_adk.adk_agent - Waiting for event from queue (thread 8370759d-1d32-452a-979f-1784bc2eb25e, queue size: 10)
2026-01-22 12:56:39,516 - DEBUG - ag_ui_adk.adk_agent - Got event #235 from queue: TextMessageContentEvent (thread 8370759d-1d32-452a-979f-1784bc2eb25e)
2026-01-22 12:56:39,516 - DEBUG - ag_ui_adk.adk_agent - Streaming event #235: TextMessageContentEvent (thread 8370759d-1d32-452a-979f-1784bc2eb25e)
2026-01-22 12:56:39,516 - DEBUG - ag_ui_adk.adk_agent - Yielding event: TextMessageContentEvent
2026-01-22 12:56:39,516 - DEBUG - ag_ui_adk.endpoint - HTTP Response: data: {"type":"TEXT_MESSAGE_CONTENT","messageId":"902bc37c-9d09-40e5-b3f7-57e6d4715d11","delta":" you"}


2026-01-22 12:56:39,516 - DEBUG - ag_ui_adk.adk_agent - Waiting for event from queue (thread 8370759d-1d32-452a-979f-1784bc2eb25e, queue size: 9)
2026-01-22 12:56:39,516 - DEBUG - ag_ui_adk.adk_agent - Got event #236 from queue: TextMessageContentEvent (thread 8370759d-1d32-452a-979f-1784bc2eb25e)
2026-01-22 12:56:39,516 - DEBUG - ag_ui_adk.adk_agent - Streaming event #236: TextMessageContentEvent (thread 8370759d-1d32-452a-979f-1784bc2eb25e)
2026-01-22 12:56:39,516 - DEBUG - ag_ui_adk.adk_agent - Yielding event: TextMessageContentEvent
2026-01-22 12:56:39,516 - DEBUG - ag_ui_adk.endpoint - HTTP Response: data: {"type":"TEXT_MESSAGE_CONTENT","messageId":"902bc37c-9d09-40e5-b3f7-57e6d4715d11","delta":" prefer"}


2026-01-22 12:56:39,516 - DEBUG - ag_ui_adk.adk_agent - Waiting for event from queue (thread 8370759d-1d32-452a-979f-1784bc2eb25e, queue size: 8)
2026-01-22 12:56:39,516 - DEBUG - ag_ui_adk.adk_agent - Got event #237 from queue: TextMessageContentEvent (thread 8370759d-1d32-452a-979f-1784bc2eb25e)
2026-01-22 12:56:39,516 - DEBUG - ag_ui_adk.adk_agent - Streaming event #237: TextMessageContentEvent (thread 8370759d-1d32-452a-979f-1784bc2eb25e)
2026-01-22 12:56:39,516 - DEBUG - ag_ui_adk.adk_agent - Yielding event: TextMessageContentEvent
2026-01-22 12:56:39,516 - DEBUG - ag_ui_adk.endpoint - HTTP Response: data: {"type":"TEXT_MESSAGE_CONTENT","messageId":"902bc37c-9d09-40e5-b3f7-57e6d4715d11","delta":" and"}


2026-01-22 12:56:39,516 - DEBUG - ag_ui_adk.adk_agent - Waiting for event from queue (thread 8370759d-1d32-452a-979f-1784bc2eb25e, queue size: 7)
2026-01-22 12:56:39,516 - DEBUG - ag_ui_adk.adk_agent - Got event #238 from queue: TextMessageContentEvent (thread 8370759d-1d32-452a-979f-1784bc2eb25e)
2026-01-22 12:56:39,516 - DEBUG - ag_ui_adk.adk_agent - Streaming event #238: TextMessageContentEvent (thread 8370759d-1d32-452a-979f-1784bc2eb25e)
2026-01-22 12:56:39,516 - DEBUG - ag_ui_adk.adk_agent - Yielding event: TextMessageContentEvent
2026-01-22 12:56:39,516 - DEBUG - ag_ui_adk.endpoint - HTTP Response: data: {"type":"TEXT_MESSAGE_CONTENT","messageId":"902bc37c-9d09-40e5-b3f7-57e6d4715d11","delta":" I"}


2026-01-22 12:56:39,516 - DEBUG - ag_ui_adk.adk_agent - Waiting for event from queue (thread 8370759d-1d32-452a-979f-1784bc2eb25e, queue size: 6)
2026-01-22 12:56:39,516 - DEBUG - ag_ui_adk.adk_agent - Got event #239 from queue: TextMessageContentEvent (thread 8370759d-1d32-452a-979f-1784bc2eb25e)
2026-01-22 12:56:39,516 - DEBUG - ag_ui_adk.adk_agent - Streaming event #239: TextMessageContentEvent (thread 8370759d-1d32-452a-979f-1784bc2eb25e)
2026-01-22 12:56:39,516 - DEBUG - ag_ui_adk.adk_agent - Yielding event: TextMessageContentEvent
2026-01-22 12:56:39,516 - DEBUG - ag_ui_adk.endpoint - HTTP Response: data: {"type":"TEXT_MESSAGE_CONTENT","messageId":"902bc37c-9d09-40e5-b3f7-57e6d4715d11","delta":"’ll"}


2026-01-22 12:56:39,516 - DEBUG - ag_ui_adk.adk_agent - Waiting for event from queue (thread 8370759d-1d32-452a-979f-1784bc2eb25e, queue size: 5)
2026-01-22 12:56:39,516 - DEBUG - ag_ui_adk.adk_agent - Got event #240 from queue: TextMessageContentEvent (thread 8370759d-1d32-452a-979f-1784bc2eb25e)
2026-01-22 12:56:39,516 - DEBUG - ag_ui_adk.adk_agent - Streaming event #240: TextMessageContentEvent (thread 8370759d-1d32-452a-979f-1784bc2eb25e)
2026-01-22 12:56:39,517 - DEBUG - ag_ui_adk.adk_agent - Yielding event: TextMessageContentEvent
2026-01-22 12:56:39,517 - DEBUG - ag_ui_adk.endpoint - HTTP Response: data: {"type":"TEXT_MESSAGE_CONTENT","messageId":"902bc37c-9d09-40e5-b3f7-57e6d4715d11","delta":" proceed"}


2026-01-22 12:56:39,517 - DEBUG - ag_ui_adk.adk_agent - Waiting for event from queue (thread 8370759d-1d32-452a-979f-1784bc2eb25e, queue size: 4)
2026-01-22 12:56:39,517 - DEBUG - ag_ui_adk.adk_agent - Got event #241 from queue: TextMessageContentEvent (thread 8370759d-1d32-452a-979f-1784bc2eb25e)
2026-01-22 12:56:39,517 - DEBUG - ag_ui_adk.adk_agent - Streaming event #241: TextMessageContentEvent (thread 8370759d-1d32-452a-979f-1784bc2eb25e)
2026-01-22 12:56:39,517 - DEBUG - ag_ui_adk.adk_agent - Yielding event: TextMessageContentEvent
2026-01-22 12:56:39,517 - DEBUG - ag_ui_adk.endpoint - HTTP Response: data: {"type":"TEXT_MESSAGE_CONTENT","messageId":"902bc37c-9d09-40e5-b3f7-57e6d4715d11","delta":"."}


2026-01-22 12:56:39,517 - DEBUG - ag_ui_adk.adk_agent - Waiting for event from queue (thread 8370759d-1d32-452a-979f-1784bc2eb25e, queue size: 3)
2026-01-22 12:56:39,517 - DEBUG - ag_ui_adk.adk_agent - Got event #242 from queue: TextMessageEndEvent (thread 8370759d-1d32-452a-979f-1784bc2eb25e)
2026-01-22 12:56:39,517 - DEBUG - ag_ui_adk.adk_agent - Streaming event #242: TextMessageEndEvent (thread 8370759d-1d32-452a-979f-1784bc2eb25e)
2026-01-22 12:56:39,517 - DEBUG - ag_ui_adk.adk_agent - Yielding event: TextMessageEndEvent
2026-01-22 12:56:39,517 - DEBUG - ag_ui_adk.endpoint - HTTP Response: data: {"type":"TEXT_MESSAGE_END","messageId":"902bc37c-9d09-40e5-b3f7-57e6d4715d11"}


2026-01-22 12:56:39,517 - DEBUG - ag_ui_adk.adk_agent - Waiting for event from queue (thread 8370759d-1d32-452a-979f-1784bc2eb25e, queue size: 2)
2026-01-22 12:56:39,517 - DEBUG - ag_ui_adk.adk_agent - Got event #243 from queue: StateSnapshotEvent (thread 8370759d-1d32-452a-979f-1784bc2eb25e)
2026-01-22 12:56:39,517 - DEBUG - ag_ui_adk.adk_agent - Streaming event #243: StateSnapshotEvent (thread 8370759d-1d32-452a-979f-1784bc2eb25e)
2026-01-22 12:56:39,517 - DEBUG - ag_ui_adk.adk_agent - Yielding event: StateSnapshotEvent
2026-01-22 12:56:39,517 - DEBUG - ag_ui_adk.endpoint - HTTP Response: data: {"type":"STATE_SNAPSHOT","snapshot":{"_ag_ui_thread_id":"8370759d-1d32-452a-979f-1784bc2eb25e","_ag_ui_app_name":"agents","_ag_ui_user_id":"demo_user"}}


2026-01-22 12:56:39,517 - DEBUG - ag_ui_adk.adk_agent - Waiting for event from queue (thread 8370759d-1d32-452a-979f-1784bc2eb25e, queue size: 1)
2026-01-22 12:56:39,517 - DEBUG - ag_ui_adk.adk_agent - Got event #244 from queue: None (thread 8370759d-1d32-452a-979f-1784bc2eb25e)
2026-01-22 12:56:39,517 - DEBUG - ag_ui_adk.adk_agent - Execution complete for thread 8370759d-1d32-452a-979f-1784bc2eb25e after 244 events
2026-01-22 12:56:39,517 - DEBUG - ag_ui_adk.adk_agent - Finished iterating over _stream_events for execution 8370759d-1d32-452a-979f-1784bc2eb25e
2026-01-22 12:56:39,517 - DEBUG - ag_ui_adk.adk_agent - Finished streaming events for execution 8370759d-1d32-452a-979f-1784bc2eb25e
2026-01-22 12:56:39,517 - DEBUG - ag_ui_adk.adk_agent - Emitting RUN_FINISHED for thread 8370759d-1d32-452a-979f-1784bc2eb25e, run dfed0114-9b85-429b-8a83-3db13d081f14
2026-01-22 12:56:39,517 - DEBUG - ag_ui_adk.endpoint - HTTP Response: data: {"type":"RUN_FINISHED","threadId":"8370759d-1d32-452a-979f-1784bc2eb25e","runId":"dfed0114-9b85-429b-8a83-3db13d081f14"}


2026-01-22 12:57:18,921 - INFO - ag_ui_adk.session_manager - Cleanup task cancelled
